sample_id,signer_id,session_id,label_index,label,take,file_path,recorded_at,duration_sec,fps,width,height,camera_index,saved_mirrored,status
S001_01_002,S001,20260807_153956,1,ㄱ,2,S001/01_ㄱ/S001_01_002.mp4,2026-08-07T15:40:20+09:00,4.067,30.0,1280,720,0,False,accepted
S001_01_003,S001,20260807_153956,1,ㄱ,3,S001/01_ㄱ/S001_01_003.mp4,2026-08-07T15:40:28+09:00,4.067,30.0,1280,720,0,False,accepted
S001_01_004,S001,20260807_153956,1,ㄱ,4,S001/01_ㄱ/S001_01_004.mp4,2026-08-07T15:40:36+09:00,4.033,30.0,1280,720,0,False,accepted
S001_01_005,S001,20260807_153956,1,ㄱ,5,S001/01_ㄱ/S001_01_005.mp4,2026-08-07T15:40:45+09:00,4.067,30.0,1280,720,0,False,accepted
S001_01_006,S001,20260807_153956,1,ㄱ,6,S001/01_ㄱ/S001_01_006.mp4,2026-08-07T15:40:53+09:00,4.067,30.0,1280,720,0,False,accepted
S001_01_007,S001,20260807_153956,1,ㄱ,7,S001/01_ㄱ/S001_01_007.mp4,2026-08-07T15:41:13+09:00,4.033,30.0,1280,720,0,False,accepted
S001_01_008,S001,20260807_153956,1,ㄱ,8,S001/01_ㄱ/S001_01_008.mp4,2026-08-07T15:41:21+09:00,4.067,30.0,1280,720,0,False,accepted
S001_01_009,S001,20260807_153956,1,ㄱ,9,S001/01_ㄱ/S001_01_009.mp4,2026-08-07T15:41:30+09:00,4.067,30.0,1280,720,0,False,accepted
S001_01_010,S001,20260807_153956,1,ㄱ,10,S001/01_ㄱ/S001_01_010.mp4,2026-08-07T15:41:38+09:00,4.067,30.0,1280,720,0,False,accepted
S001_02_001,S001,20260807_154456,2,ㄴ,1,S001/02_ㄴ/S001_02_001.mp4,2026-08-07T15:45:30+09:00,4.000,30.0,1280,720,0,False,accepted
S001_02_002,S001,20260807_154456,2,ㄴ,2,S001/02_ㄴ/S001_02_002.mp4,2026-08-07T15:45:38+09:00,4.033,30.0,1280,720,0,False,accepted
S001_02_003,S001,20260807_154456,2,ㄴ,3,S001/02_ㄴ/S001_02_003.mp4,2026-08-07T15:45:56+09:00,4.033,30.0,1280,720,0,False,accepted
S001_02_004,S001,20260807_154456,2,ㄴ,4,S001/02_ㄴ/S001_02_004.mp4,2026-08-07T15:46:04+09:00,4.033,30.0,1280,720,0,False,accepted
S001_02_005,S001,20260807_154456,2,ㄴ,5,S001/02_ㄴ/S001_02_005.mp4,2026-08-07T15:47:06+09:00,4.033,30.0,1280,720,0,False,accepted
S001_02_006,S001,20260807_154456,2,ㄴ,6,S001/02_ㄴ/S001_02_006.mp4,2026-08-07T15:47:13+09:00,4.067,30.0,1280,720,0,False,accepted
S001_02_007,S001,20260807_154456,2,ㄴ,7,S001/02_ㄴ/S001_02_007.mp4,2026-08-07T15:47:21+09:00,4.067,30.0,1280,720,0,False,accepted
S001_02_008,S001,20260807_154456,2,ㄴ,8,S001/02_ㄴ/S001_02_008.mp4,2026-08-07T15:47:29+09:00,4.067,30.0,1280,720,0,False,accepted
S001_02_009,S001,20260807_154456,2,ㄴ,9,S001/02_ㄴ/S001_02_009.mp4,2026-08-07T15:47:37+09:00,4.000,30.0,1280,720,0,False,accepted
S001_02_010,S001,20260807_221112,2,ㄴ,10,S001/02_ㄴ/S001_02_010.mp4,2026-08-07T22:11:45+09:00,4.033,30.0,1280,720,0,False,accepted
S001_02_011,S001,20260807_221112,2,ㄴ,11,S001/02_ㄴ/S001_02_011.mp4,2026-08-07T22:11:54+09:00,4.033,30.0,1280,720,0,False,accepted
S001_02_012,S001,20260807_221112,2,ㄴ,12,S001/02_ㄴ/S001_02_012.mp4,2026-08-07T22:12:02+09:00,4.067,30.0,1280,720,0,False,accepted
S001_02_013,S001,20260807_221112,2,ㄴ,13,S001/02_ㄴ/S001_02_013.mp4,2026-08-07T22:12:10+09:00,4.067,30.0,1280,720,0,False,accepted
S001_02_014,S001,20260807_221112,2,ㄴ,14,S001/02_ㄴ/S001_02_014.mp4,2026-08-07T22:12:19+09:00,4.033,30.0,1280,720,0,False,accepted
S001_02_015,S001,20260807_221112,2,ㄴ,15,S001/02_ㄴ/S001_02_015.mp4,2026-08-07T22:12:27+09:00,4.067,30.0,1280,720,0,False,accepted
S001_02_016,S001,20260807_221112,2,ㄴ,16,S001/02_ㄴ/S001_02_016.mp4,2026-08-07T22:12:35+09:00,4.067,30.0,1280,720,0,False,accepted
S001_02_017,S001,20260807_221112,2,ㄴ,17,S001/02_ㄴ/S001_02_017.mp4,2026-08-07T22:12:43+09:00,4.067,30.0,1280,720,0,False,accepted
S001_02_018,S001,20260807_221112,2,ㄴ,18,S001/02_ㄴ/S001_02_018.mp4,2026-08-07T22:12:51+09:00,4.067,30.0,1280,720,0,False,accepted
S001_02_019,S001,20260807_221112,2,ㄴ,19,S001/02_ㄴ/S001_02_019.mp4,2026-08-07T22:12:59+09:00,4.067,30.0,1280,720,0,False,accepted
S001_03_001,S001,20260807_154456,3,ㄷ,1,S001/03_ㄷ/S001_03_001.mp4,2026-08-07T15:48:10+09:00,3.867,30.0,1280,720,0,False,accepted
S001_03_002,S001,20260807_154456,3,ㄷ,2,S001/03_ㄷ/S001_03_002.mp4,2026-08-07T15:48:18+09:00,4.033,30.0,1280,720,0,False,accepted
S001_03_003,S001,20260807_154456,3,ㄷ,3,S001/03_ㄷ/S001_03_003.mp4,2026-08-07T15:48:26+09:00,4.067,30.0,1280,720,0,False,accepted
S001_03_004,S001,20260807_154456,3,ㄷ,4,S001/03_ㄷ/S001_03_004.mp4,2026-08-07T15:48:34+09:00,4.067,30.0,1280,720,0,False,accepted
S001_03_005,S001,20260807_154456,3,ㄷ,5,S001/03_ㄷ/S001_03_005.mp4,2026-08-07T15:48:42+09:00,4.033,30.0,1280,720,0,False,accepted
S001_03_006,S001,20260807_154456,3,ㄷ,6,S001/03_ㄷ/S001_03_006.mp4,2026-08-07T15:48:50+09:00,4.067,30.0,1280,720,0,False,accepted
S001_03_007,S001,20260807_154456,3,ㄷ,7,S001/03_ㄷ/S001_03_007.mp4,2026-08-07T15:48:58+09:00,4.067,30.0,1280,720,0,False,accepted
S001_03_008,S001,20260807_154456,3,ㄷ,8,S001/03_ㄷ/S001_03_008.mp4,2026-08-07T15:49:06+09:00,4.067,30.0,1280,720,0,False,accepted
S001_03_009,S001,20260807_154456,3,ㄷ,9,S001/03_ㄷ/S001_03_009.mp4,2026-08-07T15:49:14+09:00,4.067,30.0,1280,720,0,False,accepted
S001_04_001,S001,20260807_221311,4,ㄹ,1,S001/04_ㄹ/S001_04_001.mp4,2026-08-07T22:13:29+09:00,4.0,30.0,1280,720,0,False,accepted
S001_04_002,S001,20260807_221311,4,ㄹ,2,S001/04_ㄹ/S001_04_002.mp4,2026-08-07T22:13:37+09:00,4.067,30.0,1280,720,0,False,accepted
S001_04_003,S001,20260807_221311,4,ㄹ,3,S001/04_ㄹ/S001_04_003.mp4,2026-08-07T22:13:45+09:00,4.067,30.0,1280,720,0,False,accepted
S001_04_004,S001,20260807_221311,4,ㄹ,4,S001/04_ㄹ/S001_04_004.mp4,2026-08-07T22:13:52+09:00,4.067,30.0,1280,720,0,False,accepted
S001_04_005,S001,20260807_221311,4,ㄹ,5,S001/04_ㄹ/S001_04_005.mp4,2026-08-07T22:14:00+09:00,4.067,30.0,1280,720,0,False,accepted
S001_04_006,S001,20260807_221311,4,ㄹ,6,S001/04_ㄹ/S001_04_006.mp4,2026-08-07T22:14:08+09:00,4.067,30.0,1280,720,0,False,accepted
S001_04_007,S001,20260807_221311,4,ㄹ,7,S001/04_ㄹ/S001_04_007.mp4,2026-08-07T22:14:16+09:00,4.067,30.0,1280,720,0,False,accepted
S001_04_008,S001,20260807_221311,4,ㄹ,8,S001/04_ㄹ/S001_04_008.mp4,2026-08-07T22:14:24+09:00,4.067,30.0,1280,720,0,False,accepted
S001_04_009,S001,20260807_221311,4,ㄹ,9,S001/04_ㄹ/S001_04_009.mp4,2026-08-07T22:14:32+09:00,4.067,30.0,1280,720,0,False,accepted
S001_04_010,S001,20260807_221311,4,ㄹ,10,S001/04_ㄹ/S001_04_010.mp4,2026-08-07T22:14:40+09:00,4.067,30.0,1280,720,0,False,accepted
S001_05_001,S001,20260807_221311,5,ㅁ,1,S001/05_ㅁ/S001_05_001.mp4,2026-08-07T22:16:11+09:00,4.0,30.0,1280,720,0,False,accepted
S001_05_002,S001,20260807_221311,5,ㅁ,2,S001/05_ㅁ/S001_05_002.mp4,2026-08-07T22:16:19+09:00,4.067,30.0,1280,720,0,False,accepted
S001_05_003,S001,20260807_221311,5,ㅁ,3,S001/05_ㅁ/S001_05_003.mp4,2026-08-07T22:16:27+09:00,4.067,30.0,1280,720,0,False,accepted
S001_05_004,S001,20260807_221311,5,ㅁ,4,S001/05_ㅁ/S001_05_004.mp4,2026-08-07T22:16:35+09:00,4.0,30.0,1280,720,0,False,accepted
S001_05_005,S001,20260807_221311,5,ㅁ,5,S001/05_ㅁ/S001_05_005.mp4,2026-08-07T22:16:43+09:00,4.067,30.0,1280,720,0,False,accepted
S001_05_006,S001,20260807_221311,5,ㅁ,6,S001/05_ㅁ/S001_05_006.mp4,2026-08-07T22:16:51+09:00,4.067,30.0,1280,720,0,False,accepted
S001_05_007,S001,20260807_221311,5,ㅁ,7,S001/05_ㅁ/S001_05_007.mp4,2026-08-07T22:17:00+09:00,4.067,30.0,1280,720,0,False,accepted
S001_05_008,S001,20260807_221311,5,ㅁ,8,S001/05_ㅁ/S001_05_008.mp4,2026-08-07T22:17:08+09:00,4.033,30.0,1280,720,0,False,accepted
S001_05_009,S001,20260807_221311,5,ㅁ,9,S001/05_ㅁ/S001_05_009.mp4,2026-08-07T22:17:15+09:00,4.067,30.0,1280,720,0,False,accepted
S001_05_010,S001,20260807_221311,5,ㅁ,10,S001/05_ㅁ/S001_05_010.mp4,2026-08-07T22:17:23+09:00,4.067,30.0,1280,720,0,False,accepted
S001_05_011,S001,20260807_221311,5,ㅁ,11,S001/05_ㅁ/S001_05_011.mp4,2026-08-07T22:17:50+09:00,4.033,30.0,1280,720,0,False,accepted
S001_06_001,S001,20260807_221311,6,ㅂ,1,S001/06_ㅂ/S001_06_001.mp4,2026-08-07T22:18:05+09:00,4.067,30.0,1280,720,0,False,accepted
S001_06_002,S001,20260807_221311,6,ㅂ,2,S001/06_ㅂ/S001_06_002.mp4,2026-08-07T22:18:14+09:00,4.067,30.0,1280,720,0,False,accepted
S001_06_003,S001,20260807_221311,6,ㅂ,3,S001/06_ㅂ/S001_06_003.mp4,2026-08-07T22:18:23+09:00,4.067,30.0,1280,720,0,False,accepted
S001_06_004,S001,20260807_221311,6,ㅂ,4,S001/06_ㅂ/S001_06_004.mp4,2026-08-07T22:18:31+09:00,4.067,30.0,1280,720,0,False,accepted
S001_06_005,S001,20260807_221311,6,ㅂ,5,S001/06_ㅂ/S001_06_005.mp4,2026-08-07T22:18:39+09:00,4.067,30.0,1280,720,0,False,accepted
S001_06_006,S001,20260807_221311,6,ㅂ,6,S001/06_ㅂ/S001_06_006.mp4,2026-08-07T22:18:47+09:00,4.067,30.0,1280,720,0,False,accepted
S001_06_007,S001,20260807_221311,6,ㅂ,7,S001/06_ㅂ/S001_06_007.mp4,2026-08-07T22:18:55+09:00,4.067,30.0,1280,720,0,False,accepted
S001_06_008,S001,20260807_221311,6,ㅂ,8,S001/06_ㅂ/S001_06_008.mp4,2026-08-07T22:19:03+09:00,4.067,30.0,1280,720,0,False,accepted
S001_06_009,S001,20260807_221311,6,ㅂ,9,S001/06_ㅂ/S001_06_009.mp4,2026-08-07T22:19:11+09:00,4.067,30.0,1280,720,0,False,accepted
S001_06_010,S001,20260807_221311,6,ㅂ,10,S001/06_ㅂ/S001_06_010.mp4,2026-08-07T22:19:20+09:00,4.067,30.0,1280,720,0,False,accepted
S001_07_003,S001,20260807_222926,7,ㅅ,3,S001/07_ㅅ/S001_07_003.mp4,2026-08-07T22:30:14+09:00,4.067,30.0,1280,720,0,False,accepted
S001_07_004,S001,20260807_222926,7,ㅅ,4,S001/07_ㅅ/S001_07_004.mp4,2026-08-07T22:30:22+09:00,4.067,30.0,1280,720,0,False,accepted
S001_07_005,S001,20260807_222926,7,ㅅ,5,S001/07_ㅅ/S001_07_005.mp4,2026-08-07T22:30:30+09:00,4.067,30.0,1280,720,0,False,accepted
S001_07_006,S001,20260807_222926,7,ㅅ,6,S001/07_ㅅ/S001_07_006.mp4,2026-08-07T22:30:38+09:00,4.067,30.0,1280,720,0,False,accepted
S001_07_007,S001,20260807_222926,7,ㅅ,7,S001/07_ㅅ/S001_07_007.mp4,2026-08-07T22:30:46+09:00,4.067,30.0,1280,720,0,False,accepted
S001_07_008,S001,20260807_222926,7,ㅅ,8,S001/07_ㅅ/S001_07_008.mp4,2026-08-07T22:30:54+09:00,4.067,30.0,1280,720,0,False,accepted
S001_07_009,S001,20260807_222926,7,ㅅ,9,S001/07_ㅅ/S001_07_009.mp4,2026-08-07T22:31:03+09:00,4.067,30.0,1280,720,0,False,accepted
S001_07_010,S001,20260807_222926,7,ㅅ,10,S001/07_ㅅ/S001_07_010.mp4,2026-08-07T22:31:11+09:00,4.067,30.0,1280,720,0,False,accepted
S001_07_011,S001,20260807_222926,7,ㅅ,11,S001/07_ㅅ/S001_07_011.mp4,2026-08-07T22:31:19+09:00,4.067,30.0,1280,720,0,False,accepted
S001_08_001,S001,20260807_223557,8,ㅇ,1,S001/08_ㅇ/S001_08_001.mp4,2026-08-07T22:36:21+09:00,4.033,30.0,1280,720,0,False,accepted
S001_08_002,S001,20260807_223557,8,ㅇ,2,S001/08_ㅇ/S001_08_002.mp4,2026-08-07T22:36:29+09:00,4.067,30.0,1280,720,0,False,accepted
S001_08_003,S001,20260807_223557,8,ㅇ,3,S001/08_ㅇ/S001_08_003.mp4,2026-08-07T22:36:37+09:00,4.067,30.0,1280,720,0,False,accepted
S001_08_004,S001,20260807_223557,8,ㅇ,4,S001/08_ㅇ/S001_08_004.mp4,2026-08-07T22:36:45+09:00,4.067,30.0,1280,720,0,False,accepted
S001_08_005,S001,20260807_223557,8,ㅇ,5,S001/08_ㅇ/S001_08_005.mp4,2026-08-07T22:36:53+09:00,4.067,30.0,1280,720,0,False,accepted
S001_08_006,S001,20260807_223557,8,ㅇ,6,S001/08_ㅇ/S001_08_006.mp4,2026-08-07T22:37:01+09:00,4.067,30.0,1280,720,0,False,accepted
S001_08_007,S001,20260807_223557,8,ㅇ,7,S001/08_ㅇ/S001_08_007.mp4,2026-08-07T22:37:09+09:00,4.067,30.0,1280,720,0,False,accepted
S001_08_008,S001,20260807_223557,8,ㅇ,8,S001/08_ㅇ/S001_08_008.mp4,2026-08-07T22:37:17+09:00,4.067,30.0,1280,720,0,False,accepted
S001_08_009,S001,20260807_223557,8,ㅇ,9,S001/08_ㅇ/S001_08_009.mp4,2026-08-07T22:37:26+09:00,4.067,30.0,1280,720,0,False,accepted
S001_08_010,S001,20260807_223557,8,ㅇ,10,S001/08_ㅇ/S001_08_010.mp4,2026-08-07T22:37:33+09:00,4.067,30.0,1280,720,0,False,accepted
S001_09_001,S001,20260807_223557,9,ㅈ,1,S001/09_ㅈ/S001_09_001.mp4,2026-08-07T22:37:49+09:00,4.067,30.0,1280,720,0,False,accepted
S001_09_002,S001,20260807_223557,9,ㅈ,2,S001/09_ㅈ/S001_09_002.mp4,2026-08-07T22:37:58+09:00,4.067,30.0,1280,720,0,False,accepted
S001_09_003,S001,20260807_223557,9,ㅈ,3,S001/09_ㅈ/S001_09_003.mp4,2026-08-07T22:38:06+09:00,4.067,30.0,1280,720,0,False,accepted
S001_09_004,S001,20260807_223557,9,ㅈ,4,S001/09_ㅈ/S001_09_004.mp4,2026-08-07T22:38:14+09:00,4.067,30.0,1280,720,0,False,accepted
S001_09_005,S001,20260807_223557,9,ㅈ,5,S001/09_ㅈ/S001_09_005.mp4,2026-08-07T22:38:22+09:00,4.067,30.0,1280,720,0,False,accepted
S001_09_006,S001,20260807_223557,9,ㅈ,6,S001/09_ㅈ/S001_09_006.mp4,2026-08-07T22:38:30+09:00,4.067,30.0,1280,720,0,False,accepted
S001_09_007,S001,20260807_223557,9,ㅈ,7,S001/09_ㅈ/S001_09_007.mp4,2026-08-07T22:38:37+09:00,4.067,30.0,1280,720,0,False,accepted
S001_09_008,S001,20260807_223557,9,ㅈ,8,S001/09_ㅈ/S001_09_008.mp4,2026-08-07T22:38:45+09:00,4.067,30.0,1280,720,0,False,accepted
S001_09_009,S001,20260807_223557,9,ㅈ,9,S001/09_ㅈ/S001_09_009.mp4,2026-08-07T22:38:54+09:00,4.067,30.0,1280,720,0,False,accepted
S001_10_001,S001,20260807_223557,10,ㅊ,1,S001/10_ㅊ/S001_10_001.mp4,2026-08-07T22:40:41+09:00,4.033,30.0,1280,720,0,False,accepted
S001_10_002,S001,20260807_223557,10,ㅊ,2,S001/10_ㅊ/S001_10_002.mp4,2026-08-07T22:40:52+09:00,4.067,30.0,1280,720,0,False,accepted
S001_10_003,S001,20260807_223557,10,ㅊ,3,S001/10_ㅊ/S001_10_003.mp4,2026-08-07T22:41:00+09:00,4.067,30.0,1280,720,0,False,accepted
S001_10_004,S001,20260807_223557,10,ㅊ,4,S001/10_ㅊ/S001_10_004.mp4,2026-08-07T22:41:08+09:00,4.033,30.0,1280,720,0,False,accepted
S001_10_005,S001,20260807_223557,10,ㅊ,5,S001/10_ㅊ/S001_10_005.mp4,2026-08-07T22:41:17+09:00,4.067,30.0,1280,720,0,False,accepted
S001_10_006,S001,20260807_223557,10,ㅊ,6,S001/10_ㅊ/S001_10_006.mp4,2026-08-07T22:41:29+09:00,4.067,30.0,1280,720,0,False,accepted
S001_10_007,S001,20260807_223557,10,ㅊ,7,S001/10_ㅊ/S001_10_007.mp4,2026-08-07T22:41:38+09:00,4.067,30.0,1280,720,0,False,accepted
S001_10_008,S001,20260807_223557,10,ㅊ,8,S001/10_ㅊ/S001_10_008.mp4,2026-08-07T22:41:48+09:00,4.067,30.0,1280,720,0,False,accepted
S001_11_001,S001,20260807_223557,11,ㅋ,1,S001/11_ㅋ/S001_11_001.mp4,2026-08-07T22:44:27+09:00,4.033,30.0,1280,720,0,False,accepted
S001_11_002,S001,20260807_223557,11,ㅋ,2,S001/11_ㅋ/S001_11_002.mp4,2026-08-07T22:44:35+09:00,4.067,30.0,1280,720,0,False,accepted
S001_11_003,S001,20260807_223557,11,ㅋ,3,S001/11_ㅋ/S001_11_003.mp4,2026-08-07T22:44:43+09:00,4.067,30.0,1280,720,0,False,accepted
S001_11_004,S001,20260807_223557,11,ㅋ,4,S001/11_ㅋ/S001_11_004.mp4,2026-08-07T22:44:52+09:00,4.067,30.0,1280,720,0,False,accepted
S001_11_005,S001,20260807_223557,11,ㅋ,5,S001/11_ㅋ/S001_11_005.mp4,2026-08-07T22:45:00+09:00,4.067,30.0,1280,720,0,False,accepted
S001_11_006,S001,20260807_223557,11,ㅋ,6,S001/11_ㅋ/S001_11_006.mp4,2026-08-07T22:45:08+09:00,4.067,30.0,1280,720,0,False,accepted
S001_11_007,S001,20260807_223557,11,ㅋ,7,S001/11_ㅋ/S001_11_007.mp4,2026-08-07T22:45:16+09:00,4.067,30.0,1280,720,0,False,accepted
S001_11_008,S001,20260807_223557,11,ㅋ,8,S001/11_ㅋ/S001_11_008.mp4,2026-08-07T22:45:24+09:00,4.067,30.0,1280,720,0,False,accepted
S001_11_009,S001,20260807_223557,11,ㅋ,9,S001/11_ㅋ/S001_11_009.mp4,2026-08-07T22:45:33+09:00,4.067,30.0,1280,720,0,False,accepted
S001_12_001,S001,20260807_225552,12,ㅌ,1,S001/12_ㅌ/S001_12_001.mp4,2026-08-07T22:57:05+09:00,4.033,30.0,1280,720,0,False,accepted
S001_12_002,S001,20260807_225552,12,ㅌ,2,S001/12_ㅌ/S001_12_002.mp4,2026-08-07T22:57:16+09:00,4.067,30.0,1280,720,0,False,accepted
S001_12_003,S001,20260807_225552,12,ㅌ,3,S001/12_ㅌ/S001_12_003.mp4,2026-08-07T22:57:25+09:00,4.067,30.0,1280,720,0,False,accepted
S001_12_004,S001,20260807_225552,12,ㅌ,4,S001/12_ㅌ/S001_12_004.mp4,2026-08-07T22:57:33+09:00,4.033,30.0,1280,720,0,False,accepted
S001_12_005,S001,20260807_225552,12,ㅌ,5,S001/12_ㅌ/S001_12_005.mp4,2026-08-07T22:57:41+09:00,4.067,30.0,1280,720,0,False,accepted
S001_12_006,S001,20260807_225552,12,ㅌ,6,S001/12_ㅌ/S001_12_006.mp4,2026-08-07T22:57:50+09:00,4.067,30.0,1280,720,0,False,accepted
S001_12_007,S001,20260807_225552,12,ㅌ,7,S001/12_ㅌ/S001_12_007.mp4,2026-08-07T22:57:58+09:00,4.067,30.0,1280,720,0,False,accepted
S001_12_008,S001,20260807_225552,12,ㅌ,8,S001/12_ㅌ/S001_12_008.mp4,2026-08-07T22:58:06+09:00,4.067,30.0,1280,720,0,False,accepted
S001_12_009,S001,20260807_225552,12,ㅌ,9,S001/12_ㅌ/S001_12_009.mp4,2026-08-07T22:58:20+09:00,4.033,30.0,1280,720,0,False,accepted
S001_12_010,S001,20260807_225552,12,ㅌ,10,S001/12_ㅌ/S001_12_010.mp4,2026-08-07T22:58:28+09:00,4.067,30.0,1280,720,0,False,accepted
S001_12_011,S001,20260807_225552,12,ㅌ,11,S001/12_ㅌ/S001_12_011.mp4,2026-08-07T22:58:37+09:00,4.067,30.0,1280,720,0,False,accepted
S001_13_002,S001,20260807_225933,13,ㅍ,2,S001/13_ㅍ/S001_13_002.mp4,2026-08-07T23:00:01+09:00,4.067,30.0,1280,720,0,False,accepted
S001_13_003,S001,20260807_225933,13,ㅍ,3,S001/13_ㅍ/S001_13_003.mp4,2026-08-07T23:00:09+09:00,4.067,30.0,1280,720,0,False,accepted
S001_13_004,S001,20260807_225933,13,ㅍ,4,S001/13_ㅍ/S001_13_004.mp4,2026-08-07T23:00:17+09:00,4.067,30.0,1280,720,0,False,accepted
S001_13_005,S001,20260807_225933,13,ㅍ,5,S001/13_ㅍ/S001_13_005.mp4,2026-08-07T23:00:25+09:00,4.067,30.0,1280,720,0,False,accepted
S001_13_006,S001,20260807_225933,13,ㅍ,6,S001/13_ㅍ/S001_13_006.mp4,2026-08-07T23:00:33+09:00,4.067,30.0,1280,720,0,False,accepted
S001_13_007,S001,20260807_225933,13,ㅍ,7,S001/13_ㅍ/S001_13_007.mp4,2026-08-07T23:00:41+09:00,4.067,30.0,1280,720,0,False,accepted
S001_13_008,S001,20260807_225933,13,ㅍ,8,S001/13_ㅍ/S001_13_008.mp4,2026-08-07T23:00:49+09:00,3.967,30.0,1280,720,0,False,accepted
S001_13_009,S001,20260807_225933,13,ㅍ,9,S001/13_ㅍ/S001_13_009.mp4,2026-08-07T23:00:57+09:00,4.067,30.0,1280,720,0,False,accepted
S001_13_010,S001,20260807_225933,13,ㅍ,10,S001/13_ㅍ/S001_13_010.mp4,2026-08-07T23:01:06+09:00,4.067,30.0,1280,720,0,False,accepted
S001_14_001,S001,20260807_225933,14,ㅎ,1,S001/14_ㅎ/S001_14_001.mp4,2026-08-07T23:01:55+09:00,4.033,30.0,1280,720,0,False,accepted
S001_14_002,S001,20260807_225933,14,ㅎ,2,S001/14_ㅎ/S001_14_002.mp4,2026-08-07T23:02:19+09:00,4.033,30.0,1280,720,0,False,accepted
S001_14_003,S001,20260807_225933,14,ㅎ,3,S001/14_ㅎ/S001_14_003.mp4,2026-08-07T23:02:27+09:00,4.067,30.0,1280,720,0,False,accepted
S001_14_004,S001,20260807_225933,14,ㅎ,4,S001/14_ㅎ/S001_14_004.mp4,2026-08-07T23:02:35+09:00,4.067,30.0,1280,720,0,False,accepted
S001_14_005,S001,20260807_225933,14,ㅎ,5,S001/14_ㅎ/S001_14_005.mp4,2026-08-07T23:02:43+09:00,4.067,30.0,1280,720,0,False,accepted
S001_14_006,S001,20260807_225933,14,ㅎ,6,S001/14_ㅎ/S001_14_006.mp4,2026-08-07T23:02:52+09:00,4.067,30.0,1280,720,0,False,accepted
S001_14_007,S001,20260807_225933,14,ㅎ,7,S001/14_ㅎ/S001_14_007.mp4,2026-08-07T23:03:00+09:00,4.067,30.0,1280,720,0,False,accepted
S001_14_008,S001,20260807_225933,14,ㅎ,8,S001/14_ㅎ/S001_14_008.mp4,2026-08-07T23:03:08+09:00,4.033,30.0,1280,720,0,False,accepted
S001_14_009,S001,20260807_225933,14,ㅎ,9,S001/14_ㅎ/S001_14_009.mp4,2026-08-07T23:03:19+09:00,4.067,30.0,1280,720,0,False,accepted
S001_14_010,S001,20260807_225933,14,ㅎ,10,S001/14_ㅎ/S001_14_010.mp4,2026-08-07T23:03:27+09:00,4.067,30.0,1280,720,0,False,accepted
S001_15_001,S001,20260817_164549,15,ㄲ,1,S001/15_ㄲ/S001_15_001.mp4,2026-08-17T16:46:43+09:00,4.033,30.0,1280,720,0,False,accepted
S001_15_002,S001,20260817_164549,15,ㄲ,2,S001/15_ㄲ/S001_15_002.mp4,2026-08-17T16:46:51+09:00,4.067,30.0,1280,720,0,False,accepted
S001_15_003,S001,20260817_164549,15,ㄲ,3,S001/15_ㄲ/S001_15_003.mp4,2026-08-17T16:46:59+09:00,4.067,30.0,1280,720,0,False,accepted
S001_15_004,S001,20260817_164549,15,ㄲ,4,S001/15_ㄲ/S001_15_004.mp4,2026-08-17T16:47:07+09:00,4.067,30.0,1280,720,0,False,accepted
S001_15_005,S001,20260817_164549,15,ㄲ,5,S001/15_ㄲ/S001_15_005.mp4,2026-08-17T16:47:15+09:00,4.067,30.0,1280,720,0,False,accepted
S001_15_006,S001,20260817_164549,15,ㄲ,6,S001/15_ㄲ/S001_15_006.mp4,2026-08-17T16:47:23+09:00,4.067,30.0,1280,720,0,False,accepted
S001_15_007,S001,20260817_164549,15,ㄲ,7,S001/15_ㄲ/S001_15_007.mp4,2026-08-17T16:47:31+09:00,4.067,30.0,1280,720,0,False,accepted
S001_15_008,S001,20260817_164549,15,ㄲ,8,S001/15_ㄲ/S001_15_008.mp4,2026-08-17T16:47:39+09:00,4.067,30.0,1280,720,0,False,accepted
S001_15_009,S001,20260817_164549,15,ㄲ,9,S001/15_ㄲ/S001_15_009.mp4,2026-08-17T16:47:47+09:00,4.067,30.0,1280,720,0,False,accepted
S001_15_010,S001,20260817_164549,15,ㄲ,10,S001/15_ㄲ/S001_15_010.mp4,2026-08-17T16:47:55+09:00,4.067,30.0,1280,720,0,False,accepted
S001_15_011,S001,20260817_164549,15,ㄲ,11,S001/15_ㄲ/S001_15_011.mp4,2026-08-17T16:48:03+09:00,4.067,30.0,1280,720,0,False,accepted
S001_15_012,S001,20260817_164549,15,ㄲ,12,S001/15_ㄲ/S001_15_012.mp4,2026-08-17T16:48:12+09:00,4.067,30.0,1280,720,0,False,accepted
S001_16_001,S001,20260817_164549,16,ㄸ,1,S001/16_ㄸ/S001_16_001.mp4,2026-08-17T16:48:55+09:00,4.033,30.0,1280,720,0,False,accepted
S001_16_002,S001,20260817_164549,16,ㄸ,2,S001/16_ㄸ/S001_16_002.mp4,2026-08-17T16:49:03+09:00,4.067,30.0,1280,720,0,False,accepted
S001_16_003,S001,20260817_164549,16,ㄸ,3,S001/16_ㄸ/S001_16_003.mp4,2026-08-17T16:49:11+09:00,4.067,30.0,1280,720,0,False,accepted
S001_16_004,S001,20260817_164549,16,ㄸ,4,S001/16_ㄸ/S001_16_004.mp4,2026-08-17T16:49:19+09:00,4.067,30.0,1280,720,0,False,accepted
S001_16_005,S001,20260817_164549,16,ㄸ,5,S001/16_ㄸ/S001_16_005.mp4,2026-08-17T16:49:27+09:00,4.067,30.0,1280,720,0,False,accepted
S001_16_006,S001,20260817_164549,16,ㄸ,6,S001/16_ㄸ/S001_16_006.mp4,2026-08-17T16:49:35+09:00,4.067,30.0,1280,720,0,False,accepted
S001_16_007,S001,20260817_164549,16,ㄸ,7,S001/16_ㄸ/S001_16_007.mp4,2026-08-17T16:49:43+09:00,4.067,30.0,1280,720,0,False,accepted
S001_16_008,S001,20260817_164549,16,ㄸ,8,S001/16_ㄸ/S001_16_008.mp4,2026-08-17T16:49:51+09:00,4.067,30.0,1280,720,0,False,accepted
S001_16_009,S001,20260817_164549,16,ㄸ,9,S001/16_ㄸ/S001_16_009.mp4,2026-08-17T16:49:59+09:00,3.7,30.0,1280,720,0,False,accepted
S001_16_010,S001,20260817_164549,16,ㄸ,10,S001/16_ㄸ/S001_16_010.mp4,2026-08-17T16:50:07+09:00,4.067,30.0,1280,720,0,False,accepted
S001_16_011,S001,20260817_164549,16,ㄸ,11,S001/16_ㄸ/S001_16_011.mp4,2026-08-17T16:50:15+09:00,4.067,30.0,1280,720,0,False,accepted
S001_16_012,S001,20260817_164549,16,ㄸ,12,S001/16_ㄸ/S001_16_012.mp4,2026-08-17T16:50:23+09:00,4.067,30.0,1280,720,0,False,accepted
S001_17_001,S001,20260817_164549,17,ㅃ,1,S001/17_ㅃ/S001_17_001.mp4,2026-08-17T16:51:55+09:00,4.033,30.0,1280,720,0,False,accepted
S001_17_002,S001,20260817_164549,17,ㅃ,2,S001/17_ㅃ/S001_17_002.mp4,2026-08-17T16:52:03+09:00,4.067,30.0,1280,720,0,False,accepted
S001_17_003,S001,20260817_164549,17,ㅃ,3,S001/17_ㅃ/S001_17_003.mp4,2026-08-17T16:52:11+09:00,4.067,30.0,1280,720,0,False,accepted
S001_17_004,S001,20260817_164549,17,ㅃ,4,S001/17_ㅃ/S001_17_004.mp4,2026-08-17T16:52:19+09:00,4.067,30.0,1280,720,0,False,accepted
S001_17_005,S001,20260817_164549,17,ㅃ,5,S001/17_ㅃ/S001_17_005.mp4,2026-08-17T16:52:27+09:00,4.067,30.0,1280,720,0,False,accepted
S001_17_006,S001,20260817_164549,17,ㅃ,6,S001/17_ㅃ/S001_17_006.mp4,2026-08-17T16:52:35+09:00,4.067,30.0,1280,720,0,False,accepted
S001_17_007,S001,20260817_164549,17,ㅃ,7,S001/17_ㅃ/S001_17_007.mp4,2026-08-17T16:52:43+09:00,4.067,30.0,1280,720,0,False,accepted
S001_17_008,S001,20260817_164549,17,ㅃ,8,S001/17_ㅃ/S001_17_008.mp4,2026-08-17T16:52:51+09:00,4.067,30.0,1280,720,0,False,accepted
S001_17_009,S001,20260817_164549,17,ㅃ,9,S001/17_ㅃ/S001_17_009.mp4,2026-08-17T16:52:59+09:00,4.067,30.0,1280,720,0,False,accepted
S001_17_010,S001,20260817_164549,17,ㅃ,10,S001/17_ㅃ/S001_17_010.mp4,2026-08-17T16:53:07+09:00,4.067,30.0,1280,720,0,False,accepted
S001_17_011,S001,20260817_164549,17,ㅃ,11,S001/17_ㅃ/S001_17_011.mp4,2026-08-17T16:53:15+09:00,4.067,30.0,1280,720,0,False,accepted
S001_17_012,S001,20260817_164549,17,ㅃ,12,S001/17_ㅃ/S001_17_012.mp4,2026-08-17T16:53:23+09:00,4.067,30.0,1280,720,0,False,accepted
S001_18_001,S001,20260817_164549,18,ㅆ,1,S001/18_ㅆ/S001_18_001.mp4,2026-08-17T16:54:03+09:00,4.033,30.0,1280,720,0,False,accepted
S001_18_002,S001,20260817_164549,18,ㅆ,2,S001/18_ㅆ/S001_18_002.mp4,2026-08-17T16:54:11+09:00,4.0,30.0,1280,720,0,False,accepted
S001_18_003,S001,20260817_164549,18,ㅆ,3,S001/18_ㅆ/S001_18_003.mp4,2026-08-17T16:54:19+09:00,4.067,30.0,1280,720,0,False,accepted
S001_18_004,S001,20260817_164549,18,ㅆ,4,S001/18_ㅆ/S001_18_004.mp4,2026-08-17T16:54:28+09:00,4.067,30.0,1280,720,0,False,accepted
S001_18_005,S001,20260817_164549,18,ㅆ,5,S001/18_ㅆ/S001_18_005.mp4,2026-08-17T16:54:36+09:00,4.067,30.0,1280,720,0,False,accepted
S001_18_006,S001,20260817_164549,18,ㅆ,6,S001/18_ㅆ/S001_18_006.mp4,2026-08-17T16:54:44+09:00,4.067,30.0,1280,720,0,False,accepted
S001_18_007,S001,20260817_164549,18,ㅆ,7,S001/18_ㅆ/S001_18_007.mp4,2026-08-17T16:54:52+09:00,4.067,30.0,1280,720,0,False,accepted
S001_18_008,S001,20260817_164549,18,ㅆ,8,S001/18_ㅆ/S001_18_008.mp4,2026-08-17T16:55:01+09:00,4.067,30.0,1280,720,0,False,accepted
S001_18_009,S001,20260817_164549,18,ㅆ,9,S001/18_ㅆ/S001_18_009.mp4,2026-08-17T16:55:09+09:00,4.067,30.0,1280,720,0,False,accepted
S001_18_010,S001,20260817_164549,18,ㅆ,10,S001/18_ㅆ/S001_18_010.mp4,2026-08-17T16:55:17+09:00,4.067,30.0,1280,720,0,False,accepted
S001_18_011,S001,20260817_164549,18,ㅆ,11,S001/18_ㅆ/S001_18_011.mp4,2026-08-17T16:55:25+09:00,4.067,30.0,1280,720,0,False,accepted
S001_18_012,S001,20260817_164549,18,ㅆ,12,S001/18_ㅆ/S001_18_012.mp4,2026-08-17T16:55:33+09:00,4.067,30.0,1280,720,0,False,accepted
S001_19_001,S001,20260817_164549,19,ㅉ,1,S001/19_ㅉ/S001_19_001.mp4,2026-08-17T16:55:48+09:00,4.067,30.0,1280,720,0,False,accepted
S001_19_002,S001,20260817_164549,19,ㅉ,2,S001/19_ㅉ/S001_19_002.mp4,2026-08-17T16:55:55+09:00,4.067,30.0,1280,720,0,False,accepted
S001_19_003,S001,20260817_164549,19,ㅉ,3,S001/19_ㅉ/S001_19_003.mp4,2026-08-17T16:56:05+09:00,4.067,30.0,1280,720,0,False,accepted
S001_19_004,S001,20260817_164549,19,ㅉ,4,S001/19_ㅉ/S001_19_004.mp4,2026-08-17T16:56:13+09:00,4.067,30.0,1280,720,0,False,accepted
S001_19_005,S001,20260817_164549,19,ㅉ,5,S001/19_ㅉ/S001_19_005.mp4,2026-08-17T16:56:21+09:00,4.067,30.0,1280,720,0,False,accepted
S001_19_006,S001,20260817_164549,19,ㅉ,6,S001/19_ㅉ/S001_19_006.mp4,2026-08-17T16:56:29+09:00,4.067,30.0,1280,720,0,False,accepted
S001_19_007,S001,20260817_164549,19,ㅉ,7,S001/19_ㅉ/S001_19_007.mp4,2026-08-17T16:56:37+09:00,4.067,30.0,1280,720,0,False,accepted
S001_19_008,S001,20260817_164549,19,ㅉ,8,S001/19_ㅉ/S001_19_008.mp4,2026-08-17T16:56:45+09:00,4.067,30.0,1280,720,0,False,accepted
S001_19_009,S001,20260817_164549,19,ㅉ,9,S001/19_ㅉ/S001_19_009.mp4,2026-08-17T16:56:53+09:00,4.067,30.0,1280,720,0,False,accepted
S001_19_010,S001,20260817_164549,19,ㅉ,10,S001/19_ㅉ/S001_19_010.mp4,2026-08-17T16:57:01+09:00,4.067,30.0,1280,720,0,False,accepted
S001_19_011,S001,20260817_164549,19,ㅉ,11,S001/19_ㅉ/S001_19_011.mp4,2026-08-17T16:57:09+09:00,4.067,30.0,1280,720,0,False,accepted
S001_19_012,S001,20260817_164549,19,ㅉ,12,S001/19_ㅉ/S001_19_012.mp4,2026-08-17T16:57:17+09:00,4.067,30.0,1280,720,0,False,accepted
S001_20_002,S001,20260813_174539,20,ㅏ,2,S001/20_ㅏ/S001_20_002.mp4,2026-08-13T18:18:58+09:00,4.067,30.0,1280,720,0,False,accepted
S001_20_003,S001,20260813_174539,20,ㅏ,3,S001/20_ㅏ/S001_20_003.mp4,2026-08-13T18:19:06+09:00,4.067,30.0,1280,720,0,False,accepted
S001_20_004,S001,20260813_174539,20,ㅏ,4,S001/20_ㅏ/S001_20_004.mp4,2026-08-13T18:19:14+09:00,4.067,30.0,1280,720,0,False,accepted
S001_20_005,S001,20260813_174539,20,ㅏ,5,S001/20_ㅏ/S001_20_005.mp4,2026-08-13T18:19:23+09:00,4.067,30.0,1280,720,0,False,accepted
S001_20_006,S001,20260813_174539,20,ㅏ,6,S001/20_ㅏ/S001_20_006.mp4,2026-08-13T18:19:31+09:00,4.067,30.0,1280,720,0,False,accepted
S001_20_007,S001,20260813_174539,20,ㅏ,7,S001/20_ㅏ/S001_20_007.mp4,2026-08-13T18:19:39+09:00,4.067,30.0,1280,720,0,False,accepted
S001_20_008,S001,20260813_174539,20,ㅏ,8,S001/20_ㅏ/S001_20_008.mp4,2026-08-13T18:19:48+09:00,4.067,30.0,1280,720,0,False,accepted
S001_20_009,S001,20260813_174539,20,ㅏ,9,S001/20_ㅏ/S001_20_009.mp4,2026-08-13T18:19:55+09:00,4.067,30.0,1280,720,0,False,accepted
S001_20_010,S001,20260813_174539,20,ㅏ,10,S001/20_ㅏ/S001_20_010.mp4,2026-08-13T18:20:03+09:00,4.067,30.0,1280,720,0,False,accepted
S001_20_011,S001,20260813_174539,20,ㅏ,11,S001/20_ㅏ/S001_20_011.mp4,2026-08-13T18:20:20+09:00,4.067,30.0,1280,720,0,False,accepted
S001_21_001,S001,20260813_185549,21,ㅑ,1,S001/21_ㅑ/S001_21_001.mp4,2026-08-13T18:57:32+09:00,4.033,30.0,1280,720,0,False,accepted
S001_21_002,S001,20260813_185549,21,ㅑ,2,S001/21_ㅑ/S001_21_002.mp4,2026-08-13T18:57:40+09:00,4.067,30.0,1280,720,0,False,accepted
S001_21_003,S001,20260813_185549,21,ㅑ,3,S001/21_ㅑ/S001_21_003.mp4,2026-08-13T18:57:48+09:00,4.067,30.0,1280,720,0,False,accepted
S001_21_004,S001,20260813_185549,21,ㅑ,4,S001/21_ㅑ/S001_21_004.mp4,2026-08-13T18:57:56+09:00,4.067,30.0,1280,720,0,False,accepted
S001_21_005,S001,20260813_185549,21,ㅑ,5,S001/21_ㅑ/S001_21_005.mp4,2026-08-13T18:58:04+09:00,4.067,30.0,1280,720,0,False,accepted
S001_21_006,S001,20260813_185549,21,ㅑ,6,S001/21_ㅑ/S001_21_006.mp4,2026-08-13T18:58:12+09:00,4.067,30.0,1280,720,0,False,accepted
S001_21_007,S001,20260813_185549,21,ㅑ,7,S001/21_ㅑ/S001_21_007.mp4,2026-08-13T18:58:20+09:00,4.067,30.0,1280,720,0,False,accepted
S001_21_008,S001,20260813_185549,21,ㅑ,8,S001/21_ㅑ/S001_21_008.mp4,2026-08-13T18:58:28+09:00,4.067,30.0,1280,720,0,False,accepted
S001_21_009,S001,20260813_185549,21,ㅑ,9,S001/21_ㅑ/S001_21_009.mp4,2026-08-13T18:58:36+09:00,4.067,30.0,1280,720,0,False,accepted
S001_21_010,S001,20260813_185549,21,ㅑ,10,S001/21_ㅑ/S001_21_010.mp4,2026-08-13T18:58:44+09:00,4.067,30.0,1280,720,0,False,accepted
S001_21_011,S001,20260813_185549,21,ㅑ,11,S001/21_ㅑ/S001_21_011.mp4,2026-08-13T18:58:51+09:00,4.067,30.0,1280,720,0,False,accepted
S001_22_001,S001,20260813_185549,22,ㅓ,1,S001/22_ㅓ/S001_22_001.mp4,2026-08-13T18:59:40+09:00,4.067,30.0,1280,720,0,False,accepted
S001_22_002,S001,20260813_185549,22,ㅓ,2,S001/22_ㅓ/S001_22_002.mp4,2026-08-13T18:59:48+09:00,4.067,30.0,1280,720,0,False,accepted
S001_22_003,S001,20260813_185549,22,ㅓ,3,S001/22_ㅓ/S001_22_003.mp4,2026-08-13T18:59:56+09:00,4.067,30.0,1280,720,0,False,accepted
S001_22_004,S001,20260813_185549,22,ㅓ,4,S001/22_ㅓ/S001_22_004.mp4,2026-08-13T19:00:04+09:00,4.067,30.0,1280,720,0,False,accepted
S001_22_005,S001,20260813_185549,22,ㅓ,5,S001/22_ㅓ/S001_22_005.mp4,2026-08-13T19:00:12+09:00,4.067,30.0,1280,720,0,False,accepted
S001_22_006,S001,20260813_185549,22,ㅓ,6,S001/22_ㅓ/S001_22_006.mp4,2026-08-13T19:00:20+09:00,4.067,30.0,1280,720,0,False,accepted
S001_22_007,S001,20260813_185549,22,ㅓ,7,S001/22_ㅓ/S001_22_007.mp4,2026-08-13T19:00:28+09:00,4.067,30.0,1280,720,0,False,accepted
S001_22_008,S001,20260813_185549,22,ㅓ,8,S001/22_ㅓ/S001_22_008.mp4,2026-08-13T19:00:35+09:00,4.067,30.0,1280,720,0,False,accepted
S001_22_009,S001,20260813_185549,22,ㅓ,9,S001/22_ㅓ/S001_22_009.mp4,2026-08-13T19:00:43+09:00,4.067,30.0,1280,720,0,False,accepted
S001_22_010,S001,20260813_185549,22,ㅓ,10,S001/22_ㅓ/S001_22_010.mp4,2026-08-13T19:00:51+09:00,4.067,30.0,1280,720,0,False,accepted
S001_23_001,S001,20260813_185549,23,ㅕ,1,S001/23_ㅕ/S001_23_001.mp4,2026-08-13T19:01:08+09:00,4.067,30.0,1280,720,0,False,accepted
S001_23_002,S001,20260813_185549,23,ㅕ,2,S001/23_ㅕ/S001_23_002.mp4,2026-08-13T19:01:17+09:00,4.067,30.0,1280,720,0,False,accepted
S001_23_003,S001,20260813_185549,23,ㅕ,3,S001/23_ㅕ/S001_23_003.mp4,2026-08-13T19:01:25+09:00,4.067,30.0,1280,720,0,False,accepted
S001_23_004,S001,20260813_185549,23,ㅕ,4,S001/23_ㅕ/S001_23_004.mp4,2026-08-13T19:01:32+09:00,4.067,30.0,1280,720,0,False,accepted
S001_23_005,S001,20260813_185549,23,ㅕ,5,S001/23_ㅕ/S001_23_005.mp4,2026-08-13T19:01:39+09:00,4.067,30.0,1280,720,0,False,accepted
S001_23_006,S001,20260813_185549,23,ㅕ,6,S001/23_ㅕ/S001_23_006.mp4,2026-08-13T19:01:47+09:00,4.067,30.0,1280,720,0,False,accepted
S001_23_007,S001,20260813_185549,23,ㅕ,7,S001/23_ㅕ/S001_23_007.mp4,2026-08-13T19:01:54+09:00,4.067,30.0,1280,720,0,False,accepted
S001_23_008,S001,20260813_185549,23,ㅕ,8,S001/23_ㅕ/S001_23_008.mp4,2026-08-13T19:02:02+09:00,4.067,30.0,1280,720,0,False,accepted
S001_23_009,S001,20260813_185549,23,ㅕ,9,S001/23_ㅕ/S001_23_009.mp4,2026-08-13T19:02:10+09:00,4.067,30.0,1280,720,0,False,accepted
S001_23_010,S001,20260813_185549,23,ㅕ,10,S001/23_ㅕ/S001_23_010.mp4,2026-08-13T19:02:18+09:00,4.067,30.0,1280,720,0,False,accepted
S001_23_011,S001,20260813_185549,23,ㅕ,11,S001/23_ㅕ/S001_23_011.mp4,2026-08-13T19:02:25+09:00,4.067,30.0,1280,720,0,False,accepted
S001_24_002,S001,20260813_174539,24,ㅗ,2,S001/24_ㅗ/S001_24_002.mp4,2026-08-13T18:26:15+09:00,4.067,30.0,1280,720,0,False,accepted
S001_24_003,S001,20260813_174539,24,ㅗ,3,S001/24_ㅗ/S001_24_003.mp4,2026-08-13T18:26:23+09:00,4.067,30.0,1280,720,0,False,accepted
S001_24_004,S001,20260813_174539,24,ㅗ,4,S001/24_ㅗ/S001_24_004.mp4,2026-08-13T18:26:31+09:00,4.067,30.0,1280,720,0,False,accepted
S001_24_005,S001,20260813_174539,24,ㅗ,5,S001/24_ㅗ/S001_24_005.mp4,2026-08-13T18:26:39+09:00,4.067,30.0,1280,720,0,False,accepted
S001_24_006,S001,20260813_174539,24,ㅗ,6,S001/24_ㅗ/S001_24_006.mp4,2026-08-13T18:26:47+09:00,4.067,30.0,1280,720,0,False,accepted
S001_24_007,S001,20260813_174539,24,ㅗ,7,S001/24_ㅗ/S001_24_007.mp4,2026-08-13T18:26:54+09:00,4.067,30.0,1280,720,0,False,accepted
S001_24_008,S001,20260813_174539,24,ㅗ,8,S001/24_ㅗ/S001_24_008.mp4,2026-08-13T18:27:03+09:00,4.067,30.0,1280,720,0,False,accepted
S001_24_009,S001,20260813_174539,24,ㅗ,9,S001/24_ㅗ/S001_24_009.mp4,2026-08-13T18:27:11+09:00,4.067,30.0,1280,720,0,False,accepted
S001_24_010,S001,20260813_174539,24,ㅗ,10,S001/24_ㅗ/S001_24_010.mp4,2026-08-13T18:27:19+09:00,4.067,30.0,1280,720,0,False,accepted
S001_24_011,S001,20260813_174539,24,ㅗ,11,S001/24_ㅗ/S001_24_011.mp4,2026-08-13T18:27:26+09:00,4.067,30.0,1280,720,0,False,accepted
S001_25_001,S001,20260813_185549,25,ㅛ,1,S001/25_ㅛ/S001_25_001.mp4,2026-08-13T19:03:00+09:00,4.067,30.0,1280,720,0,False,accepted
S001_25_002,S001,20260813_185549,25,ㅛ,2,S001/25_ㅛ/S001_25_002.mp4,2026-08-13T19:03:08+09:00,4.067,30.0,1280,720,0,False,accepted
S001_25_003,S001,20260813_185549,25,ㅛ,3,S001/25_ㅛ/S001_25_003.mp4,2026-08-13T19:03:15+09:00,4.067,30.0,1280,720,0,False,accepted
S001_25_004,S001,20260813_185549,25,ㅛ,4,S001/25_ㅛ/S001_25_004.mp4,2026-08-13T19:03:23+09:00,4.067,30.0,1280,720,0,False,accepted
S001_25_005,S001,20260813_185549,25,ㅛ,5,S001/25_ㅛ/S001_25_005.mp4,2026-08-13T19:03:30+09:00,4.067,30.0,1280,720,0,False,accepted
S001_25_006,S001,20260813_185549,25,ㅛ,6,S001/25_ㅛ/S001_25_006.mp4,2026-08-13T19:03:37+09:00,4.067,30.0,1280,720,0,False,accepted
S001_25_007,S001,20260813_185549,25,ㅛ,7,S001/25_ㅛ/S001_25_007.mp4,2026-08-13T19:03:45+09:00,4.067,30.0,1280,720,0,False,accepted
S001_25_008,S001,20260813_185549,25,ㅛ,8,S001/25_ㅛ/S001_25_008.mp4,2026-08-13T19:03:52+09:00,4.067,30.0,1280,720,0,False,accepted
S001_25_009,S001,20260813_185549,25,ㅛ,9,S001/25_ㅛ/S001_25_009.mp4,2026-08-13T19:04:00+09:00,4.067,30.0,1280,720,0,False,accepted
S001_25_010,S001,20260813_185549,25,ㅛ,10,S001/25_ㅛ/S001_25_010.mp4,2026-08-13T19:04:08+09:00,4.067,30.0,1280,720,0,False,accepted
S001_26_001,S001,20260813_174539,26,ㅜ,1,S001/26_ㅜ/S001_26_001.mp4,2026-08-13T18:29:53+09:00,4.067,30.0,1280,720,0,False,accepted
S001_26_002,S001,20260813_174539,26,ㅜ,2,S001/26_ㅜ/S001_26_002.mp4,2026-08-13T18:30:01+09:00,4.067,30.0,1280,720,0,False,accepted
S001_26_003,S001,20260813_174539,26,ㅜ,3,S001/26_ㅜ/S001_26_003.mp4,2026-08-13T18:30:09+09:00,4.067,30.0,1280,720,0,False,accepted
S001_26_004,S001,20260813_174539,26,ㅜ,4,S001/26_ㅜ/S001_26_004.mp4,2026-08-13T18:30:17+09:00,4.067,30.0,1280,720,0,False,accepted
S001_26_005,S001,20260813_174539,26,ㅜ,5,S001/26_ㅜ/S001_26_005.mp4,2026-08-13T18:30:25+09:00,4.067,30.0,1280,720,0,False,accepted
S001_26_006,S001,20260813_174539,26,ㅜ,6,S001/26_ㅜ/S001_26_006.mp4,2026-08-13T18:30:33+09:00,4.067,30.0,1280,720,0,False,accepted
S001_26_007,S001,20260813_174539,26,ㅜ,7,S001/26_ㅜ/S001_26_007.mp4,2026-08-13T18:30:42+09:00,4.067,30.0,1280,720,0,False,accepted
S001_26_009,S001,20260813_174539,26,ㅜ,9,S001/26_ㅜ/S001_26_009.mp4,2026-08-13T18:30:59+09:00,4.067,30.0,1280,720,0,False,accepted
S001_26_010,S001,20260813_174539,26,ㅜ,10,S001/26_ㅜ/S001_26_010.mp4,2026-08-13T18:31:07+09:00,4.067,30.0,1280,720,0,False,accepted
S001_26_011,S001,20260813_174539,26,ㅜ,11,S001/26_ㅜ/S001_26_011.mp4,2026-08-13T18:31:17+09:00,4.067,30.0,1280,720,0,False,accepted
S001_27_001,S001,20260813_185549,27,ㅠ,1,S001/27_ㅠ/S001_27_001.mp4,2026-08-13T19:04:43+09:00,4.067,30.0,1280,720,0,False,accepted
S001_27_002,S001,20260813_185549,27,ㅠ,2,S001/27_ㅠ/S001_27_002.mp4,2026-08-13T19:04:51+09:00,4.067,30.0,1280,720,0,False,accepted
S001_27_003,S001,20260813_185549,27,ㅠ,3,S001/27_ㅠ/S001_27_003.mp4,2026-08-13T19:04:59+09:00,4.067,30.0,1280,720,0,False,accepted
S001_27_004,S001,20260813_185549,27,ㅠ,4,S001/27_ㅠ/S001_27_004.mp4,2026-08-13T19:05:07+09:00,4.067,30.0,1280,720,0,False,accepted
S001_27_005,S001,20260813_185549,27,ㅠ,5,S001/27_ㅠ/S001_27_005.mp4,2026-08-13T19:05:15+09:00,4.067,30.0,1280,720,0,False,accepted
S001_27_006,S001,20260813_185549,27,ㅠ,6,S001/27_ㅠ/S001_27_006.mp4,2026-08-13T19:05:22+09:00,4.067,30.0,1280,720,0,False,accepted
S001_27_007,S001,20260813_185549,27,ㅠ,7,S001/27_ㅠ/S001_27_007.mp4,2026-08-13T19:05:30+09:00,4.067,30.0,1280,720,0,False,accepted
S001_27_008,S001,20260813_185549,27,ㅠ,8,S001/27_ㅠ/S001_27_008.mp4,2026-08-13T19:05:37+09:00,4.067,30.0,1280,720,0,False,accepted
S001_27_009,S001,20260813_185549,27,ㅠ,9,S001/27_ㅠ/S001_27_009.mp4,2026-08-13T19:05:45+09:00,4.067,30.0,1280,720,0,False,accepted
S001_27_010,S001,20260813_185549,27,ㅠ,10,S001/27_ㅠ/S001_27_010.mp4,2026-08-13T19:05:53+09:00,4.067,30.0,1280,720,0,False,accepted
S001_27_011,S001,20260813_185549,27,ㅠ,11,S001/27_ㅠ/S001_27_011.mp4,2026-08-13T19:06:00+09:00,4.067,30.0,1280,720,0,False,accepted
S001_28_001,S001,20260813_185549,28,ㅡ,1,S001/28_ㅡ/S001_28_001.mp4,2026-08-13T19:06:24+09:00,4.033,30.0,1280,720,0,False,accepted
S001_28_002,S001,20260813_185549,28,ㅡ,2,S001/28_ㅡ/S001_28_002.mp4,2026-08-13T19:06:36+09:00,4.067,30.0,1280,720,0,False,accepted
S001_28_003,S001,20260813_185549,28,ㅡ,3,S001/28_ㅡ/S001_28_003.mp4,2026-08-13T19:06:47+09:00,4.067,30.0,1280,720,0,False,accepted
S001_28_004,S001,20260813_185549,28,ㅡ,4,S001/28_ㅡ/S001_28_004.mp4,2026-08-13T19:06:54+09:00,4.067,30.0,1280,720,0,False,accepted
S001_28_005,S001,20260813_185549,28,ㅡ,5,S001/28_ㅡ/S001_28_005.mp4,2026-08-13T19:07:02+09:00,4.067,30.0,1280,720,0,False,accepted
S001_28_006,S001,20260813_185549,28,ㅡ,6,S001/28_ㅡ/S001_28_006.mp4,2026-08-13T19:07:09+09:00,4.067,30.0,1280,720,0,False,accepted
S001_28_007,S001,20260813_185549,28,ㅡ,7,S001/28_ㅡ/S001_28_007.mp4,2026-08-13T19:07:17+09:00,4.067,30.0,1280,720,0,False,accepted
S001_28_008,S001,20260813_185549,28,ㅡ,8,S001/28_ㅡ/S001_28_008.mp4,2026-08-13T19:07:24+09:00,4.067,30.0,1280,720,0,False,accepted
S001_28_009,S001,20260813_185549,28,ㅡ,9,S001/28_ㅡ/S001_28_009.mp4,2026-08-13T19:07:32+09:00,4.067,30.0,1280,720,0,False,accepted
S001_28_010,S001,20260813_185549,28,ㅡ,10,S001/28_ㅡ/S001_28_010.mp4,2026-08-13T19:07:40+09:00,4.067,30.0,1280,720,0,False,accepted
S001_29_001,S001,20260813_185549,29,ㅣ,1,S001/29_ㅣ/S001_29_001.mp4,2026-08-13T19:08:00+09:00,4.067,30.0,1280,720,0,False,accepted
S001_29_002,S001,20260813_185549,29,ㅣ,2,S001/29_ㅣ/S001_29_002.mp4,2026-08-13T19:08:10+09:00,4.067,30.0,1280,720,0,False,accepted
S001_29_003,S001,20260813_185549,29,ㅣ,3,S001/29_ㅣ/S001_29_003.mp4,2026-08-13T19:08:18+09:00,4.067,30.0,1280,720,0,False,accepted
S001_29_004,S001,20260813_185549,29,ㅣ,4,S001/29_ㅣ/S001_29_004.mp4,2026-08-13T19:08:26+09:00,4.067,30.0,1280,720,0,False,accepted
S001_29_005,S001,20260813_185549,29,ㅣ,5,S001/29_ㅣ/S001_29_005.mp4,2026-08-13T19:08:35+09:00,4.067,30.0,1280,720,0,False,accepted
S001_29_006,S001,20260813_185549,29,ㅣ,6,S001/29_ㅣ/S001_29_006.mp4,2026-08-13T19:08:43+09:00,4.067,30.0,1280,720,0,False,accepted
S001_29_007,S001,20260813_185549,29,ㅣ,7,S001/29_ㅣ/S001_29_007.mp4,2026-08-13T19:08:50+09:00,4.067,30.0,1280,720,0,False,accepted
S001_29_008,S001,20260813_185549,29,ㅣ,8,S001/29_ㅣ/S001_29_008.mp4,2026-08-13T19:08:58+09:00,4.067,30.0,1280,720,0,False,accepted
S001_29_009,S001,20260813_185549,29,ㅣ,9,S001/29_ㅣ/S001_29_009.mp4,2026-08-13T19:09:06+09:00,4.067,30.0,1280,720,0,False,accepted
S001_29_010,S001,20260813_185549,29,ㅣ,10,S001/29_ㅣ/S001_29_010.mp4,2026-08-13T19:09:13+09:00,4.067,30.0,1280,720,0,False,accepted
S001_29_011,S001,20260813_185549,29,ㅣ,11,S001/29_ㅣ/S001_29_011.mp4,2026-08-13T19:09:21+09:00,4.067,30.0,1280,720,0,False,accepted
S001_30_001,S001,20260813_185549,30,ㅐ,1,S001/30_ㅐ/S001_30_001.mp4,2026-08-13T19:09:36+09:00,4.067,30.0,1280,720,0,False,accepted
S001_30_002,S001,20260813_185549,30,ㅐ,2,S001/30_ㅐ/S001_30_002.mp4,2026-08-13T19:09:44+09:00,4.067,30.0,1280,720,0,False,accepted
S001_30_003,S001,20260813_185549,30,ㅐ,3,S001/30_ㅐ/S001_30_003.mp4,2026-08-13T19:09:51+09:00,4.067,30.0,1280,720,0,False,accepted
S001_30_004,S001,20260813_185549,30,ㅐ,4,S001/30_ㅐ/S001_30_004.mp4,2026-08-13T19:09:58+09:00,4.067,30.0,1280,720,0,False,accepted
S001_30_005,S001,20260813_185549,30,ㅐ,5,S001/30_ㅐ/S001_30_005.mp4,2026-08-13T19:10:06+09:00,4.067,30.0,1280,720,0,False,accepted
S001_30_006,S001,20260813_185549,30,ㅐ,6,S001/30_ㅐ/S001_30_006.mp4,2026-08-13T19:10:13+09:00,4.067,30.0,1280,720,0,False,accepted
S001_30_007,S001,20260813_185549,30,ㅐ,7,S001/30_ㅐ/S001_30_007.mp4,2026-08-13T19:10:21+09:00,4.067,30.0,1280,720,0,False,accepted
S001_30_008,S001,20260813_185549,30,ㅐ,8,S001/30_ㅐ/S001_30_008.mp4,2026-08-13T19:10:29+09:00,4.067,30.0,1280,720,0,False,accepted
S001_30_009,S001,20260813_185549,30,ㅐ,9,S001/30_ㅐ/S001_30_009.mp4,2026-08-13T19:10:36+09:00,4.067,30.0,1280,720,0,False,accepted
S001_30_010,S001,20260813_185549,30,ㅐ,10,S001/30_ㅐ/S001_30_010.mp4,2026-08-13T19:10:43+09:00,4.067,30.0,1280,720,0,False,accepted
S001_30_011,S001,20260813_185549,30,ㅐ,11,S001/30_ㅐ/S001_30_011.mp4,2026-08-13T19:10:51+09:00,4.067,30.0,1280,720,0,False,accepted
S001_31_001,S001,20260813_185549,31,ㅒ,1,S001/31_ㅒ/S001_31_001.mp4,2026-08-13T19:11:10+09:00,4.067,30.0,1280,720,0,False,accepted
S001_31_002,S001,20260813_185549,31,ㅒ,2,S001/31_ㅒ/S001_31_002.mp4,2026-08-13T19:11:21+09:00,4.067,30.0,1280,720,0,False,accepted
S001_31_003,S001,20260813_185549,31,ㅒ,3,S001/31_ㅒ/S001_31_003.mp4,2026-08-13T19:11:30+09:00,4.067,30.0,1280,720,0,False,accepted
S001_31_004,S001,20260813_185549,31,ㅒ,4,S001/31_ㅒ/S001_31_004.mp4,2026-08-13T19:11:37+09:00,4.067,30.0,1280,720,0,False,accepted
S001_31_005,S001,20260813_185549,31,ㅒ,5,S001/31_ㅒ/S001_31_005.mp4,2026-08-13T19:11:45+09:00,4.067,30.0,1280,720,0,False,accepted
S001_31_006,S001,20260813_185549,31,ㅒ,6,S001/31_ㅒ/S001_31_006.mp4,2026-08-13T19:11:53+09:00,4.067,30.0,1280,720,0,False,accepted
S001_31_007,S001,20260813_185549,31,ㅒ,7,S001/31_ㅒ/S001_31_007.mp4,2026-08-13T19:12:00+09:00,4.067,30.0,1280,720,0,False,accepted
S001_31_008,S001,20260813_185549,31,ㅒ,8,S001/31_ㅒ/S001_31_008.mp4,2026-08-13T19:12:08+09:00,4.067,30.0,1280,720,0,False,accepted
S001_31_009,S001,20260813_185549,31,ㅒ,9,S001/31_ㅒ/S001_31_009.mp4,2026-08-13T19:12:15+09:00,4.067,30.0,1280,720,0,False,accepted
S001_31_010,S001,20260813_185549,31,ㅒ,10,S001/31_ㅒ/S001_31_010.mp4,2026-08-13T19:12:23+09:00,4.067,30.0,1280,720,0,False,accepted
S001_31_011,S001,20260813_185549,31,ㅒ,11,S001/31_ㅒ/S001_31_011.mp4,2026-08-13T19:12:30+09:00,4.067,30.0,1280,720,0,False,accepted
S001_31_012,S001,20260813_185549,31,ㅒ,12,S001/31_ㅒ/S001_31_012.mp4,2026-08-13T19:12:37+09:00,4.067,30.0,1280,720,0,False,accepted
S001_32_001,S001,20260813_185549,32,ㅔ,1,S001/32_ㅔ/S001_32_001.mp4,2026-08-13T19:13:04+09:00,4.067,30.0,1280,720,0,False,accepted
S001_32_002,S001,20260813_185549,32,ㅔ,2,S001/32_ㅔ/S001_32_002.mp4,2026-08-13T19:13:11+09:00,4.067,30.0,1280,720,0,False,accepted
S001_32_003,S001,20260813_185549,32,ㅔ,3,S001/32_ㅔ/S001_32_003.mp4,2026-08-13T19:13:19+09:00,4.067,30.0,1280,720,0,False,accepted
S001_32_004,S001,20260813_185549,32,ㅔ,4,S001/32_ㅔ/S001_32_004.mp4,2026-08-13T19:13:27+09:00,4.067,30.0,1280,720,0,False,accepted
S001_32_005,S001,20260813_185549,32,ㅔ,5,S001/32_ㅔ/S001_32_005.mp4,2026-08-13T19:13:35+09:00,4.067,30.0,1280,720,0,False,accepted
S001_32_006,S001,20260813_185549,32,ㅔ,6,S001/32_ㅔ/S001_32_006.mp4,2026-08-13T19:13:42+09:00,4.067,30.0,1280,720,0,False,accepted
S001_32_007,S001,20260813_185549,32,ㅔ,7,S001/32_ㅔ/S001_32_007.mp4,2026-08-13T19:13:51+09:00,4.067,30.0,1280,720,0,False,accepted
S001_32_008,S001,20260813_185549,32,ㅔ,8,S001/32_ㅔ/S001_32_008.mp4,2026-08-13T19:13:58+09:00,4.067,30.0,1280,720,0,False,accepted
S001_32_009,S001,20260813_185549,32,ㅔ,9,S001/32_ㅔ/S001_32_009.mp4,2026-08-13T19:14:06+09:00,4.067,30.0,1280,720,0,False,accepted
S001_32_010,S001,20260813_185549,32,ㅔ,10,S001/32_ㅔ/S001_32_010.mp4,2026-08-13T19:14:13+09:00,4.067,30.0,1280,720,0,False,accepted
S001_32_011,S001,20260813_185549,32,ㅔ,11,S001/32_ㅔ/S001_32_011.mp4,2026-08-13T19:14:20+09:00,4.067,30.0,1280,720,0,False,accepted
S001_32_012,S001,20260813_185549,32,ㅔ,12,S001/32_ㅔ/S001_32_012.mp4,2026-08-13T19:14:27+09:00,4.067,30.0,1280,720,0,False,accepted
S001_33_001,S001,20260813_185549,33,ㅖ,1,S001/33_ㅖ/S001_33_001.mp4,2026-08-13T19:14:58+09:00,4.067,30.0,1280,720,0,False,accepted
S001_33_002,S001,20260813_185549,33,ㅖ,2,S001/33_ㅖ/S001_33_002.mp4,2026-08-13T19:15:06+09:00,4.067,30.0,1280,720,0,False,accepted
S001_33_003,S001,20260813_185549,33,ㅖ,3,S001/33_ㅖ/S001_33_003.mp4,2026-08-13T19:15:14+09:00,4.067,30.0,1280,720,0,False,accepted
S001_33_004,S001,20260813_185549,33,ㅖ,4,S001/33_ㅖ/S001_33_004.mp4,2026-08-13T19:15:22+09:00,4.067,30.0,1280,720,0,False,accepted
S001_33_005,S001,20260813_185549,33,ㅖ,5,S001/33_ㅖ/S001_33_005.mp4,2026-08-13T19:15:30+09:00,4.0,30.0,1280,720,0,False,accepted
S001_33_006,S001,20260813_185549,33,ㅖ,6,S001/33_ㅖ/S001_33_006.mp4,2026-08-13T19:15:38+09:00,4.067,30.0,1280,720,0,False,accepted
S001_33_007,S001,20260813_185549,33,ㅖ,7,S001/33_ㅖ/S001_33_007.mp4,2026-08-13T19:15:46+09:00,4.067,30.0,1280,720,0,False,accepted
S001_33_008,S001,20260813_185549,33,ㅖ,8,S001/33_ㅖ/S001_33_008.mp4,2026-08-13T19:15:55+09:00,4.067,30.0,1280,720,0,False,accepted
S001_33_009,S001,20260813_185549,33,ㅖ,9,S001/33_ㅖ/S001_33_009.mp4,2026-08-13T19:16:04+09:00,4.067,30.0,1280,720,0,False,accepted
S001_33_010,S001,20260813_185549,33,ㅖ,10,S001/33_ㅖ/S001_33_010.mp4,2026-08-13T19:16:12+09:00,4.067,30.0,1280,720,0,False,accepted
S001_33_011,S001,20260813_185549,33,ㅖ,11,S001/33_ㅖ/S001_33_011.mp4,2026-08-13T19:16:20+09:00,4.0,30.0,1280,720,0,False,accepted
S001_33_012,S001,20260813_185549,33,ㅖ,12,S001/33_ㅖ/S001_33_012.mp4,2026-08-13T19:16:28+09:00,4.033,30.0,1280,720,0,False,accepted
S001_33_013,S001,20260813_185549,33,ㅖ,13,S001/33_ㅖ/S001_33_013.mp4,2026-08-13T19:17:33+09:00,4.067,30.0,1280,720,0,False,accepted
S001_34_002,S001,20260813_185549,34,ㅢ,2,S001/34_ㅢ/S001_34_002.mp4,2026-08-13T19:18:08+09:00,4.067,30.0,1280,720,0,False,accepted
S001_34_003,S001,20260813_185549,34,ㅢ,3,S001/34_ㅢ/S001_34_003.mp4,2026-08-13T19:18:16+09:00,4.067,30.0,1280,720,0,False,accepted
S001_34_004,S001,20260813_185549,34,ㅢ,4,S001/34_ㅢ/S001_34_004.mp4,2026-08-13T19:18:23+09:00,4.067,30.0,1280,720,0,False,accepted
S001_34_005,S001,20260813_185549,34,ㅢ,5,S001/34_ㅢ/S001_34_005.mp4,2026-08-13T19:18:30+09:00,4.067,30.0,1280,720,0,False,accepted
S001_34_006,S001,20260813_185549,34,ㅢ,6,S001/34_ㅢ/S001_34_006.mp4,2026-08-13T19:18:38+09:00,4.067,30.0,1280,720,0,False,accepted
S001_34_007,S001,20260813_185549,34,ㅢ,7,S001/34_ㅢ/S001_34_007.mp4,2026-08-13T19:18:45+09:00,4.067,30.0,1280,720,0,False,accepted
S001_34_008,S001,20260813_185549,34,ㅢ,8,S001/34_ㅢ/S001_34_008.mp4,2026-08-13T19:18:52+09:00,4.067,30.0,1280,720,0,False,accepted
S001_34_009,S001,20260813_185549,34,ㅢ,9,S001/34_ㅢ/S001_34_009.mp4,2026-08-13T19:19:00+09:00,4.067,30.0,1280,720,0,False,accepted
S001_34_010,S001,20260813_185549,34,ㅢ,10,S001/34_ㅢ/S001_34_010.mp4,2026-08-13T19:19:08+09:00,4.067,30.0,1280,720,0,False,accepted
S001_34_011,S001,20260813_185549,34,ㅢ,11,S001/34_ㅢ/S001_34_011.mp4,2026-08-13T19:19:16+09:00,4.067,30.0,1280,720,0,False,accepted
S001_34_012,S001,20260813_185549,34,ㅢ,12,S001/34_ㅢ/S001_34_012.mp4,2026-08-13T19:19:23+09:00,4.067,30.0,1280,720,0,False,accepted
S001_35_001,S001,20260813_185549,35,ㅚ,1,S001/35_ㅚ/S001_35_001.mp4,2026-08-13T19:20:19+09:00,4.033,30.0,1280,720,0,False,accepted
S001_35_002,S001,20260813_185549,35,ㅚ,2,S001/35_ㅚ/S001_35_002.mp4,2026-08-13T19:20:27+09:00,4.067,30.0,1280,720,0,False,accepted
S001_35_003,S001,20260813_185549,35,ㅚ,3,S001/35_ㅚ/S001_35_003.mp4,2026-08-13T19:20:34+09:00,4.067,30.0,1280,720,0,False,accepted
S001_35_004,S001,20260813_185549,35,ㅚ,4,S001/35_ㅚ/S001_35_004.mp4,2026-08-13T19:20:41+09:00,4.067,30.0,1280,720,0,False,accepted
S001_35_005,S001,20260813_185549,35,ㅚ,5,S001/35_ㅚ/S001_35_005.mp4,2026-08-13T19:20:49+09:00,4.067,30.0,1280,720,0,False,accepted
S001_35_006,S001,20260813_185549,35,ㅚ,6,S001/35_ㅚ/S001_35_006.mp4,2026-08-13T19:20:57+09:00,4.067,30.0,1280,720,0,False,accepted
S001_35_007,S001,20260813_185549,35,ㅚ,7,S001/35_ㅚ/S001_35_007.mp4,2026-08-13T19:21:04+09:00,4.067,30.0,1280,720,0,False,accepted
S001_35_008,S001,20260813_185549,35,ㅚ,8,S001/35_ㅚ/S001_35_008.mp4,2026-08-13T19:21:11+09:00,4.067,30.0,1280,720,0,False,accepted
S001_35_009,S001,20260813_185549,35,ㅚ,9,S001/35_ㅚ/S001_35_009.mp4,2026-08-13T19:21:19+09:00,4.067,30.0,1280,720,0,False,accepted
S001_35_010,S001,20260813_185549,35,ㅚ,10,S001/35_ㅚ/S001_35_010.mp4,2026-08-13T19:21:26+09:00,4.067,30.0,1280,720,0,False,accepted
S001_35_011,S001,20260813_185549,35,ㅚ,11,S001/35_ㅚ/S001_35_011.mp4,2026-08-13T19:21:33+09:00,4.067,30.0,1280,720,0,False,accepted
S001_35_012,S001,20260813_185549,35,ㅚ,12,S001/35_ㅚ/S001_35_012.mp4,2026-08-13T19:21:41+09:00,4.067,30.0,1280,720,0,False,accepted
S001_36_002,S001,20260813_185549,36,ㅟ,2,S001/36_ㅟ/S001_36_002.mp4,2026-08-13T19:22:10+09:00,4.067,30.0,1280,720,0,False,accepted
S001_36_003,S001,20260813_185549,36,ㅟ,3,S001/36_ㅟ/S001_36_003.mp4,2026-08-13T19:22:17+09:00,4.067,30.0,1280,720,0,False,accepted
S001_36_004,S001,20260813_185549,36,ㅟ,4,S001/36_ㅟ/S001_36_004.mp4,2026-08-13T19:22:25+09:00,4.067,30.0,1280,720,0,False,accepted
S001_36_005,S001,20260813_185549,36,ㅟ,5,S001/36_ㅟ/S001_36_005.mp4,2026-08-13T19:22:33+09:00,4.067,30.0,1280,720,0,False,accepted
S001_36_006,S001,20260813_185549,36,ㅟ,6,S001/36_ㅟ/S001_36_006.mp4,2026-08-13T19:22:40+09:00,4.067,30.0,1280,720,0,False,accepted
S001_36_007,S001,20260813_185549,36,ㅟ,7,S001/36_ㅟ/S001_36_007.mp4,2026-08-13T19:22:47+09:00,4.067,30.0,1280,720,0,False,accepted
S001_36_008,S001,20260813_185549,36,ㅟ,8,S001/36_ㅟ/S001_36_008.mp4,2026-08-13T19:22:55+09:00,4.067,30.0,1280,720,0,False,accepted
S001_36_009,S001,20260813_185549,36,ㅟ,9,S001/36_ㅟ/S001_36_009.mp4,2026-08-13T19:23:02+09:00,4.067,30.0,1280,720,0,False,accepted
S001_36_010,S001,20260813_185549,36,ㅟ,10,S001/36_ㅟ/S001_36_010.mp4,2026-08-13T19:23:09+09:00,4.067,30.0,1280,720,0,False,accepted
S001_36_011,S001,20260813_185549,36,ㅟ,11,S001/36_ㅟ/S001_36_011.mp4,2026-08-13T19:23:17+09:00,4.067,30.0,1280,720,0,False,accepted
S002_20260817_225500_01_001,S002,20260817_225500,1,ㄱ,1,S002/01_ㄱ/S002_20260817_225500_01_001.mp4,2026-08-17T22:55:00+09:00,4.033,30.000,1280,720,0,False,accepted
S002_20260817_225500_01_002,S002,20260817_225500,1,ㄱ,2,S002/01_ㄱ/S002_20260817_225500_01_002.mp4,2026-08-17T22:55:00+09:00,4.067,30.000,1280,720,0,False,accepted
S002_20260817_225500_01_003,S002,20260817_225500,1,ㄱ,3,S002/01_ㄱ/S002_20260817_225500_01_003.mp4,2026-08-17T22:55:00+09:00,4.033,30.000,1280,720,0,False,accepted
S002_20260817_225500_01_004,S002,20260817_225500,1,ㄱ,4,S002/01_ㄱ/S002_20260817_225500_01_004.mp4,2026-08-17T22:55:00+09:00,4.067,30.000,1280,720,0,False,accepted
S002_20260817_225500_01_005,S002,20260817_225500,1,ㄱ,5,S002/01_ㄱ/S002_20260817_225500_01_005.mp4,2026-08-17T22:55:00+09:00,4.033,30.000,1280,720,0,False,accepted
S002_20260817_225500_01_006,S002,20260817_225500,1,ㄱ,6,S002/01_ㄱ/S002_20260817_225500_01_006.mp4,2026-08-17T22:55:00+09:00,4.067,30.000,1280,720,0,False,accepted
S002_20260817_225500_01_007,S002,20260817_225500,1,ㄱ,7,S002/01_ㄱ/S002_20260817_225500_01_007.mp4,2026-08-17T22:55:00+09:00,4.033,30.000,1280,720,0,False,accepted
S002_20260817_225500_01_008,S002,20260817_225500,1,ㄱ,8,S002/01_ㄱ/S002_20260817_225500_01_008.mp4,2026-08-17T22:55:00+09:00,4.067,30.000,1280,720,0,False,accepted
S002_20260817_225500_01_009,S002,20260817_225500,1,ㄱ,9,S002/01_ㄱ/S002_20260817_225500_01_009.mp4,2026-08-17T22:55:00+09:00,4.067,30.000,1280,720,0,False,accepted
S002_20260817_225500_01_010,S002,20260817_225500,1,ㄱ,10,S002/01_ㄱ/S002_20260817_225500_01_010.mp4,2026-08-17T22:55:00+09:00,4.033,30.000,1280,720,0,False,accepted
S002_20260817_225500_02_001,S002,20260817_225500,2,ㄴ,1,S002/02_ㄴ/S002_20260817_225500_02_001.mp4,2026-08-17T22:55:00+09:00,4.067,30.000,1280,720,0,False,accepted
S002_20260817_225500_02_002,S002,20260817_225500,2,ㄴ,2,S002/02_ㄴ/S002_20260817_225500_02_002.mp4,2026-08-17T22:55:00+09:00,4.067,30.000,1280,720,0,False,accepted
S002_20260817_225500_02_003,S002,20260817_225500,2,ㄴ,3,S002/02_ㄴ/S002_20260817_225500_02_003.mp4,2026-08-17T22:55:00+09:00,4.033,30.000,1280,720,0,False,accepted
S002_20260817_225500_02_004,S002,20260817_225500,2,ㄴ,4,S002/02_ㄴ/S002_20260817_225500_02_004.mp4,2026-08-17T22:55:00+09:00,4.067,30.000,1280,720,0,False,accepted
S002_20260817_225500_02_005,S002,20260817_225500,2,ㄴ,5,S002/02_ㄴ/S002_20260817_225500_02_005.mp4,2026-08-17T22:55:00+09:00,4.033,30.000,1280,720,0,False,accepted
S002_20260817_225500_02_006,S002,20260817_225500,2,ㄴ,6,S002/02_ㄴ/S002_20260817_225500_02_006.mp4,2026-08-17T22:55:00+09:00,4.067,30.000,1280,720,0,False,accepted
S002_20260817_225500_02_007,S002,20260817_225500,2,ㄴ,7,S002/02_ㄴ/S002_20260817_225500_02_007.mp4,2026-08-17T22:55:00+09:00,4.067,30.000,1280,720,0,False,accepted
S002_20260817_225500_02_008,S002,20260817_225500,2,ㄴ,8,S002/02_ㄴ/S002_20260817_225500_02_008.mp4,2026-08-17T22:55:00+09:00,4.033,30.000,1280,720,0,False,accepted
S002_20260817_225500_02_009,S002,20260817_225500,2,ㄴ,9,S002/02_ㄴ/S002_20260817_225500_02_009.mp4,2026-08-17T22:55:00+09:00,4.067,30.000,1280,720,0,False,accepted
S002_20260817_225500_02_010,S002,20260817_225500,2,ㄴ,10,S002/02_ㄴ/S002_20260817_225500_02_010.mp4,2026-08-17T22:55:00+09:00,4.033,30.000,1280,720,0,False,accepted
S002_20260817_225500_03_001,S002,20260817_225500,3,ㄷ,1,S002/03_ㄷ/S002_20260817_225500_03_001.mp4,2026-08-17T22:55:00+09:00,4.067,30.000,1280,720,0,False,accepted
S002_20260817_225500_03_002,S002,20260817_225500,3,ㄷ,2,S002/03_ㄷ/S002_20260817_225500_03_002.mp4,2026-08-17T22:55:00+09:00,4.000,30.000,1280,720,0,False,accepted
S002_20260817_225500_03_003,S002,20260817_225500,3,ㄷ,3,S002/03_ㄷ/S002_20260817_225500_03_003.mp4,2026-08-17T22:55:00+09:00,4.033,30.000,1280,720,0,False,accepted
S002_20260817_225500_03_004,S002,20260817_225500,3,ㄷ,4,S002/03_ㄷ/S002_20260817_225500_03_004.mp4,2026-08-17T22:55:00+09:00,4.033,30.000,1280,720,0,False,accepted
S002_20260817_225500_03_005,S002,20260817_225500,3,ㄷ,5,S002/03_ㄷ/S002_20260817_225500_03_005.mp4,2026-08-17T22:55:00+09:00,4.067,30.000,1280,720,0,False,accepted
S002_20260817_225500_03_006,S002,20260817_225500,3,ㄷ,6,S002/03_ㄷ/S002_20260817_225500_03_006.mp4,2026-08-17T22:55:00+09:00,4.067,30.000,1280,720,0,False,accepted
S002_20260817_225500_03_007,S002,20260817_225500,3,ㄷ,7,S002/03_ㄷ/S002_20260817_225500_03_007.mp4,2026-08-17T22:55:00+09:00,4.033,30.000,1280,720,0,False,accepted
S002_20260817_225500_03_008,S002,20260817_225500,3,ㄷ,8,S002/03_ㄷ/S002_20260817_225500_03_008.mp4,2026-08-17T22:55:00+09:00,3.967,30.000,1280,720,0,False,accepted
S002_20260817_225500_03_009,S002,20260817_225500,3,ㄷ,9,S002/03_ㄷ/S002_20260817_225500_03_009.mp4,2026-08-17T22:55:00+09:00,4.033,30.000,1280,720,0,False,accepted
S002_20260817_225500_03_010,S002,20260817_225500,3,ㄷ,10,S002/03_ㄷ/S002_20260817_225500_03_010.mp4,2026-08-17T22:55:00+09:00,4.067,30.000,1280,720,0,False,accepted
S002_20260817_225500_04_001,S002,20260817_225500,4,ㄹ,1,S002/04_ㄹ/S002_20260817_225500_04_001.mp4,2026-08-17T22:55:00+09:00,4.033,30.000,1280,720,0,False,accepted
S002_20260817_225500_04_002,S002,20260817_225500,4,ㄹ,2,S002/04_ㄹ/S002_20260817_225500_04_002.mp4,2026-08-17T22:55:00+09:00,4.067,30.000,1280,720,0,False,accepted
S002_20260817_225500_04_003,S002,20260817_225500,4,ㄹ,3,S002/04_ㄹ/S002_20260817_225500_04_003.mp4,2026-08-17T22:55:00+09:00,4.067,30.000,1280,720,0,False,accepted
S002_20260817_225500_04_004,S002,20260817_225500,4,ㄹ,4,S002/04_ㄹ/S002_20260817_225500_04_004.mp4,2026-08-17T22:55:00+09:00,4.067,30.000,1280,720,0,False,accepted
S002_20260817_225500_04_005,S002,20260817_225500,4,ㄹ,5,S002/04_ㄹ/S002_20260817_225500_04_005.mp4,2026-08-17T22:55:00+09:00,4.033,30.000,1280,720,0,False,accepted
S002_20260817_225500_04_006,S002,20260817_225500,4,ㄹ,6,S002/04_ㄹ/S002_20260817_225500_04_006.mp4,2026-08-17T22:55:00+09:00,4.067,30.000,1280,720,0,False,accepted
S002_20260817_225500_04_007,S002,20260817_225500,4,ㄹ,7,S002/04_ㄹ/S002_20260817_225500_04_007.mp4,2026-08-17T22:55:00+09:00,4.067,30.000,1280,720,0,False,accepted
S002_20260817_225500_04_008,S002,20260817_225500,4,ㄹ,8,S002/04_ㄹ/S002_20260817_225500_04_008.mp4,2026-08-17T22:55:00+09:00,4.067,30.000,1280,720,0,False,accepted
S002_20260817_225500_04_009,S002,20260817_225500,4,ㄹ,9,S002/04_ㄹ/S002_20260817_225500_04_009.mp4,2026-08-17T22:55:00+09:00,4.033,30.000,1280,720,0,False,accepted
S002_20260817_225500_04_010,S002,20260817_225500,4,ㄹ,10,S002/04_ㄹ/S002_20260817_225500_04_010.mp4,2026-08-17T22:55:00+09:00,4.033,30.000,1280,720,0,False,accepted
S002_20260817_225500_05_001,S002,20260817_225500,5,ㅁ,1,S002/05_ㅁ/S002_20260817_225500_05_001.mp4,2026-08-17T22:55:00+09:00,4.033,30.000,1280,720,0,False,accepted
S002_20260817_225500_05_002,S002,20260817_225500,5,ㅁ,2,S002/05_ㅁ/S002_20260817_225500_05_002.mp4,2026-08-17T22:55:00+09:00,4.067,30.000,1280,720,0,False,accepted
S002_20260817_225500_05_003,S002,20260817_225500,5,ㅁ,3,S002/05_ㅁ/S002_20260817_225500_05_003.mp4,2026-08-17T22:55:00+09:00,4.067,30.000,1280,720,0,False,accepted
S002_20260817_225500_05_004,S002,20260817_225500,5,ㅁ,4,S002/05_ㅁ/S002_20260817_225500_05_004.mp4,2026-08-17T22:55:00+09:00,4.067,30.000,1280,720,0,False,accepted
S002_20260817_225500_05_005,S002,20260817_225500,5,ㅁ,5,S002/05_ㅁ/S002_20260817_225500_05_005.mp4,2026-08-17T22:55:00+09:00,4.033,30.000,1280,720,0,False,accepted
S002_20260817_225500_05_006,S002,20260817_225500,5,ㅁ,6,S002/05_ㅁ/S002_20260817_225500_05_006.mp4,2026-08-17T22:55:00+09:00,4.067,30.000,1280,720,0,False,accepted
S002_20260817_225500_05_007,S002,20260817_225500,5,ㅁ,7,S002/05_ㅁ/S002_20260817_225500_05_007.mp4,2026-08-17T22:55:00+09:00,4.067,30.000,1280,720,0,False,accepted
S002_20260817_225500_05_008,S002,20260817_225500,5,ㅁ,8,S002/05_ㅁ/S002_20260817_225500_05_008.mp4,2026-08-17T22:55:00+09:00,4.033,30.000,1280,720,0,False,accepted
S002_20260817_225500_05_009,S002,20260817_225500,5,ㅁ,9,S002/05_ㅁ/S002_20260817_225500_05_009.mp4,2026-08-17T22:55:00+09:00,2.200,30.000,1280,720,0,False,accepted
S002_20260817_225500_05_010,S002,20260817_225500,5,ㅁ,10,S002/05_ㅁ/S002_20260817_225500_05_010.mp4,2026-08-17T22:55:00+09:00,4.000,30.000,1280,720,0,False,accepted
S002_20260817_225500_06_001,S002,20260817_225500,6,ㅂ,1,S002/06_ㅂ/S002_20260817_225500_06_001.mp4,2026-08-17T22:55:00+09:00,4.000,30.000,1280,720,0,False,accepted
S002_20260817_225500_06_002,S002,20260817_225500,6,ㅂ,2,S002/06_ㅂ/S002_20260817_225500_06_002.mp4,2026-08-17T22:55:00+09:00,4.067,30.000,1280,720,0,False,accepted
S002_20260817_225500_06_003,S002,20260817_225500,6,ㅂ,3,S002/06_ㅂ/S002_20260817_225500_06_003.mp4,2026-08-17T22:55:00+09:00,3.967,30.000,1280,720,0,False,accepted
S002_20260817_225500_06_004,S002,20260817_225500,6,ㅂ,4,S002/06_ㅂ/S002_20260817_225500_06_004.mp4,2026-08-17T22:55:00+09:00,4.033,30.000,1280,720,0,False,accepted
S002_20260817_225500_06_005,S002,20260817_225500,6,ㅂ,5,S002/06_ㅂ/S002_20260817_225500_06_005.mp4,2026-08-17T22:55:00+09:00,4.067,30.000,1280,720,0,False,accepted
S002_20260817_225500_06_006,S002,20260817_225500,6,ㅂ,6,S002/06_ㅂ/S002_20260817_225500_06_006.mp4,2026-08-17T22:55:00+09:00,4.033,30.000,1280,720,0,False,accepted
S002_20260817_225500_06_007,S002,20260817_225500,6,ㅂ,7,S002/06_ㅂ/S002_20260817_225500_06_007.mp4,2026-08-17T22:55:00+09:00,4.067,30.000,1280,720,0,False,accepted
S002_20260817_225500_06_008,S002,20260817_225500,6,ㅂ,8,S002/06_ㅂ/S002_20260817_225500_06_008.mp4,2026-08-17T22:55:00+09:00,4.067,30.000,1280,720,0,False,accepted
S002_20260817_225500_06_009,S002,20260817_225500,6,ㅂ,9,S002/06_ㅂ/S002_20260817_225500_06_009.mp4,2026-08-17T22:55:00+09:00,3.933,30.000,1280,720,0,False,accepted
S002_20260817_225500_06_010,S002,20260817_225500,6,ㅂ,10,S002/06_ㅂ/S002_20260817_225500_06_010.mp4,2026-08-17T22:55:00+09:00,4.033,30.000,1280,720,0,False,accepted
S002_20260817_225500_07_001,S002,20260817_225500,7,ㅅ,1,S002/07_ㅅ/S002_20260817_225500_07_001.mp4,2026-08-17T22:55:00+09:00,4.067,30.000,1280,720,0,False,accepted
S002_20260817_225500_07_002,S002,20260817_225500,7,ㅅ,2,S002/07_ㅅ/S002_20260817_225500_07_002.mp4,2026-08-17T22:55:00+09:00,4.033,30.000,1280,720,0,False,accepted
S002_20260817_225500_07_003,S002,20260817_225500,7,ㅅ,3,S002/07_ㅅ/S002_20260817_225500_07_003.mp4,2026-08-17T22:55:00+09:00,4.067,30.000,1280,720,0,False,accepted
S002_20260817_225500_07_004,S002,20260817_225500,7,ㅅ,4,S002/07_ㅅ/S002_20260817_225500_07_004.mp4,2026-08-17T22:55:00+09:00,4.033,30.000,1280,720,0,False,accepted
S002_20260817_225500_07_005,S002,20260817_225500,7,ㅅ,5,S002/07_ㅅ/S002_20260817_225500_07_005.mp4,2026-08-17T22:55:00+09:00,4.033,30.000,1280,720,0,False,accepted
S002_20260817_225500_07_006,S002,20260817_225500,7,ㅅ,6,S002/07_ㅅ/S002_20260817_225500_07_006.mp4,2026-08-17T22:55:00+09:00,4.067,30.000,1280,720,0,False,accepted
S002_20260817_225500_07_007,S002,20260817_225500,7,ㅅ,7,S002/07_ㅅ/S002_20260817_225500_07_007.mp4,2026-08-17T22:55:00+09:00,4.067,30.000,1280,720,0,False,accepted
S002_20260817_225500_07_008,S002,20260817_225500,7,ㅅ,8,S002/07_ㅅ/S002_20260817_225500_07_008.mp4,2026-08-17T22:55:00+09:00,4.067,30.000,1280,720,0,False,accepted
S002_20260817_225500_07_009,S002,20260817_225500,7,ㅅ,9,S002/07_ㅅ/S002_20260817_225500_07_009.mp4,2026-08-17T22:55:00+09:00,4.067,30.000,1280,720,0,False,accepted
S002_20260817_225500_07_010,S002,20260817_225500,7,ㅅ,10,S002/07_ㅅ/S002_20260817_225500_07_010.mp4,2026-08-17T22:55:00+09:00,4.067,30.000,1280,720,0,False,accepted
S002_20260817_225500_08_001,S002,20260817_225500,8,ㅇ,1,S002/08_ㅇ/S002_20260817_225500_08_001.mp4,2026-08-17T22:55:00+09:00,4.067,30.000,1280,720,0,False,accepted
S002_20260817_225500_08_002,S002,20260817_225500,8,ㅇ,2,S002/08_ㅇ/S002_20260817_225500_08_002.mp4,2026-08-17T22:55:00+09:00,3.933,30.000,1280,720,0,False,accepted
S002_20260817_225500_08_003,S002,20260817_225500,8,ㅇ,3,S002/08_ㅇ/S002_20260817_225500_08_003.mp4,2026-08-17T22:55:00+09:00,4.067,30.000,1280,720,0,False,accepted
S002_20260817_225500_08_004,S002,20260817_225500,8,ㅇ,4,S002/08_ㅇ/S002_20260817_225500_08_004.mp4,2026-08-17T22:55:00+09:00,4.033,30.000,1280,720,0,False,accepted
S002_20260817_225500_08_005,S002,20260817_225500,8,ㅇ,5,S002/08_ㅇ/S002_20260817_225500_08_005.mp4,2026-08-17T22:55:00+09:00,4.033,30.000,1280,720,0,False,accepted
S002_20260817_225500_08_006,S002,20260817_225500,8,ㅇ,6,S002/08_ㅇ/S002_20260817_225500_08_006.mp4,2026-08-17T22:55:00+09:00,4.067,30.000,1280,720,0,False,accepted
S002_20260817_225500_08_007,S002,20260817_225500,8,ㅇ,7,S002/08_ㅇ/S002_20260817_225500_08_007.mp4,2026-08-17T22:55:00+09:00,4.067,30.000,1280,720,0,False,accepted
S002_20260817_225500_08_008,S002,20260817_225500,8,ㅇ,8,S002/08_ㅇ/S002_20260817_225500_08_008.mp4,2026-08-17T22:55:00+09:00,4.067,30.000,1280,720,0,False,accepted
S002_20260817_225500_08_009,S002,20260817_225500,8,ㅇ,9,S002/08_ㅇ/S002_20260817_225500_08_009.mp4,2026-08-17T22:55:00+09:00,4.033,30.000,1280,720,0,False,accepted
S002_20260817_225500_08_010,S002,20260817_225500,8,ㅇ,10,S002/08_ㅇ/S002_20260817_225500_08_010.mp4,2026-08-17T22:55:00+09:00,3.933,30.000,1280,720,0,False,accepted
S002_20260817_225500_09_001,S002,20260817_225500,9,ㅈ,1,S002/09_ㅈ/S002_20260817_225500_09_001.mp4,2026-08-17T22:55:00+09:00,3.633,30.000,1280,720,0,False,accepted
S002_20260817_225500_09_002,S002,20260817_225500,9,ㅈ,2,S002/09_ㅈ/S002_20260817_225500_09_002.mp4,2026-08-17T22:55:00+09:00,4.033,30.000,1280,720,0,False,accepted
S002_20260817_225500_09_003,S002,20260817_225500,9,ㅈ,3,S002/09_ㅈ/S002_20260817_225500_09_003.mp4,2026-08-17T22:55:00+09:00,4.033,30.000,1280,720,0,False,accepted
S002_20260817_225500_09_004,S002,20260817_225500,9,ㅈ,4,S002/09_ㅈ/S002_20260817_225500_09_004.mp4,2026-08-17T22:55:00+09:00,4.033,30.000,1280,720,0,False,accepted
S002_20260817_225500_09_005,S002,20260817_225500,9,ㅈ,5,S002/09_ㅈ/S002_20260817_225500_09_005.mp4,2026-08-17T22:55:00+09:00,3.700,30.000,1280,720,0,False,accepted
S002_20260817_225500_09_006,S002,20260817_225500,9,ㅈ,6,S002/09_ㅈ/S002_20260817_225500_09_006.mp4,2026-08-17T22:55:00+09:00,4.033,30.000,1280,720,0,False,accepted
S002_20260817_225500_09_007,S002,20260817_225500,9,ㅈ,7,S002/09_ㅈ/S002_20260817_225500_09_007.mp4,2026-08-17T22:55:00+09:00,4.067,30.000,1280,720,0,False,accepted
S002_20260817_225500_09_008,S002,20260817_225500,9,ㅈ,8,S002/09_ㅈ/S002_20260817_225500_09_008.mp4,2026-08-17T22:55:00+09:00,4.033,30.000,1280,720,0,False,accepted
S002_20260817_225500_09_009,S002,20260817_225500,9,ㅈ,9,S002/09_ㅈ/S002_20260817_225500_09_009.mp4,2026-08-17T22:55:00+09:00,4.033,30.000,1280,720,0,False,accepted
S002_20260817_225500_09_010,S002,20260817_225500,9,ㅈ,10,S002/09_ㅈ/S002_20260817_225500_09_010.mp4,2026-08-17T22:55:00+09:00,4.033,30.000,1280,720,0,False,accepted
S002_20260817_225500_10_001,S002,20260817_225500,10,ㅊ,1,S002/10_ㅊ/S002_20260817_225500_10_001.mp4,2026-08-17T22:55:00+09:00,4.033,30.000,1280,720,0,False,accepted
S002_20260817_225500_10_002,S002,20260817_225500,10,ㅊ,2,S002/10_ㅊ/S002_20260817_225500_10_002.mp4,2026-08-17T22:55:00+09:00,4.067,30.000,1280,720,0,False,accepted
S002_20260817_225500_10_003,S002,20260817_225500,10,ㅊ,3,S002/10_ㅊ/S002_20260817_225500_10_003.mp4,2026-08-17T22:55:00+09:00,4.000,30.000,1280,720,0,False,accepted
S002_20260817_225500_10_004,S002,20260817_225500,10,ㅊ,4,S002/10_ㅊ/S002_20260817_225500_10_004.mp4,2026-08-17T22:55:00+09:00,4.033,30.000,1280,720,0,False,accepted
S002_20260817_225500_10_005,S002,20260817_225500,10,ㅊ,5,S002/10_ㅊ/S002_20260817_225500_10_005.mp4,2026-08-17T22:55:00+09:00,4.033,30.000,1280,720,0,False,accepted
S002_20260817_225500_10_006,S002,20260817_225500,10,ㅊ,6,S002/10_ㅊ/S002_20260817_225500_10_006.mp4,2026-08-17T22:55:00+09:00,4.067,30.000,1280,720,0,False,accepted
S002_20260817_225500_10_007,S002,20260817_225500,10,ㅊ,7,S002/10_ㅊ/S002_20260817_225500_10_007.mp4,2026-08-17T22:55:00+09:00,4.033,30.000,1280,720,0,False,accepted
S002_20260817_225500_10_008,S002,20260817_225500,10,ㅊ,8,S002/10_ㅊ/S002_20260817_225500_10_008.mp4,2026-08-17T22:55:00+09:00,4.033,30.000,1280,720,0,False,accepted
S002_20260817_225500_10_009,S002,20260817_225500,10,ㅊ,9,S002/10_ㅊ/S002_20260817_225500_10_009.mp4,2026-08-17T22:55:00+09:00,4.033,30.000,1280,720,0,False,accepted
S002_20260817_225500_10_010,S002,20260817_225500,10,ㅊ,10,S002/10_ㅊ/S002_20260817_225500_10_010.mp4,2026-08-17T22:55:00+09:00,4.033,30.000,1280,720,0,False,accepted
S002_20260817_225500_11_001,S002,20260817_225500,11,ㅋ,1,S002/11_ㅋ/S002_20260817_225500_11_001.mp4,2026-08-17T22:55:00+09:00,4.067,30.000,1280,720,0,False,accepted
S002_20260817_225500_11_002,S002,20260817_225500,11,ㅋ,2,S002/11_ㅋ/S002_20260817_225500_11_002.mp4,2026-08-17T22:55:00+09:00,4.067,30.000,1280,720,0,False,accepted
S002_20260817_225500_11_003,S002,20260817_225500,11,ㅋ,3,S002/11_ㅋ/S002_20260817_225500_11_003.mp4,2026-08-17T22:55:00+09:00,4.067,30.000,1280,720,0,False,accepted
S002_20260817_225500_11_004,S002,20260817_225500,11,ㅋ,4,S002/11_ㅋ/S002_20260817_225500_11_004.mp4,2026-08-17T22:55:00+09:00,4.067,30.000,1280,720,0,False,accepted
S002_20260817_225500_11_005,S002,20260817_225500,11,ㅋ,5,S002/11_ㅋ/S002_20260817_225500_11_005.mp4,2026-08-17T22:55:00+09:00,4.033,30.000,1280,720,0,False,accepted
S002_20260817_225500_11_006,S002,20260817_225500,11,ㅋ,6,S002/11_ㅋ/S002_20260817_225500_11_006.mp4,2026-08-17T22:55:00+09:00,4.033,30.000,1280,720,0,False,accepted
S002_20260817_225500_11_007,S002,20260817_225500,11,ㅋ,7,S002/11_ㅋ/S002_20260817_225500_11_007.mp4,2026-08-17T22:55:00+09:00,4.033,30.000,1280,720,0,False,accepted
S002_20260817_225500_11_008,S002,20260817_225500,11,ㅋ,8,S002/11_ㅋ/S002_20260817_225500_11_008.mp4,2026-08-17T22:55:00+09:00,4.033,30.000,1280,720,0,False,accepted
S002_20260817_225500_11_009,S002,20260817_225500,11,ㅋ,9,S002/11_ㅋ/S002_20260817_225500_11_009.mp4,2026-08-17T22:55:00+09:00,4.067,30.000,1280,720,0,False,accepted
S002_20260817_225500_11_010,S002,20260817_225500,11,ㅋ,10,S002/11_ㅋ/S002_20260817_225500_11_010.mp4,2026-08-17T22:55:00+09:00,3.433,30.000,1280,720,0,False,accepted
S002_20260817_225500_12_001,S002,20260817_225500,12,ㅌ,1,S002/12_ㅌ/S002_20260817_225500_12_001.mp4,2026-08-17T22:55:00+09:00,4.033,30.000,1280,720,0,False,accepted
S002_20260817_225500_12_002,S002,20260817_225500,12,ㅌ,2,S002/12_ㅌ/S002_20260817_225500_12_002.mp4,2026-08-17T22:55:00+09:00,4.000,30.000,1280,720,0,False,accepted
S002_20260817_225500_12_003,S002,20260817_225500,12,ㅌ,3,S002/12_ㅌ/S002_20260817_225500_12_003.mp4,2026-08-17T22:55:00+09:00,4.067,30.000,1280,720,0,False,accepted
S002_20260817_225500_12_004,S002,20260817_225500,12,ㅌ,4,S002/12_ㅌ/S002_20260817_225500_12_004.mp4,2026-08-17T22:55:00+09:00,4.033,30.000,1280,720,0,False,accepted
S002_20260817_225500_12_005,S002,20260817_225500,12,ㅌ,5,S002/12_ㅌ/S002_20260817_225500_12_005.mp4,2026-08-17T22:55:00+09:00,4.067,30.000,1280,720,0,False,accepted
S002_20260817_225500_12_006,S002,20260817_225500,12,ㅌ,6,S002/12_ㅌ/S002_20260817_225500_12_006.mp4,2026-08-17T22:55:00+09:00,4.033,30.000,1280,720,0,False,accepted
S002_20260817_225500_12_007,S002,20260817_225500,12,ㅌ,7,S002/12_ㅌ/S002_20260817_225500_12_007.mp4,2026-08-17T22:55:00+09:00,4.033,30.000,1280,720,0,False,accepted
S002_20260817_225500_12_008,S002,20260817_225500,12,ㅌ,8,S002/12_ㅌ/S002_20260817_225500_12_008.mp4,2026-08-17T22:55:00+09:00,4.033,30.000,1280,720,0,False,accepted
S002_20260817_225500_12_009,S002,20260817_225500,12,ㅌ,9,S002/12_ㅌ/S002_20260817_225500_12_009.mp4,2026-08-17T22:55:00+09:00,4.033,30.000,1280,720,0,False,accepted
S002_20260817_225500_12_010,S002,20260817_225500,12,ㅌ,10,S002/12_ㅌ/S002_20260817_225500_12_010.mp4,2026-08-17T22:55:00+09:00,4.033,30.000,1280,720,0,False,accepted
S002_20260817_225500_13_001,S002,20260817_225500,13,ㅍ,1,S002/13_ㅍ/S002_20260817_225500_13_001.mp4,2026-08-17T22:55:00+09:00,4.033,30.000,1280,720,0,False,accepted
S002_20260817_225500_13_002,S002,20260817_225500,13,ㅍ,2,S002/13_ㅍ/S002_20260817_225500_13_002.mp4,2026-08-17T22:55:00+09:00,4.033,30.000,1280,720,0,False,accepted
S002_20260817_225500_13_003,S002,20260817_225500,13,ㅍ,3,S002/13_ㅍ/S002_20260817_225500_13_003.mp4,2026-08-17T22:55:00+09:00,4.033,30.000,1280,720,0,False,accepted
S002_20260817_225500_13_004,S002,20260817_225500,13,ㅍ,4,S002/13_ㅍ/S002_20260817_225500_13_004.mp4,2026-08-17T22:55:00+09:00,3.967,30.000,1280,720,0,False,accepted
S002_20260817_225500_13_005,S002,20260817_225500,13,ㅍ,5,S002/13_ㅍ/S002_20260817_225500_13_005.mp4,2026-08-17T22:55:00+09:00,4.033,30.000,1280,720,0,False,accepted
S002_20260817_225500_13_006,S002,20260817_225500,13,ㅍ,6,S002/13_ㅍ/S002_20260817_225500_13_006.mp4,2026-08-17T22:55:00+09:00,4.033,30.000,1280,720,0,False,accepted
S002_20260817_225500_13_007,S002,20260817_225500,13,ㅍ,7,S002/13_ㅍ/S002_20260817_225500_13_007.mp4,2026-08-17T22:55:00+09:00,4.033,30.000,1280,720,0,False,accepted
S002_20260817_225500_13_008,S002,20260817_225500,13,ㅍ,8,S002/13_ㅍ/S002_20260817_225500_13_008.mp4,2026-08-17T22:55:00+09:00,3.733,30.000,1280,720,0,False,accepted
S002_20260817_225500_13_009,S002,20260817_225500,13,ㅍ,9,S002/13_ㅍ/S002_20260817_225500_13_009.mp4,2026-08-17T22:55:00+09:00,4.067,30.000,1280,720,0,False,accepted
S002_20260817_225500_13_010,S002,20260817_225500,13,ㅍ,10,S002/13_ㅍ/S002_20260817_225500_13_010.mp4,2026-08-17T22:55:00+09:00,4.067,30.000,1280,720,0,False,accepted
S002_20260817_225500_14_001,S002,20260817_225500,14,ㅎ,1,S002/14_ㅎ/S002_20260817_225500_14_001.mp4,2026-08-17T22:55:00+09:00,4.067,30.000,1280,720,0,False,accepted
S002_20260817_225500_14_002,S002,20260817_225500,14,ㅎ,2,S002/14_ㅎ/S002_20260817_225500_14_002.mp4,2026-08-17T22:55:00+09:00,4.033,30.000,1280,720,0,False,accepted
S002_20260817_225500_14_003,S002,20260817_225500,14,ㅎ,3,S002/14_ㅎ/S002_20260817_225500_14_003.mp4,2026-08-17T22:55:00+09:00,4.067,30.000,1280,720,0,False,accepted
S002_20260817_225500_14_004,S002,20260817_225500,14,ㅎ,4,S002/14_ㅎ/S002_20260817_225500_14_004.mp4,2026-08-17T22:55:00+09:00,4.033,30.000,1280,720,0,False,accepted
S002_20260817_225500_14_005,S002,20260817_225500,14,ㅎ,5,S002/14_ㅎ/S002_20260817_225500_14_005.mp4,2026-08-17T22:55:00+09:00,4.067,30.000,1280,720,0,False,accepted
S002_20260817_225500_14_006,S002,20260817_225500,14,ㅎ,6,S002/14_ㅎ/S002_20260817_225500_14_006.mp4,2026-08-17T22:55:00+09:00,4.067,30.000,1280,720,0,False,accepted
S002_20260817_225500_14_007,S002,20260817_225500,14,ㅎ,7,S002/14_ㅎ/S002_20260817_225500_14_007.mp4,2026-08-17T22:55:00+09:00,4.067,30.000,1280,720,0,False,accepted
S002_20260817_225500_14_008,S002,20260817_225500,14,ㅎ,8,S002/14_ㅎ/S002_20260817_225500_14_008.mp4,2026-08-17T22:55:00+09:00,4.067,30.000,1280,720,0,False,accepted
S002_20260817_225500_14_009,S002,20260817_225500,14,ㅎ,9,S002/14_ㅎ/S002_20260817_225500_14_009.mp4,2026-08-17T22:55:00+09:00,3.700,30.000,1280,720,0,False,accepted
S002_20260817_225500_14_010,S002,20260817_225500,14,ㅎ,10,S002/14_ㅎ/S002_20260817_225500_14_010.mp4,2026-08-17T22:55:00+09:00,4.067,30.000,1280,720,0,False,accepted
S002_20260817_225500_20_001,S002,20260817_225500,20,ㅏ,1,S002/20_ㅏ/S002_20260817_225500_20_001.mp4,2026-08-17T22:55:00+09:00,4.067,30.000,1280,720,0,False,accepted
S002_20260817_225500_20_002,S002,20260817_225500,20,ㅏ,2,S002/20_ㅏ/S002_20260817_225500_20_002.mp4,2026-08-17T22:55:00+09:00,4.033,30.000,1280,720,0,False,accepted
S002_20260817_225500_20_003,S002,20260817_225500,20,ㅏ,3,S002/20_ㅏ/S002_20260817_225500_20_003.mp4,2026-08-17T22:55:00+09:00,4.033,30.000,1280,720,0,False,accepted
S002_20260817_225500_20_004,S002,20260817_225500,20,ㅏ,4,S002/20_ㅏ/S002_20260817_225500_20_004.mp4,2026-08-17T22:55:00+09:00,4.033,30.000,1280,720,0,False,accepted
S002_20260817_225500_20_005,S002,20260817_225500,20,ㅏ,5,S002/20_ㅏ/S002_20260817_225500_20_005.mp4,2026-08-17T22:55:00+09:00,4.033,30.000,1280,720,0,False,accepted
S002_20260817_225500_20_006,S002,20260817_225500,20,ㅏ,6,S002/20_ㅏ/S002_20260817_225500_20_006.mp4,2026-08-17T22:55:00+09:00,4.033,30.000,1280,720,0,False,accepted
S002_20260817_225500_20_007,S002,20260817_225500,20,ㅏ,7,S002/20_ㅏ/S002_20260817_225500_20_007.mp4,2026-08-17T22:55:00+09:00,4.033,30.000,1280,720,0,False,accepted
S002_20260817_225500_20_008,S002,20260817_225500,20,ㅏ,8,S002/20_ㅏ/S002_20260817_225500_20_008.mp4,2026-08-17T22:55:00+09:00,3.500,30.000,1280,720,0,False,accepted
S002_20260817_225500_20_009,S002,20260817_225500,20,ㅏ,9,S002/20_ㅏ/S002_20260817_225500_20_009.mp4,2026-08-17T22:55:00+09:00,4.033,30.000,1280,720,0,False,accepted
S002_20260817_225500_20_010,S002,20260817_225500,20,ㅏ,10,S002/20_ㅏ/S002_20260817_225500_20_010.mp4,2026-08-17T22:55:00+09:00,4.067,30.000,1280,720,0,False,accepted
S002_20260817_225500_21_001,S002,20260817_225500,21,ㅑ,1,S002/21_ㅑ/S002_20260817_225500_21_001.mp4,2026-08-17T22:55:00+09:00,3.700,30.000,1280,720,0,False,accepted
S002_20260817_225500_21_002,S002,20260817_225500,21,ㅑ,2,S002/21_ㅑ/S002_20260817_225500_21_002.mp4,2026-08-17T22:55:00+09:00,4.033,30.000,1280,720,0,False,accepted
S002_20260817_225500_21_003,S002,20260817_225500,21,ㅑ,3,S002/21_ㅑ/S002_20260817_225500_21_003.mp4,2026-08-17T22:55:00+09:00,4.067,30.000,1280,720,0,False,accepted
S002_20260817_225500_21_004,S002,20260817_225500,21,ㅑ,4,S002/21_ㅑ/S002_20260817_225500_21_004.mp4,2026-08-17T22:55:00+09:00,4.067,30.000,1280,720,0,False,accepted
S002_20260817_225500_21_005,S002,20260817_225500,21,ㅑ,5,S002/21_ㅑ/S002_20260817_225500_21_005.mp4,2026-08-17T22:55:00+09:00,4.067,30.000,1280,720,0,False,accepted
S002_20260817_225500_21_006,S002,20260817_225500,21,ㅑ,6,S002/21_ㅑ/S002_20260817_225500_21_006.mp4,2026-08-17T22:55:00+09:00,4.033,30.000,1280,720,0,False,accepted
S002_20260817_225500_21_007,S002,20260817_225500,21,ㅑ,7,S002/21_ㅑ/S002_20260817_225500_21_007.mp4,2026-08-17T22:55:00+09:00,4.033,30.000,1280,720,0,False,accepted
S002_20260817_225500_21_008,S002,20260817_225500,21,ㅑ,8,S002/21_ㅑ/S002_20260817_225500_21_008.mp4,2026-08-17T22:55:00+09:00,4.033,30.000,1280,720,0,False,accepted
S002_20260817_225500_21_009,S002,20260817_225500,21,ㅑ,9,S002/21_ㅑ/S002_20260817_225500_21_009.mp4,2026-08-17T22:55:00+09:00,4.000,30.000,1280,720,0,False,accepted
S002_20260817_225500_21_010,S002,20260817_225500,21,ㅑ,10,S002/21_ㅑ/S002_20260817_225500_21_010.mp4,2026-08-17T22:55:00+09:00,4.033,30.000,1280,720,0,False,accepted
S002_20260817_225500_22_001,S002,20260817_225500,22,ㅓ,1,S002/22_ㅓ/S002_20260817_225500_22_001.mp4,2026-08-17T22:55:00+09:00,4.033,30.000,1280,720,0,False,accepted
S002_20260817_225500_22_002,S002,20260817_225500,22,ㅓ,2,S002/22_ㅓ/S002_20260817_225500_22_002.mp4,2026-08-17T22:55:00+09:00,4.000,30.000,1280,720,0,False,accepted
S002_20260817_225500_22_003,S002,20260817_225500,22,ㅓ,3,S002/22_ㅓ/S002_20260817_225500_22_003.mp4,2026-08-17T22:55:00+09:00,4.033,30.000,1280,720,0,False,accepted
S002_20260817_225500_22_004,S002,20260817_225500,22,ㅓ,4,S002/22_ㅓ/S002_20260817_225500_22_004.mp4,2026-08-17T22:55:00+09:00,3.967,30.000,1280,720,0,False,accepted
S002_20260817_225500_22_005,S002,20260817_225500,22,ㅓ,5,S002/22_ㅓ/S002_20260817_225500_22_005.mp4,2026-08-17T22:55:00+09:00,4.067,30.000,1280,720,0,False,accepted
S002_20260817_225500_22_006,S002,20260817_225500,22,ㅓ,6,S002/22_ㅓ/S002_20260817_225500_22_006.mp4,2026-08-17T22:55:00+09:00,4.033,30.000,1280,720,0,False,accepted
S002_20260817_225500_22_007,S002,20260817_225500,22,ㅓ,7,S002/22_ㅓ/S002_20260817_225500_22_007.mp4,2026-08-17T22:55:00+09:00,4.033,30.000,1280,720,0,False,accepted
S002_20260817_225500_22_008,S002,20260817_225500,22,ㅓ,8,S002/22_ㅓ/S002_20260817_225500_22_008.mp4,2026-08-17T22:55:00+09:00,4.033,30.000,1280,720,0,False,accepted
S002_20260817_225500_22_009,S002,20260817_225500,22,ㅓ,9,S002/22_ㅓ/S002_20260817_225500_22_009.mp4,2026-08-17T22:55:00+09:00,4.033,30.000,1280,720,0,False,accepted
S002_20260817_225500_22_010,S002,20260817_225500,22,ㅓ,10,S002/22_ㅓ/S002_20260817_225500_22_010.mp4,2026-08-17T22:55:00+09:00,4.033,30.000,1280,720,0,False,accepted
S002_20260817_225500_23_001,S002,20260817_225500,23,ㅕ,1,S002/23_ㅕ/S002_20260817_225500_23_001.mp4,2026-08-17T22:55:00+09:00,3.633,30.000,1280,720,0,False,accepted
S002_20260817_225500_23_002,S002,20260817_225500,23,ㅕ,2,S002/23_ㅕ/S002_20260817_225500_23_002.mp4,2026-08-17T22:55:00+09:00,4.000,30.000,1280,720,0,False,accepted
S002_20260817_225500_23_003,S002,20260817_225500,23,ㅕ,3,S002/23_ㅕ/S002_20260817_225500_23_003.mp4,2026-08-17T22:55:00+09:00,4.067,30.000,1280,720,0,False,accepted
S002_20260817_225500_23_004,S002,20260817_225500,23,ㅕ,4,S002/23_ㅕ/S002_20260817_225500_23_004.mp4,2026-08-17T22:55:00+09:00,4.033,30.000,1280,720,0,False,accepted
S002_20260817_225500_23_005,S002,20260817_225500,23,ㅕ,5,S002/23_ㅕ/S002_20260817_225500_23_005.mp4,2026-08-17T22:55:00+09:00,4.033,30.000,1280,720,0,False,accepted
S002_20260817_225500_23_006,S002,20260817_225500,23,ㅕ,6,S002/23_ㅕ/S002_20260817_225500_23_006.mp4,2026-08-17T22:55:00+09:00,4.033,30.000,1280,720,0,False,accepted
S002_20260817_225500_23_007,S002,20260817_225500,23,ㅕ,7,S002/23_ㅕ/S002_20260817_225500_23_007.mp4,2026-08-17T22:55:00+09:00,4.000,30.000,1280,720,0,False,accepted
S002_20260817_225500_23_008,S002,20260817_225500,23,ㅕ,8,S002/23_ㅕ/S002_20260817_225500_23_008.mp4,2026-08-17T22:55:00+09:00,3.900,30.000,1280,720,0,False,accepted
S002_20260817_225500_23_009,S002,20260817_225500,23,ㅕ,9,S002/23_ㅕ/S002_20260817_225500_23_009.mp4,2026-08-17T22:55:00+09:00,4.033,30.000,1280,720,0,False,accepted
S002_20260817_225500_23_010,S002,20260817_225500,23,ㅕ,10,S002/23_ㅕ/S002_20260817_225500_23_010.mp4,2026-08-17T22:55:00+09:00,4.033,30.000,1280,720,0,False,accepted
S002_20260817_225500_24_001,S002,20260817_225500,24,ㅗ,1,S002/24_ㅗ/S002_20260817_225500_24_001.mp4,2026-08-17T22:55:00+09:00,4.067,30.000,1280,720,0,False,accepted
S002_20260817_225500_24_002,S002,20260817_225500,24,ㅗ,2,S002/24_ㅗ/S002_20260817_225500_24_002.mp4,2026-08-17T22:55:00+09:00,4.033,30.000,1280,720,0,False,accepted
S002_20260817_225500_24_003,S002,20260817_225500,24,ㅗ,3,S002/24_ㅗ/S002_20260817_225500_24_003.mp4,2026-08-17T22:55:00+09:00,4.000,30.000,1280,720,0,False,accepted
S002_20260817_225500_24_004,S002,20260817_225500,24,ㅗ,4,S002/24_ㅗ/S002_20260817_225500_24_004.mp4,2026-08-17T22:55:00+09:00,4.033,30.000,1280,720,0,False,accepted
S002_20260817_225500_24_005,S002,20260817_225500,24,ㅗ,5,S002/24_ㅗ/S002_20260817_225500_24_005.mp4,2026-08-17T22:55:00+09:00,4.033,30.000,1280,720,0,False,accepted
S002_20260817_225500_24_006,S002,20260817_225500,24,ㅗ,6,S002/24_ㅗ/S002_20260817_225500_24_006.mp4,2026-08-17T22:55:00+09:00,4.033,30.000,1280,720,0,False,accepted
S002_20260817_225500_24_007,S002,20260817_225500,24,ㅗ,7,S002/24_ㅗ/S002_20260817_225500_24_007.mp4,2026-08-17T22:55:00+09:00,4.033,30.000,1280,720,0,False,accepted
S002_20260817_225500_24_008,S002,20260817_225500,24,ㅗ,8,S002/24_ㅗ/S002_20260817_225500_24_008.mp4,2026-08-17T22:55:00+09:00,4.067,30.000,1280,720,0,False,accepted
S002_20260817_225500_24_009,S002,20260817_225500,24,ㅗ,9,S002/24_ㅗ/S002_20260817_225500_24_009.mp4,2026-08-17T22:55:00+09:00,4.067,30.000,1280,720,0,False,accepted
S002_20260817_225500_24_010,S002,20260817_225500,24,ㅗ,10,S002/24_ㅗ/S002_20260817_225500_24_010.mp4,2026-08-17T22:55:00+09:00,4.067,30.000,1280,720,0,False,accepted
S002_20260817_225500_25_001,S002,20260817_225500,25,ㅛ,1,S002/25_ㅛ/S002_20260817_225500_25_001.mp4,2026-08-17T22:55:00+09:00,4.033,30.000,1280,720,0,False,accepted
S002_20260817_225500_25_002,S002,20260817_225500,25,ㅛ,2,S002/25_ㅛ/S002_20260817_225500_25_002.mp4,2026-08-17T22:55:00+09:00,4.067,30.000,1280,720,0,False,accepted
S002_20260817_225500_25_003,S002,20260817_225500,25,ㅛ,3,S002/25_ㅛ/S002_20260817_225500_25_003.mp4,2026-08-17T22:55:00+09:00,4.033,30.000,1280,720,0,False,accepted
S002_20260817_225500_25_004,S002,20260817_225500,25,ㅛ,4,S002/25_ㅛ/S002_20260817_225500_25_004.mp4,2026-08-17T22:55:00+09:00,4.033,30.000,1280,720,0,False,accepted
S002_20260817_225500_25_005,S002,20260817_225500,25,ㅛ,5,S002/25_ㅛ/S002_20260817_225500_25_005.mp4,2026-08-17T22:55:00+09:00,4.033,30.000,1280,720,0,False,accepted
S002_20260817_225500_25_006,S002,20260817_225500,25,ㅛ,6,S002/25_ㅛ/S002_20260817_225500_25_006.mp4,2026-08-17T22:55:00+09:00,4.033,30.000,1280,720,0,False,accepted
S002_20260817_225500_25_007,S002,20260817_225500,25,ㅛ,7,S002/25_ㅛ/S002_20260817_225500_25_007.mp4,2026-08-17T22:55:00+09:00,3.967,30.000,1280,720,0,False,accepted
S002_20260817_225500_25_008,S002,20260817_225500,25,ㅛ,8,S002/25_ㅛ/S002_20260817_225500_25_008.mp4,2026-08-17T22:55:00+09:00,4.067,30.000,1280,720,0,False,accepted
S002_20260817_225500_25_009,S002,20260817_225500,25,ㅛ,9,S002/25_ㅛ/S002_20260817_225500_25_009.mp4,2026-08-17T22:55:00+09:00,4.067,30.000,1280,720,0,False,accepted
S002_20260817_225500_25_010,S002,20260817_225500,25,ㅛ,10,S002/25_ㅛ/S002_20260817_225500_25_010.mp4,2026-08-17T22:55:00+09:00,4.033,30.000,1280,720,0,False,accepted
S002_20260817_225500_26_001,S002,20260817_225500,26,ㅜ,1,S002/26_ㅜ/S002_20260817_225500_26_001.mp4,2026-08-17T22:55:00+09:00,4.000,30.000,1280,720,0,False,accepted
S002_20260817_225500_26_002,S002,20260817_225500,26,ㅜ,2,S002/26_ㅜ/S002_20260817_225500_26_002.mp4,2026-08-17T22:55:00+09:00,4.033,30.000,1280,720,0,False,accepted
S002_20260817_225500_26_003,S002,20260817_225500,26,ㅜ,3,S002/26_ㅜ/S002_20260817_225500_26_003.mp4,2026-08-17T22:55:00+09:00,4.033,30.000,1280,720,0,False,accepted
S002_20260817_225500_26_004,S002,20260817_225500,26,ㅜ,4,S002/26_ㅜ/S002_20260817_225500_26_004.mp4,2026-08-17T22:55:00+09:00,4.033,30.000,1280,720,0,False,accepted
S002_20260817_225500_26_005,S002,20260817_225500,26,ㅜ,5,S002/26_ㅜ/S002_20260817_225500_26_005.mp4,2026-08-17T22:55:00+09:00,3.467,30.000,1280,720,0,False,accepted
S002_20260817_225500_26_006,S002,20260817_225500,26,ㅜ,6,S002/26_ㅜ/S002_20260817_225500_26_006.mp4,2026-08-17T22:55:00+09:00,4.033,30.000,1280,720,0,False,accepted
S002_20260817_225500_26_007,S002,20260817_225500,26,ㅜ,7,S002/26_ㅜ/S002_20260817_225500_26_007.mp4,2026-08-17T22:55:00+09:00,4.033,30.000,1280,720,0,False,accepted
S002_20260817_225500_26_008,S002,20260817_225500,26,ㅜ,8,S002/26_ㅜ/S002_20260817_225500_26_008.mp4,2026-08-17T22:55:00+09:00,4.067,30.000,1280,720,0,False,accepted
S002_20260817_225500_26_009,S002,20260817_225500,26,ㅜ,9,S002/26_ㅜ/S002_20260817_225500_26_009.mp4,2026-08-17T22:55:00+09:00,4.067,30.000,1280,720,0,False,accepted
S002_20260817_225500_26_010,S002,20260817_225500,26,ㅜ,10,S002/26_ㅜ/S002_20260817_225500_26_010.mp4,2026-08-17T22:55:00+09:00,4.033,30.000,1280,720,0,False,accepted
S002_20260817_225500_27_001,S002,20260817_225500,27,ㅠ,1,S002/27_ㅠ/S002_20260817_225500_27_001.mp4,2026-08-17T22:55:00+09:00,4.067,30.000,1280,720,0,False,accepted
S002_20260817_225500_27_002,S002,20260817_225500,27,ㅠ,2,S002/27_ㅠ/S002_20260817_225500_27_002.mp4,2026-08-17T22:55:00+09:00,4.067,30.000,1280,720,0,False,accepted
S002_20260817_225500_27_003,S002,20260817_225500,27,ㅠ,3,S002/27_ㅠ/S002_20260817_225500_27_003.mp4,2026-08-17T22:55:00+09:00,4.067,30.000,1280,720,0,False,accepted
S002_20260817_225500_27_004,S002,20260817_225500,27,ㅠ,4,S002/27_ㅠ/S002_20260817_225500_27_004.mp4,2026-08-17T22:55:00+09:00,3.967,30.000,1280,720,0,False,accepted
S002_20260817_225500_27_005,S002,20260817_225500,27,ㅠ,5,S002/27_ㅠ/S002_20260817_225500_27_005.mp4,2026-08-17T22:55:00+09:00,4.033,30.000,1280,720,0,False,accepted
S002_20260817_225500_27_006,S002,20260817_225500,27,ㅠ,6,S002/27_ㅠ/S002_20260817_225500_27_006.mp4,2026-08-17T22:55:00+09:00,4.033,30.000,1280,720,0,False,accepted
S002_20260817_225500_27_007,S002,20260817_225500,27,ㅠ,7,S002/27_ㅠ/S002_20260817_225500_27_007.mp4,2026-08-17T22:55:00+09:00,3.733,30.000,1280,720,0,False,accepted
S002_20260817_225500_27_008,S002,20260817_225500,27,ㅠ,8,S002/27_ㅠ/S002_20260817_225500_27_008.mp4,2026-08-17T22:55:00+09:00,4.033,30.000,1280,720,0,False,accepted
S002_20260817_225500_27_009,S002,20260817_225500,27,ㅠ,9,S002/27_ㅠ/S002_20260817_225500_27_009.mp4,2026-08-17T22:55:00+09:00,4.067,30.000,1280,720,0,False,accepted
S002_20260817_225500_27_010,S002,20260817_225500,27,ㅠ,10,S002/27_ㅠ/S002_20260817_225500_27_010.mp4,2026-08-17T22:55:00+09:00,4.067,30.000,1280,720,0,False,accepted
S002_20260817_225500_28_001,S002,20260817_225500,28,ㅡ,1,S002/28_ㅡ/S002_20260817_225500_28_001.mp4,2026-08-17T22:55:00+09:00,4.067,30.000,1280,720,0,False,accepted
S002_20260817_225500_28_002,S002,20260817_225500,28,ㅡ,2,S002/28_ㅡ/S002_20260817_225500_28_002.mp4,2026-08-17T22:55:00+09:00,4.033,30.000,1280,720,0,False,accepted
S002_20260817_225500_28_003,S002,20260817_225500,28,ㅡ,3,S002/28_ㅡ/S002_20260817_225500_28_003.mp4,2026-08-17T22:55:00+09:00,4.033,30.000,1280,720,0,False,accepted
S002_20260817_225500_28_004,S002,20260817_225500,28,ㅡ,4,S002/28_ㅡ/S002_20260817_225500_28_004.mp4,2026-08-17T22:55:00+09:00,4.067,30.000,1280,720,0,False,accepted
S002_20260817_225500_28_005,S002,20260817_225500,28,ㅡ,5,S002/28_ㅡ/S002_20260817_225500_28_005.mp4,2026-08-17T22:55:00+09:00,4.033,30.000,1280,720,0,False,accepted
S002_20260817_225500_28_006,S002,20260817_225500,28,ㅡ,6,S002/28_ㅡ/S002_20260817_225500_28_006.mp4,2026-08-17T22:55:00+09:00,4.067,30.000,1280,720,0,False,accepted
S002_20260817_225500_28_007,S002,20260817_225500,28,ㅡ,7,S002/28_ㅡ/S002_20260817_225500_28_007.mp4,2026-08-17T22:55:00+09:00,4.033,30.000,1280,720,0,False,accepted
S002_20260817_225500_28_008,S002,20260817_225500,28,ㅡ,8,S002/28_ㅡ/S002_20260817_225500_28_008.mp4,2026-08-17T22:55:00+09:00,4.033,30.000,1280,720,0,False,accepted
S002_20260817_225500_28_009,S002,20260817_225500,28,ㅡ,9,S002/28_ㅡ/S002_20260817_225500_28_009.mp4,2026-08-17T22:55:00+09:00,4.033,30.000,1280,720,0,False,accepted
S002_20260817_225500_28_010,S002,20260817_225500,28,ㅡ,10,S002/28_ㅡ/S002_20260817_225500_28_010.mp4,2026-08-17T22:55:00+09:00,4.000,30.000,1280,720,0,False,accepted
S002_20260817_225500_29_001,S002,20260817_225500,29,ㅣ,1,S002/29_ㅣ/S002_20260817_225500_29_001.mp4,2026-08-17T22:55:00+09:00,4.033,30.000,1280,720,0,False,accepted
S002_20260817_225500_29_002,S002,20260817_225500,29,ㅣ,2,S002/29_ㅣ/S002_20260817_225500_29_002.mp4,2026-08-17T22:55:00+09:00,4.067,30.000,1280,720,0,False,accepted
S002_20260817_225500_29_003,S002,20260817_225500,29,ㅣ,3,S002/29_ㅣ/S002_20260817_225500_29_003.mp4,2026-08-17T22:55:00+09:00,4.067,30.000,1280,720,0,False,accepted
S002_20260817_225500_29_004,S002,20260817_225500,29,ㅣ,4,S002/29_ㅣ/S002_20260817_225500_29_004.mp4,2026-08-17T22:55:00+09:00,4.033,30.000,1280,720,0,False,accepted
S002_20260817_225500_29_005,S002,20260817_225500,29,ㅣ,5,S002/29_ㅣ/S002_20260817_225500_29_005.mp4,2026-08-17T22:55:00+09:00,4.033,30.000,1280,720,0,False,accepted
S002_20260817_225500_29_006,S002,20260817_225500,29,ㅣ,6,S002/29_ㅣ/S002_20260817_225500_29_006.mp4,2026-08-17T22:55:00+09:00,3.900,30.000,1280,720,0,False,accepted
S002_20260817_225500_29_007,S002,20260817_225500,29,ㅣ,7,S002/29_ㅣ/S002_20260817_225500_29_007.mp4,2026-08-17T22:55:00+09:00,4.067,30.000,1280,720,0,False,accepted
S002_20260817_225500_29_008,S002,20260817_225500,29,ㅣ,8,S002/29_ㅣ/S002_20260817_225500_29_008.mp4,2026-08-17T22:55:00+09:00,4.033,30.000,1280,720,0,False,accepted
S002_20260817_225500_29_009,S002,20260817_225500,29,ㅣ,9,S002/29_ㅣ/S002_20260817_225500_29_009.mp4,2026-08-17T22:55:00+09:00,4.033,30.000,1280,720,0,False,accepted
S002_20260817_225500_29_010,S002,20260817_225500,29,ㅣ,10,S002/29_ㅣ/S002_20260817_225500_29_010.mp4,2026-08-17T22:55:00+09:00,4.067,30.000,1280,720,0,False,accepted
S002_20260817_225500_30_001,S002,20260817_225500,30,ㅐ,1,S002/30_ㅐ/S002_20260817_225500_30_001.mp4,2026-08-17T22:55:00+09:00,4.033,30.000,1280,720,0,False,accepted
S002_20260817_225500_30_002,S002,20260817_225500,30,ㅐ,2,S002/30_ㅐ/S002_20260817_225500_30_002.mp4,2026-08-17T22:55:00+09:00,4.033,30.000,1280,720,0,False,accepted
S002_20260817_225500_30_003,S002,20260817_225500,30,ㅐ,3,S002/30_ㅐ/S002_20260817_225500_30_003.mp4,2026-08-17T22:55:00+09:00,4.067,30.000,1280,720,0,False,accepted
S002_20260817_225500_30_004,S002,20260817_225500,30,ㅐ,4,S002/30_ㅐ/S002_20260817_225500_30_004.mp4,2026-08-17T22:55:00+09:00,3.967,30.000,1280,720,0,False,accepted
S002_20260817_225500_30_005,S002,20260817_225500,30,ㅐ,5,S002/30_ㅐ/S002_20260817_225500_30_005.mp4,2026-08-17T22:55:00+09:00,4.000,30.000,1280,720,0,False,accepted
S002_20260817_225500_30_006,S002,20260817_225500,30,ㅐ,6,S002/30_ㅐ/S002_20260817_225500_30_006.mp4,2026-08-17T22:55:00+09:00,4.067,30.000,1280,720,0,False,accepted
S002_20260817_225500_30_007,S002,20260817_225500,30,ㅐ,7,S002/30_ㅐ/S002_20260817_225500_30_007.mp4,2026-08-17T22:55:00+09:00,3.767,30.000,1280,720,0,False,accepted
S002_20260817_225500_30_008,S002,20260817_225500,30,ㅐ,8,S002/30_ㅐ/S002_20260817_225500_30_008.mp4,2026-08-17T22:55:00+09:00,4.067,30.000,1280,720,0,False,accepted
S002_20260817_225500_30_009,S002,20260817_225500,30,ㅐ,9,S002/30_ㅐ/S002_20260817_225500_30_009.mp4,2026-08-17T22:55:00+09:00,4.067,30.000,1280,720,0,False,accepted
S002_20260817_225500_30_010,S002,20260817_225500,30,ㅐ,10,S002/30_ㅐ/S002_20260817_225500_30_010.mp4,2026-08-17T22:55:00+09:00,4.067,30.000,1280,720,0,False,accepted
S002_20260817_225500_31_001,S002,20260817_225500,31,ㅒ,1,S002/31_ㅒ/S002_20260817_225500_31_001.mp4,2026-08-17T22:55:00+09:00,4.067,30.000,1280,720,0,False,accepted
S002_20260817_225500_31_002,S002,20260817_225500,31,ㅒ,2,S002/31_ㅒ/S002_20260817_225500_31_002.mp4,2026-08-17T22:55:00+09:00,4.033,30.000,1280,720,0,False,accepted
S002_20260817_225500_31_003,S002,20260817_225500,31,ㅒ,3,S002/31_ㅒ/S002_20260817_225500_31_003.mp4,2026-08-17T22:55:00+09:00,4.067,30.000,1280,720,0,False,accepted
S002_20260817_225500_31_004,S002,20260817_225500,31,ㅒ,4,S002/31_ㅒ/S002_20260817_225500_31_004.mp4,2026-08-17T22:55:00+09:00,4.067,30.000,1280,720,0,False,accepted
S002_20260817_225500_31_005,S002,20260817_225500,31,ㅒ,5,S002/31_ㅒ/S002_20260817_225500_31_005.mp4,2026-08-17T22:55:00+09:00,4.033,30.000,1280,720,0,False,accepted
S002_20260817_225500_31_006,S002,20260817_225500,31,ㅒ,6,S002/31_ㅒ/S002_20260817_225500_31_006.mp4,2026-08-17T22:55:00+09:00,4.033,30.000,1280,720,0,False,accepted
S002_20260817_225500_31_007,S002,20260817_225500,31,ㅒ,7,S002/31_ㅒ/S002_20260817_225500_31_007.mp4,2026-08-17T22:55:00+09:00,4.033,30.000,1280,720,0,False,accepted
S002_20260817_225500_31_008,S002,20260817_225500,31,ㅒ,8,S002/31_ㅒ/S002_20260817_225500_31_008.mp4,2026-08-17T22:55:00+09:00,4.033,30.000,1280,720,0,False,accepted
S002_20260817_225500_31_009,S002,20260817_225500,31,ㅒ,9,S002/31_ㅒ/S002_20260817_225500_31_009.mp4,2026-08-17T22:55:00+09:00,4.067,30.000,1280,720,0,False,accepted
S002_20260817_225500_31_010,S002,20260817_225500,31,ㅒ,10,S002/31_ㅒ/S002_20260817_225500_31_010.mp4,2026-08-17T22:55:00+09:00,4.033,30.000,1280,720,0,False,accepted
S002_20260817_225500_32_001,S002,20260817_225500,32,ㅔ,1,S002/32_ㅔ/S002_20260817_225500_32_001.mp4,2026-08-17T22:55:00+09:00,4.067,30.000,1280,720,0,False,accepted
S002_20260817_225500_32_002,S002,20260817_225500,32,ㅔ,2,S002/32_ㅔ/S002_20260817_225500_32_002.mp4,2026-08-17T22:55:00+09:00,4.033,30.000,1280,720,0,False,accepted
S002_20260817_225500_32_003,S002,20260817_225500,32,ㅔ,3,S002/32_ㅔ/S002_20260817_225500_32_003.mp4,2026-08-17T22:55:00+09:00,4.067,30.000,1280,720,0,False,accepted
S002_20260817_225500_32_004,S002,20260817_225500,32,ㅔ,4,S002/32_ㅔ/S002_20260817_225500_32_004.mp4,2026-08-17T22:55:00+09:00,4.067,30.000,1280,720,0,False,accepted
S002_20260817_225500_32_005,S002,20260817_225500,32,ㅔ,5,S002/32_ㅔ/S002_20260817_225500_32_005.mp4,2026-08-17T22:55:00+09:00,4.033,30.000,1280,720,0,False,accepted
S002_20260817_225500_32_006,S002,20260817_225500,32,ㅔ,6,S002/32_ㅔ/S002_20260817_225500_32_006.mp4,2026-08-17T22:55:00+09:00,4.033,30.000,1280,720,0,False,accepted
S002_20260817_225500_32_007,S002,20260817_225500,32,ㅔ,7,S002/32_ㅔ/S002_20260817_225500_32_007.mp4,2026-08-17T22:55:00+09:00,3.967,30.000,1280,720,0,False,accepted
S002_20260817_225500_32_008,S002,20260817_225500,32,ㅔ,8,S002/32_ㅔ/S002_20260817_225500_32_008.mp4,2026-08-17T22:55:00+09:00,4.000,30.000,1280,720,0,False,accepted
S002_20260817_225500_32_009,S002,20260817_225500,32,ㅔ,9,S002/32_ㅔ/S002_20260817_225500_32_009.mp4,2026-08-17T22:55:00+09:00,4.067,30.000,1280,720,0,False,accepted
S002_20260817_225500_32_010,S002,20260817_225500,32,ㅔ,10,S002/32_ㅔ/S002_20260817_225500_32_010.mp4,2026-08-17T22:55:00+09:00,4.067,30.000,1280,720,0,False,accepted
S002_20260817_225500_33_001,S002,20260817_225500,33,ㅖ,1,S002/33_ㅖ/S002_20260817_225500_33_001.mp4,2026-08-17T22:55:00+09:00,3.433,30.000,1280,720,0,False,accepted
S002_20260817_225500_33_002,S002,20260817_225500,33,ㅖ,2,S002/33_ㅖ/S002_20260817_225500_33_002.mp4,2026-08-17T22:55:00+09:00,4.067,30.000,1280,720,0,False,accepted
S002_20260817_225500_33_003,S002,20260817_225500,33,ㅖ,3,S002/33_ㅖ/S002_20260817_225500_33_003.mp4,2026-08-17T22:55:00+09:00,4.033,30.000,1280,720,0,False,accepted
S002_20260817_225500_33_004,S002,20260817_225500,33,ㅖ,4,S002/33_ㅖ/S002_20260817_225500_33_004.mp4,2026-08-17T22:55:00+09:00,4.033,30.000,1280,720,0,False,accepted
S002_20260817_225500_33_005,S002,20260817_225500,33,ㅖ,5,S002/33_ㅖ/S002_20260817_225500_33_005.mp4,2026-08-17T22:55:00+09:00,4.000,30.000,1280,720,0,False,accepted
S002_20260817_225500_33_006,S002,20260817_225500,33,ㅖ,6,S002/33_ㅖ/S002_20260817_225500_33_006.mp4,2026-08-17T22:55:00+09:00,4.033,30.000,1280,720,0,False,accepted
S002_20260817_225500_33_007,S002,20260817_225500,33,ㅖ,7,S002/33_ㅖ/S002_20260817_225500_33_007.mp4,2026-08-17T22:55:00+09:00,4.000,30.000,1280,720,0,False,accepted
S002_20260817_225500_33_008,S002,20260817_225500,33,ㅖ,8,S002/33_ㅖ/S002_20260817_225500_33_008.mp4,2026-08-17T22:55:00+09:00,4.033,30.000,1280,720,0,False,accepted
S002_20260817_225500_33_009,S002,20260817_225500,33,ㅖ,9,S002/33_ㅖ/S002_20260817_225500_33_009.mp4,2026-08-17T22:55:00+09:00,4.067,30.000,1280,720,0,False,accepted
S002_20260817_225500_33_010,S002,20260817_225500,33,ㅖ,10,S002/33_ㅖ/S002_20260817_225500_33_010.mp4,2026-08-17T22:55:00+09:00,4.067,30.000,1280,720,0,False,accepted
S002_20260817_225500_33_011,S002,20260817_225500,33,ㅖ,11,S002/33_ㅖ/S002_20260817_225500_33_011.mp4,2026-08-17T22:55:00+09:00,4.067,30.000,1280,720,0,False,accepted
S002_20260817_225500_34_001,S002,20260817_225500,34,ㅢ,1,S002/34_ㅢ/S002_20260817_225500_34_001.mp4,2026-08-17T22:55:00+09:00,4.033,30.000,1280,720,0,False,accepted
S002_20260817_225500_34_002,S002,20260817_225500,34,ㅢ,2,S002/34_ㅢ/S002_20260817_225500_34_002.mp4,2026-08-17T22:55:00+09:00,4.067,30.000,1280,720,0,False,accepted
S002_20260817_225500_34_003,S002,20260817_225500,34,ㅢ,3,S002/34_ㅢ/S002_20260817_225500_34_003.mp4,2026-08-17T22:55:00+09:00,4.033,30.000,1280,720,0,False,accepted
S002_20260817_225500_34_004,S002,20260817_225500,34,ㅢ,4,S002/34_ㅢ/S002_20260817_225500_34_004.mp4,2026-08-17T22:55:00+09:00,4.033,30.000,1280,720,0,False,accepted
S002_20260817_225500_34_005,S002,20260817_225500,34,ㅢ,5,S002/34_ㅢ/S002_20260817_225500_34_005.mp4,2026-08-17T22:55:00+09:00,4.067,30.000,1280,720,0,False,accepted
S002_20260817_225500_34_006,S002,20260817_225500,34,ㅢ,6,S002/34_ㅢ/S002_20260817_225500_34_006.mp4,2026-08-17T22:55:00+09:00,4.067,30.000,1280,720,0,False,accepted
S002_20260817_225500_34_007,S002,20260817_225500,34,ㅢ,7,S002/34_ㅢ/S002_20260817_225500_34_007.mp4,2026-08-17T22:55:00+09:00,4.033,30.000,1280,720,0,False,accepted
S002_20260817_225500_34_008,S002,20260817_225500,34,ㅢ,8,S002/34_ㅢ/S002_20260817_225500_34_008.mp4,2026-08-17T22:55:00+09:00,4.033,30.000,1280,720,0,False,accepted
S002_20260817_225500_34_009,S002,20260817_225500,34,ㅢ,9,S002/34_ㅢ/S002_20260817_225500_34_009.mp4,2026-08-17T22:55:00+09:00,4.033,30.000,1280,720,0,False,accepted
S002_20260817_225500_34_010,S002,20260817_225500,34,ㅢ,10,S002/34_ㅢ/S002_20260817_225500_34_010.mp4,2026-08-17T22:55:00+09:00,3.967,30.000,1280,720,0,False,accepted
S002_20260817_225500_35_001,S002,20260817_225500,35,ㅚ,1,S002/35_ㅚ/S002_20260817_225500_35_001.mp4,2026-08-17T22:55:00+09:00,4.033,30.000,1280,720,0,False,accepted
S002_20260817_225500_35_002,S002,20260817_225500,35,ㅚ,2,S002/35_ㅚ/S002_20260817_225500_35_002.mp4,2026-08-17T22:55:00+09:00,4.067,30.000,1280,720,0,False,accepted
S002_20260817_225500_35_003,S002,20260817_225500,35,ㅚ,3,S002/35_ㅚ/S002_20260817_225500_35_003.mp4,2026-08-17T22:55:00+09:00,4.033,30.000,1280,720,0,False,accepted
S002_20260817_225500_35_004,S002,20260817_225500,35,ㅚ,4,S002/35_ㅚ/S002_20260817_225500_35_004.mp4,2026-08-17T22:55:00+09:00,4.033,30.000,1280,720,0,False,accepted
S002_20260817_225500_35_005,S002,20260817_225500,35,ㅚ,5,S002/35_ㅚ/S002_20260817_225500_35_005.mp4,2026-08-17T22:55:00+09:00,4.067,30.000,1280,720,0,False,accepted
S002_20260817_225500_35_006,S002,20260817_225500,35,ㅚ,6,S002/35_ㅚ/S002_20260817_225500_35_006.mp4,2026-08-17T22:55:00+09:00,4.033,30.000,1280,720,0,False,accepted
S002_20260817_225500_35_007,S002,20260817_225500,35,ㅚ,7,S002/35_ㅚ/S002_20260817_225500_35_007.mp4,2026-08-17T22:55:00+09:00,4.033,30.000,1280,720,0,False,accepted
S002_20260817_225500_35_008,S002,20260817_225500,35,ㅚ,8,S002/35_ㅚ/S002_20260817_225500_35_008.mp4,2026-08-17T22:55:00+09:00,4.033,30.000,1280,720,0,False,accepted
S002_20260817_225500_35_009,S002,20260817_225500,35,ㅚ,9,S002/35_ㅚ/S002_20260817_225500_35_009.mp4,2026-08-17T22:55:00+09:00,4.067,30.000,1280,720,0,False,accepted
S002_20260817_225500_35_010,S002,20260817_225500,35,ㅚ,10,S002/35_ㅚ/S002_20260817_225500_35_010.mp4,2026-08-17T22:55:00+09:00,4.067,30.000,1280,720,0,False,accepted
S002_20260817_225500_36_001,S002,20260817_225500,36,ㅟ,1,S002/36_ㅟ/S002_20260817_225500_36_001.mp4,2026-08-17T22:55:00+09:00,3.967,30.000,1280,720,0,False,accepted
S002_20260817_225500_36_002,S002,20260817_225500,36,ㅟ,2,S002/36_ㅟ/S002_20260817_225500_36_002.mp4,2026-08-17T22:55:00+09:00,4.033,30.000,1280,720,0,False,accepted
S002_20260817_225500_36_003,S002,20260817_225500,36,ㅟ,3,S002/36_ㅟ/S002_20260817_225500_36_003.mp4,2026-08-17T22:55:00+09:00,4.033,30.000,1280,720,0,False,accepted
S002_20260817_225500_36_004,S002,20260817_225500,36,ㅟ,4,S002/36_ㅟ/S002_20260817_225500_36_004.mp4,2026-08-17T22:55:00+09:00,4.033,30.000,1280,720,0,False,accepted
S002_20260817_225500_36_005,S002,20260817_225500,36,ㅟ,5,S002/36_ㅟ/S002_20260817_225500_36_005.mp4,2026-08-17T22:55:00+09:00,4.067,30.000,1280,720,0,False,accepted
S002_20260817_225500_36_006,S002,20260817_225500,36,ㅟ,6,S002/36_ㅟ/S002_20260817_225500_36_006.mp4,2026-08-17T22:55:00+09:00,4.067,30.000,1280,720,0,False,accepted
S002_20260817_225500_36_007,S002,20260817_225500,36,ㅟ,7,S002/36_ㅟ/S002_20260817_225500_36_007.mp4,2026-08-17T22:55:00+09:00,4.033,30.000,1280,720,0,False,accepted
S002_20260817_225500_36_008,S002,20260817_225500,36,ㅟ,8,S002/36_ㅟ/S002_20260817_225500_36_008.mp4,2026-08-17T22:55:00+09:00,4.033,30.000,1280,720,0,False,accepted
S002_20260817_225500_36_009,S002,20260817_225500,36,ㅟ,9,S002/36_ㅟ/S002_20260817_225500_36_009.mp4,2026-08-17T22:55:00+09:00,4.067,30.000,1280,720,0,False,accepted
S002_20260817_225500_36_010,S002,20260817_225500,36,ㅟ,10,S002/36_ㅟ/S002_20260817_225500_36_010.mp4,2026-08-17T22:55:00+09:00,4.067,30.000,1280,720,0,False,accepted
S003_20260818_154538_01_001,S003,20260818_154538,1,ㄱ,1,S003/01_ㄱ/S003_20260818_154538_01_001.mp4,2026-08-18T15:45:38+09:00,3.967,30.000,1280,720,0,False,accepted
S003_20260818_154538_01_002,S003,20260818_154538,1,ㄱ,2,S003/01_ㄱ/S003_20260818_154538_01_002.mp4,2026-08-18T15:45:38+09:00,4.000,30.000,1280,720,0,False,accepted
S003_20260818_154538_01_003,S003,20260818_154538,1,ㄱ,3,S003/01_ㄱ/S003_20260818_154538_01_003.mp4,2026-08-18T15:45:38+09:00,4.067,30.000,1280,720,0,False,accepted
S003_20260818_154538_01_004,S003,20260818_154538,1,ㄱ,4,S003/01_ㄱ/S003_20260818_154538_01_004.mp4,2026-08-18T15:45:38+09:00,4.067,30.000,1280,720,0,False,accepted
S003_20260818_154538_01_005,S003,20260818_154538,1,ㄱ,5,S003/01_ㄱ/S003_20260818_154538_01_005.mp4,2026-08-18T15:45:38+09:00,4.067,30.000,1280,720,0,False,accepted
S003_20260818_154538_01_006,S003,20260818_154538,1,ㄱ,6,S003/01_ㄱ/S003_20260818_154538_01_006.mp4,2026-08-18T15:45:38+09:00,4.067,30.000,1280,720,0,False,accepted
S003_20260818_154538_01_007,S003,20260818_154538,1,ㄱ,7,S003/01_ㄱ/S003_20260818_154538_01_007.mp4,2026-08-18T15:45:38+09:00,4.100,30.000,1280,720,0,False,accepted
S003_20260818_154538_01_008,S003,20260818_154538,1,ㄱ,8,S003/01_ㄱ/S003_20260818_154538_01_008.mp4,2026-08-18T15:45:38+09:00,4.033,30.000,1280,720,0,False,accepted
S003_20260818_154538_01_009,S003,20260818_154538,1,ㄱ,9,S003/01_ㄱ/S003_20260818_154538_01_009.mp4,2026-08-18T15:45:38+09:00,4.067,30.000,1280,720,0,False,accepted
S003_20260818_154538_01_010,S003,20260818_154538,1,ㄱ,10,S003/01_ㄱ/S003_20260818_154538_01_010.mp4,2026-08-18T15:45:38+09:00,4.067,30.000,1280,720,0,False,accepted
S003_20260818_154538_01_011,S003,20260818_154538,1,ㄱ,11,S003/01_ㄱ/S003_20260818_154538_01_011.mp4,2026-08-18T15:45:38+09:00,4.033,30.000,1280,720,0,False,accepted
S003_20260818_154538_02_001,S003,20260818_154538,2,ㄴ,1,S003/02_ㄴ/S003_20260818_154538_02_001.mp4,2026-08-18T15:45:38+09:00,4.033,30.000,1280,720,0,False,accepted
S003_20260818_154538_02_002,S003,20260818_154538,2,ㄴ,2,S003/02_ㄴ/S003_20260818_154538_02_002.mp4,2026-08-18T15:45:38+09:00,4.033,30.000,1280,720,0,False,accepted
S003_20260818_154538_02_003,S003,20260818_154538,2,ㄴ,3,S003/02_ㄴ/S003_20260818_154538_02_003.mp4,2026-08-18T15:45:38+09:00,4.067,30.000,1280,720,0,False,accepted
S003_20260818_154538_02_004,S003,20260818_154538,2,ㄴ,4,S003/02_ㄴ/S003_20260818_154538_02_004.mp4,2026-08-18T15:45:38+09:00,4.067,30.000,1280,720,0,False,accepted
S003_20260818_154538_02_005,S003,20260818_154538,2,ㄴ,5,S003/02_ㄴ/S003_20260818_154538_02_005.mp4,2026-08-18T15:45:38+09:00,4.033,30.000,1280,720,0,False,accepted
S003_20260818_154538_02_006,S003,20260818_154538,2,ㄴ,6,S003/02_ㄴ/S003_20260818_154538_02_006.mp4,2026-08-18T15:45:38+09:00,4.033,30.000,1280,720,0,False,accepted
S003_20260818_154538_02_007,S003,20260818_154538,2,ㄴ,7,S003/02_ㄴ/S003_20260818_154538_02_007.mp4,2026-08-18T15:45:38+09:00,4.067,30.000,1280,720,0,False,accepted
S003_20260818_154538_02_008,S003,20260818_154538,2,ㄴ,8,S003/02_ㄴ/S003_20260818_154538_02_008.mp4,2026-08-18T15:45:38+09:00,4.033,30.000,1280,720,0,False,accepted
S003_20260818_154538_02_009,S003,20260818_154538,2,ㄴ,9,S003/02_ㄴ/S003_20260818_154538_02_009.mp4,2026-08-18T15:45:38+09:00,4.067,30.000,1280,720,0,False,accepted
S003_20260818_154538_02_010,S003,20260818_154538,2,ㄴ,10,S003/02_ㄴ/S003_20260818_154538_02_010.mp4,2026-08-18T15:45:38+09:00,4.067,30.000,1280,720,0,False,accepted
S003_20260818_154538_03_001,S003,20260818_154538,3,ㄷ,1,S003/03_ㄷ/S003_20260818_154538_03_001.mp4,2026-08-18T15:45:38+09:00,4.033,30.000,1280,720,0,False,accepted
S003_20260818_154538_03_002,S003,20260818_154538,3,ㄷ,2,S003/03_ㄷ/S003_20260818_154538_03_002.mp4,2026-08-18T15:45:38+09:00,4.033,30.000,1280,720,0,False,accepted
S003_20260818_154538_03_003,S003,20260818_154538,3,ㄷ,3,S003/03_ㄷ/S003_20260818_154538_03_003.mp4,2026-08-18T15:45:38+09:00,4.033,30.000,1280,720,0,False,accepted
S003_20260818_154538_03_004,S003,20260818_154538,3,ㄷ,4,S003/03_ㄷ/S003_20260818_154538_03_004.mp4,2026-08-18T15:45:38+09:00,4.033,30.000,1280,720,0,False,accepted
S003_20260818_154538_03_005,S003,20260818_154538,3,ㄷ,5,S003/03_ㄷ/S003_20260818_154538_03_005.mp4,2026-08-18T15:45:38+09:00,4.033,30.000,1280,720,0,False,accepted
S003_20260818_154538_03_006,S003,20260818_154538,3,ㄷ,6,S003/03_ㄷ/S003_20260818_154538_03_006.mp4,2026-08-18T15:45:38+09:00,4.033,30.000,1280,720,0,False,accepted
S003_20260818_154538_03_007,S003,20260818_154538,3,ㄷ,7,S003/03_ㄷ/S003_20260818_154538_03_007.mp4,2026-08-18T15:45:38+09:00,4.033,30.000,1280,720,0,False,accepted
S003_20260818_154538_03_008,S003,20260818_154538,3,ㄷ,8,S003/03_ㄷ/S003_20260818_154538_03_008.mp4,2026-08-18T15:45:38+09:00,4.033,30.000,1280,720,0,False,accepted
S003_20260818_154538_03_009,S003,20260818_154538,3,ㄷ,9,S003/03_ㄷ/S003_20260818_154538_03_009.mp4,2026-08-18T15:45:38+09:00,4.033,30.000,1280,720,0,False,accepted
S003_20260818_154538_03_010,S003,20260818_154538,3,ㄷ,10,S003/03_ㄷ/S003_20260818_154538_03_010.mp4,2026-08-18T15:45:38+09:00,4.033,30.000,1280,720,0,False,accepted
S003_20260818_154538_04_001,S003,20260818_154538,4,ㄹ,1,S003/04_ㄹ/S003_20260818_154538_04_001.mp4,2026-08-18T15:45:38+09:00,4.033,30.000,1280,720,0,False,accepted
S003_20260818_154538_04_002,S003,20260818_154538,4,ㄹ,2,S003/04_ㄹ/S003_20260818_154538_04_002.mp4,2026-08-18T15:45:38+09:00,4.067,30.000,1280,720,0,False,accepted
S003_20260818_154538_04_003,S003,20260818_154538,4,ㄹ,3,S003/04_ㄹ/S003_20260818_154538_04_003.mp4,2026-08-18T15:45:38+09:00,4.033,30.000,1280,720,0,False,accepted
S003_20260818_154538_04_004,S003,20260818_154538,4,ㄹ,4,S003/04_ㄹ/S003_20260818_154538_04_004.mp4,2026-08-18T15:45:38+09:00,4.033,30.000,1280,720,0,False,accepted
S003_20260818_154538_04_005,S003,20260818_154538,4,ㄹ,5,S003/04_ㄹ/S003_20260818_154538_04_005.mp4,2026-08-18T15:45:38+09:00,4.033,30.000,1280,720,0,False,accepted
S003_20260818_154538_04_006,S003,20260818_154538,4,ㄹ,6,S003/04_ㄹ/S003_20260818_154538_04_006.mp4,2026-08-18T15:45:38+09:00,4.067,30.000,1280,720,0,False,accepted
S003_20260818_154538_04_007,S003,20260818_154538,4,ㄹ,7,S003/04_ㄹ/S003_20260818_154538_04_007.mp4,2026-08-18T15:45:38+09:00,4.033,30.000,1280,720,0,False,accepted
S003_20260818_154538_04_008,S003,20260818_154538,4,ㄹ,8,S003/04_ㄹ/S003_20260818_154538_04_008.mp4,2026-08-18T15:45:38+09:00,4.033,30.000,1280,720,0,False,accepted
S003_20260818_154538_04_009,S003,20260818_154538,4,ㄹ,9,S003/04_ㄹ/S003_20260818_154538_04_009.mp4,2026-08-18T15:45:38+09:00,4.033,30.000,1280,720,0,False,accepted
S003_20260818_154538_04_010,S003,20260818_154538,4,ㄹ,10,S003/04_ㄹ/S003_20260818_154538_04_010.mp4,2026-08-18T15:45:38+09:00,4.033,30.000,1280,720,0,False,accepted
S003_20260818_154538_05_001,S003,20260818_154538,5,ㅁ,1,S003/05_ㅁ/S003_20260818_154538_05_001.mp4,2026-08-18T15:45:38+09:00,4.067,30.000,1280,720,0,False,accepted
S003_20260818_154538_05_002,S003,20260818_154538,5,ㅁ,2,S003/05_ㅁ/S003_20260818_154538_05_002.mp4,2026-08-18T15:45:38+09:00,4.033,30.000,1280,720,0,False,accepted
S003_20260818_154538_05_003,S003,20260818_154538,5,ㅁ,3,S003/05_ㅁ/S003_20260818_154538_05_003.mp4,2026-08-18T15:45:38+09:00,4.033,30.000,1280,720,0,False,accepted
S003_20260818_154538_05_004,S003,20260818_154538,5,ㅁ,4,S003/05_ㅁ/S003_20260818_154538_05_004.mp4,2026-08-18T15:45:38+09:00,4.067,30.000,1280,720,0,False,accepted
S003_20260818_154538_05_005,S003,20260818_154538,5,ㅁ,5,S003/05_ㅁ/S003_20260818_154538_05_005.mp4,2026-08-18T15:45:38+09:00,4.033,30.000,1280,720,0,False,accepted
S003_20260818_154538_05_006,S003,20260818_154538,5,ㅁ,6,S003/05_ㅁ/S003_20260818_154538_05_006.mp4,2026-08-18T15:45:38+09:00,4.033,30.000,1280,720,0,False,accepted
S003_20260818_154538_05_007,S003,20260818_154538,5,ㅁ,7,S003/05_ㅁ/S003_20260818_154538_05_007.mp4,2026-08-18T15:45:38+09:00,4.033,30.000,1280,720,0,False,accepted
S003_20260818_154538_05_008,S003,20260818_154538,5,ㅁ,8,S003/05_ㅁ/S003_20260818_154538_05_008.mp4,2026-08-18T15:45:38+09:00,4.033,30.000,1280,720,0,False,accepted
S003_20260818_154538_05_009,S003,20260818_154538,5,ㅁ,9,S003/05_ㅁ/S003_20260818_154538_05_009.mp4,2026-08-18T15:45:38+09:00,4.033,30.000,1280,720,0,False,accepted
S003_20260818_154538_05_010,S003,20260818_154538,5,ㅁ,10,S003/05_ㅁ/S003_20260818_154538_05_010.mp4,2026-08-18T15:45:38+09:00,4.067,30.000,1280,720,0,False,accepted
S003_20260818_154538_06_001,S003,20260818_154538,6,ㅂ,1,S003/06_ㅂ/S003_20260818_154538_06_001.mp4,2026-08-18T15:45:38+09:00,4.033,30.000,1280,720,0,False,accepted
S003_20260818_154538_06_002,S003,20260818_154538,6,ㅂ,2,S003/06_ㅂ/S003_20260818_154538_06_002.mp4,2026-08-18T15:45:38+09:00,4.033,30.000,1280,720,0,False,accepted
S003_20260818_154538_06_003,S003,20260818_154538,6,ㅂ,3,S003/06_ㅂ/S003_20260818_154538_06_003.mp4,2026-08-18T15:45:38+09:00,4.033,30.000,1280,720,0,False,accepted
S003_20260818_154538_06_004,S003,20260818_154538,6,ㅂ,4,S003/06_ㅂ/S003_20260818_154538_06_004.mp4,2026-08-18T15:45:38+09:00,4.033,30.000,1280,720,0,False,accepted
S003_20260818_154538_06_005,S003,20260818_154538,6,ㅂ,5,S003/06_ㅂ/S003_20260818_154538_06_005.mp4,2026-08-18T15:45:38+09:00,4.033,30.000,1280,720,0,False,accepted
S003_20260818_154538_06_006,S003,20260818_154538,6,ㅂ,6,S003/06_ㅂ/S003_20260818_154538_06_006.mp4,2026-08-18T15:45:38+09:00,4.033,30.000,1280,720,0,False,accepted
S003_20260818_154538_06_007,S003,20260818_154538,6,ㅂ,7,S003/06_ㅂ/S003_20260818_154538_06_007.mp4,2026-08-18T15:45:38+09:00,4.067,30.000,1280,720,0,False,accepted
S003_20260818_154538_06_008,S003,20260818_154538,6,ㅂ,8,S003/06_ㅂ/S003_20260818_154538_06_008.mp4,2026-08-18T15:45:38+09:00,4.067,30.000,1280,720,0,False,accepted
S003_20260818_154538_06_009,S003,20260818_154538,6,ㅂ,9,S003/06_ㅂ/S003_20260818_154538_06_009.mp4,2026-08-18T15:45:38+09:00,4.033,30.000,1280,720,0,False,accepted
S003_20260818_154538_06_010,S003,20260818_154538,6,ㅂ,10,S003/06_ㅂ/S003_20260818_154538_06_010.mp4,2026-08-18T15:45:38+09:00,4.033,30.000,1280,720,0,False,accepted
S003_20260818_154538_07_001,S003,20260818_154538,7,ㅅ,1,S003/07_ㅅ/S003_20260818_154538_07_001.mp4,2026-08-18T15:45:38+09:00,4.033,30.000,1280,720,0,False,accepted
S003_20260818_154538_07_002,S003,20260818_154538,7,ㅅ,2,S003/07_ㅅ/S003_20260818_154538_07_002.mp4,2026-08-18T15:45:38+09:00,4.033,30.000,1280,720,0,False,accepted
S003_20260818_154538_07_003,S003,20260818_154538,7,ㅅ,3,S003/07_ㅅ/S003_20260818_154538_07_003.mp4,2026-08-18T15:45:38+09:00,4.067,30.000,1280,720,0,False,accepted
S003_20260818_154538_07_004,S003,20260818_154538,7,ㅅ,4,S003/07_ㅅ/S003_20260818_154538_07_004.mp4,2026-08-18T15:45:38+09:00,4.067,30.000,1280,720,0,False,accepted
S003_20260818_154538_07_005,S003,20260818_154538,7,ㅅ,5,S003/07_ㅅ/S003_20260818_154538_07_005.mp4,2026-08-18T15:45:38+09:00,4.033,30.000,1280,720,0,False,accepted
S003_20260818_154538_07_006,S003,20260818_154538,7,ㅅ,6,S003/07_ㅅ/S003_20260818_154538_07_006.mp4,2026-08-18T15:45:38+09:00,4.033,30.000,1280,720,0,False,accepted
S003_20260818_154538_07_007,S003,20260818_154538,7,ㅅ,7,S003/07_ㅅ/S003_20260818_154538_07_007.mp4,2026-08-18T15:45:38+09:00,4.033,30.000,1280,720,0,False,accepted
S003_20260818_154538_07_008,S003,20260818_154538,7,ㅅ,8,S003/07_ㅅ/S003_20260818_154538_07_008.mp4,2026-08-18T15:45:38+09:00,4.033,30.000,1280,720,0,False,accepted
S003_20260818_154538_07_009,S003,20260818_154538,7,ㅅ,9,S003/07_ㅅ/S003_20260818_154538_07_009.mp4,2026-08-18T15:45:38+09:00,4.033,30.000,1280,720,0,False,accepted
S003_20260818_154538_07_010,S003,20260818_154538,7,ㅅ,10,S003/07_ㅅ/S003_20260818_154538_07_010.mp4,2026-08-18T15:45:38+09:00,4.033,30.000,1280,720,0,False,accepted
S003_20260818_154538_08_001,S003,20260818_154538,8,ㅇ,1,S003/08_ㅇ/S003_20260818_154538_08_001.mp4,2026-08-18T15:45:38+09:00,4.067,30.000,1280,720,0,False,accepted
S003_20260818_154538_08_002,S003,20260818_154538,8,ㅇ,2,S003/08_ㅇ/S003_20260818_154538_08_002.mp4,2026-08-18T15:45:38+09:00,4.033,30.000,1280,720,0,False,accepted
S003_20260818_154538_08_003,S003,20260818_154538,8,ㅇ,3,S003/08_ㅇ/S003_20260818_154538_08_003.mp4,2026-08-18T15:45:38+09:00,4.033,30.000,1280,720,0,False,accepted
S003_20260818_154538_08_004,S003,20260818_154538,8,ㅇ,4,S003/08_ㅇ/S003_20260818_154538_08_004.mp4,2026-08-18T15:45:38+09:00,4.000,30.000,1280,720,0,False,accepted
S003_20260818_154538_08_005,S003,20260818_154538,8,ㅇ,5,S003/08_ㅇ/S003_20260818_154538_08_005.mp4,2026-08-18T15:45:38+09:00,4.033,30.000,1280,720,0,False,accepted
S003_20260818_154538_08_006,S003,20260818_154538,8,ㅇ,6,S003/08_ㅇ/S003_20260818_154538_08_006.mp4,2026-08-18T15:45:38+09:00,4.033,30.000,1280,720,0,False,accepted
S003_20260818_154538_08_007,S003,20260818_154538,8,ㅇ,7,S003/08_ㅇ/S003_20260818_154538_08_007.mp4,2026-08-18T15:45:38+09:00,4.033,30.000,1280,720,0,False,accepted
S003_20260818_154538_08_008,S003,20260818_154538,8,ㅇ,8,S003/08_ㅇ/S003_20260818_154538_08_008.mp4,2026-08-18T15:45:38+09:00,4.033,30.000,1280,720,0,False,accepted
S003_20260818_154538_08_009,S003,20260818_154538,8,ㅇ,9,S003/08_ㅇ/S003_20260818_154538_08_009.mp4,2026-08-18T15:45:38+09:00,4.033,30.000,1280,720,0,False,accepted
S003_20260818_154538_08_010,S003,20260818_154538,8,ㅇ,10,S003/08_ㅇ/S003_20260818_154538_08_010.mp4,2026-08-18T15:45:38+09:00,4.067,30.000,1280,720,0,False,accepted
S003_20260818_154538_09_001,S003,20260818_154538,9,ㅈ,1,S003/09_ㅈ/S003_20260818_154538_09_001.mp4,2026-08-18T15:45:38+09:00,4.033,30.000,1280,720,0,False,accepted
S003_20260818_154538_09_002,S003,20260818_154538,9,ㅈ,2,S003/09_ㅈ/S003_20260818_154538_09_002.mp4,2026-08-18T15:45:38+09:00,4.033,30.000,1280,720,0,False,accepted
S003_20260818_154538_09_003,S003,20260818_154538,9,ㅈ,3,S003/09_ㅈ/S003_20260818_154538_09_003.mp4,2026-08-18T15:45:38+09:00,4.033,30.000,1280,720,0,False,accepted
S003_20260818_154538_09_004,S003,20260818_154538,9,ㅈ,4,S003/09_ㅈ/S003_20260818_154538_09_004.mp4,2026-08-18T15:45:38+09:00,4.033,30.000,1280,720,0,False,accepted
S003_20260818_154538_09_005,S003,20260818_154538,9,ㅈ,5,S003/09_ㅈ/S003_20260818_154538_09_005.mp4,2026-08-18T15:45:38+09:00,4.067,30.000,1280,720,0,False,accepted
S003_20260818_154538_09_006,S003,20260818_154538,9,ㅈ,6,S003/09_ㅈ/S003_20260818_154538_09_006.mp4,2026-08-18T15:45:38+09:00,4.033,30.000,1280,720,0,False,accepted
S003_20260818_154538_09_007,S003,20260818_154538,9,ㅈ,7,S003/09_ㅈ/S003_20260818_154538_09_007.mp4,2026-08-18T15:45:38+09:00,4.033,30.000,1280,720,0,False,accepted
S003_20260818_154538_09_008,S003,20260818_154538,9,ㅈ,8,S003/09_ㅈ/S003_20260818_154538_09_008.mp4,2026-08-18T15:45:38+09:00,4.033,30.000,1280,720,0,False,accepted
S003_20260818_154538_09_009,S003,20260818_154538,9,ㅈ,9,S003/09_ㅈ/S003_20260818_154538_09_009.mp4,2026-08-18T15:45:38+09:00,4.033,30.000,1280,720,0,False,accepted
S003_20260818_154538_09_010,S003,20260818_154538,9,ㅈ,10,S003/09_ㅈ/S003_20260818_154538_09_010.mp4,2026-08-18T15:45:38+09:00,4.033,30.000,1280,720,0,False,accepted
S003_20260818_154538_09_011,S003,20260818_154538,9,ㅈ,11,S003/09_ㅈ/S003_20260818_154538_09_011.mp4,2026-08-18T15:45:38+09:00,4.033,30.000,1280,720,0,False,accepted
S003_20260818_154538_10_001,S003,20260818_154538,10,ㅊ,1,S003/10_ㅊ/S003_20260818_154538_10_001.mp4,2026-08-18T15:45:38+09:00,4.033,30.000,1280,720,0,False,accepted
S003_20260818_154538_10_002,S003,20260818_154538,10,ㅊ,2,S003/10_ㅊ/S003_20260818_154538_10_002.mp4,2026-08-18T15:45:38+09:00,4.033,30.000,1280,720,0,False,accepted
S003_20260818_154538_10_003,S003,20260818_154538,10,ㅊ,3,S003/10_ㅊ/S003_20260818_154538_10_003.mp4,2026-08-18T15:45:38+09:00,4.033,30.000,1280,720,0,False,accepted
S003_20260818_154538_10_004,S003,20260818_154538,10,ㅊ,4,S003/10_ㅊ/S003_20260818_154538_10_004.mp4,2026-08-18T15:45:38+09:00,4.033,30.000,1280,720,0,False,accepted
S003_20260818_154538_10_005,S003,20260818_154538,10,ㅊ,5,S003/10_ㅊ/S003_20260818_154538_10_005.mp4,2026-08-18T15:45:38+09:00,4.067,30.000,1280,720,0,False,accepted
S003_20260818_154538_10_006,S003,20260818_154538,10,ㅊ,6,S003/10_ㅊ/S003_20260818_154538_10_006.mp4,2026-08-18T15:45:38+09:00,4.033,30.000,1280,720,0,False,accepted
S003_20260818_154538_10_007,S003,20260818_154538,10,ㅊ,7,S003/10_ㅊ/S003_20260818_154538_10_007.mp4,2026-08-18T15:45:38+09:00,4.033,30.000,1280,720,0,False,accepted
S003_20260818_154538_10_008,S003,20260818_154538,10,ㅊ,8,S003/10_ㅊ/S003_20260818_154538_10_008.mp4,2026-08-18T15:45:38+09:00,4.033,30.000,1280,720,0,False,accepted
S003_20260818_154538_10_009,S003,20260818_154538,10,ㅊ,9,S003/10_ㅊ/S003_20260818_154538_10_009.mp4,2026-08-18T15:45:38+09:00,4.067,30.000,1280,720,0,False,accepted
S003_20260818_154538_10_010,S003,20260818_154538,10,ㅊ,10,S003/10_ㅊ/S003_20260818_154538_10_010.mp4,2026-08-18T15:45:38+09:00,4.033,30.000,1280,720,0,False,accepted
S003_20260818_154538_11_001,S003,20260818_154538,11,ㅋ,1,S003/11_ㅋ/S003_20260818_154538_11_001.mp4,2026-08-18T15:45:38+09:00,4.033,30.000,1280,720,0,False,accepted
S003_20260818_154538_11_002,S003,20260818_154538,11,ㅋ,2,S003/11_ㅋ/S003_20260818_154538_11_002.mp4,2026-08-18T15:45:38+09:00,4.033,30.000,1280,720,0,False,accepted
S003_20260818_154538_11_003,S003,20260818_154538,11,ㅋ,3,S003/11_ㅋ/S003_20260818_154538_11_003.mp4,2026-08-18T15:45:38+09:00,4.067,30.000,1280,720,0,False,accepted
S003_20260818_154538_11_004,S003,20260818_154538,11,ㅋ,4,S003/11_ㅋ/S003_20260818_154538_11_004.mp4,2026-08-18T15:45:38+09:00,4.033,30.000,1280,720,0,False,accepted
S003_20260818_154538_11_005,S003,20260818_154538,11,ㅋ,5,S003/11_ㅋ/S003_20260818_154538_11_005.mp4,2026-08-18T15:45:38+09:00,4.033,30.000,1280,720,0,False,accepted
S003_20260818_154538_11_006,S003,20260818_154538,11,ㅋ,6,S003/11_ㅋ/S003_20260818_154538_11_006.mp4,2026-08-18T15:45:38+09:00,4.033,30.000,1280,720,0,False,accepted
S003_20260818_154538_11_007,S003,20260818_154538,11,ㅋ,7,S003/11_ㅋ/S003_20260818_154538_11_007.mp4,2026-08-18T15:45:38+09:00,4.033,30.000,1280,720,0,False,accepted
S003_20260818_154538_11_008,S003,20260818_154538,11,ㅋ,8,S003/11_ㅋ/S003_20260818_154538_11_008.mp4,2026-08-18T15:45:38+09:00,4.033,30.000,1280,720,0,False,accepted
S003_20260818_154538_11_009,S003,20260818_154538,11,ㅋ,9,S003/11_ㅋ/S003_20260818_154538_11_009.mp4,2026-08-18T15:45:38+09:00,4.033,30.000,1280,720,0,False,accepted
S003_20260818_154538_11_010,S003,20260818_154538,11,ㅋ,10,S003/11_ㅋ/S003_20260818_154538_11_010.mp4,2026-08-18T15:45:38+09:00,4.033,30.000,1280,720,0,False,accepted
S003_20260818_154538_12_001,S003,20260818_154538,12,ㅌ,1,S003/12_ㅌ/S003_20260818_154538_12_001.mp4,2026-08-18T15:45:38+09:00,4.033,30.000,1280,720,0,False,accepted
S003_20260818_154538_12_002,S003,20260818_154538,12,ㅌ,2,S003/12_ㅌ/S003_20260818_154538_12_002.mp4,2026-08-18T15:45:38+09:00,4.033,30.000,1280,720,0,False,accepted
S003_20260818_154538_12_003,S003,20260818_154538,12,ㅌ,3,S003/12_ㅌ/S003_20260818_154538_12_003.mp4,2026-08-18T15:45:38+09:00,4.067,30.000,1280,720,0,False,accepted
S003_20260818_154538_12_004,S003,20260818_154538,12,ㅌ,4,S003/12_ㅌ/S003_20260818_154538_12_004.mp4,2026-08-18T15:45:38+09:00,4.033,30.000,1280,720,0,False,accepted
S003_20260818_154538_12_005,S003,20260818_154538,12,ㅌ,5,S003/12_ㅌ/S003_20260818_154538_12_005.mp4,2026-08-18T15:45:38+09:00,4.033,30.000,1280,720,0,False,accepted
S003_20260818_154538_12_006,S003,20260818_154538,12,ㅌ,6,S003/12_ㅌ/S003_20260818_154538_12_006.mp4,2026-08-18T15:45:38+09:00,4.000,30.000,1280,720,0,False,accepted
S003_20260818_154538_12_007,S003,20260818_154538,12,ㅌ,7,S003/12_ㅌ/S003_20260818_154538_12_007.mp4,2026-08-18T15:45:38+09:00,4.033,30.000,1280,720,0,False,accepted
S003_20260818_154538_12_008,S003,20260818_154538,12,ㅌ,8,S003/12_ㅌ/S003_20260818_154538_12_008.mp4,2026-08-18T15:45:38+09:00,4.000,30.000,1280,720,0,False,accepted
S003_20260818_154538_12_009,S003,20260818_154538,12,ㅌ,9,S003/12_ㅌ/S003_20260818_154538_12_009.mp4,2026-08-18T15:45:38+09:00,4.033,30.000,1280,720,0,False,accepted
S003_20260818_154538_12_010,S003,20260818_154538,12,ㅌ,10,S003/12_ㅌ/S003_20260818_154538_12_010.mp4,2026-08-18T15:45:38+09:00,4.000,30.000,1280,720,0,False,accepted
S003_20260818_154538_13_001,S003,20260818_154538,13,ㅍ,1,S003/13_ㅍ/S003_20260818_154538_13_001.mp4,2026-08-18T15:45:38+09:00,4.033,30.000,1280,720,0,False,accepted
S003_20260818_154538_13_002,S003,20260818_154538,13,ㅍ,2,S003/13_ㅍ/S003_20260818_154538_13_002.mp4,2026-08-18T15:45:38+09:00,4.033,30.000,1280,720,0,False,accepted
S003_20260818_154538_13_003,S003,20260818_154538,13,ㅍ,3,S003/13_ㅍ/S003_20260818_154538_13_003.mp4,2026-08-18T15:45:38+09:00,4.033,30.000,1280,720,0,False,accepted
S003_20260818_154538_13_004,S003,20260818_154538,13,ㅍ,4,S003/13_ㅍ/S003_20260818_154538_13_004.mp4,2026-08-18T15:45:38+09:00,4.067,30.000,1280,720,0,False,accepted
S003_20260818_154538_13_005,S003,20260818_154538,13,ㅍ,5,S003/13_ㅍ/S003_20260818_154538_13_005.mp4,2026-08-18T15:45:38+09:00,4.000,30.000,1280,720,0,False,accepted
S003_20260818_154538_13_006,S003,20260818_154538,13,ㅍ,6,S003/13_ㅍ/S003_20260818_154538_13_006.mp4,2026-08-18T15:45:38+09:00,4.033,30.000,1280,720,0,False,accepted
S003_20260818_154538_13_007,S003,20260818_154538,13,ㅍ,7,S003/13_ㅍ/S003_20260818_154538_13_007.mp4,2026-08-18T15:45:38+09:00,4.033,30.000,1280,720,0,False,accepted
S003_20260818_154538_13_008,S003,20260818_154538,13,ㅍ,8,S003/13_ㅍ/S003_20260818_154538_13_008.mp4,2026-08-18T15:45:38+09:00,4.033,30.000,1280,720,0,False,accepted
S003_20260818_154538_13_009,S003,20260818_154538,13,ㅍ,9,S003/13_ㅍ/S003_20260818_154538_13_009.mp4,2026-08-18T15:45:38+09:00,4.033,30.000,1280,720,0,False,accepted
S003_20260818_154538_13_010,S003,20260818_154538,13,ㅍ,10,S003/13_ㅍ/S003_20260818_154538_13_010.mp4,2026-08-18T15:45:38+09:00,4.067,30.000,1280,720,0,False,accepted
S003_20260818_154538_14_001,S003,20260818_154538,14,ㅎ,1,S003/14_ㅎ/S003_20260818_154538_14_001.mp4,2026-08-18T15:45:38+09:00,4.033,30.000,1280,720,0,False,accepted
S003_20260818_154538_14_002,S003,20260818_154538,14,ㅎ,2,S003/14_ㅎ/S003_20260818_154538_14_002.mp4,2026-08-18T15:45:38+09:00,4.033,30.000,1280,720,0,False,accepted
S003_20260818_154538_14_003,S003,20260818_154538,14,ㅎ,3,S003/14_ㅎ/S003_20260818_154538_14_003.mp4,2026-08-18T15:45:38+09:00,4.033,30.000,1280,720,0,False,accepted
S003_20260818_154538_14_004,S003,20260818_154538,14,ㅎ,4,S003/14_ㅎ/S003_20260818_154538_14_004.mp4,2026-08-18T15:45:38+09:00,4.033,30.000,1280,720,0,False,accepted
S003_20260818_154538_14_005,S003,20260818_154538,14,ㅎ,5,S003/14_ㅎ/S003_20260818_154538_14_005.mp4,2026-08-18T15:45:38+09:00,4.033,30.000,1280,720,0,False,accepted
S003_20260818_154538_14_006,S003,20260818_154538,14,ㅎ,6,S003/14_ㅎ/S003_20260818_154538_14_006.mp4,2026-08-18T15:45:38+09:00,4.033,30.000,1280,720,0,False,accepted
S003_20260818_154538_14_007,S003,20260818_154538,14,ㅎ,7,S003/14_ㅎ/S003_20260818_154538_14_007.mp4,2026-08-18T15:45:38+09:00,4.033,30.000,1280,720,0,False,accepted
S003_20260818_154538_14_008,S003,20260818_154538,14,ㅎ,8,S003/14_ㅎ/S003_20260818_154538_14_008.mp4,2026-08-18T15:45:38+09:00,4.033,30.000,1280,720,0,False,accepted
S003_20260818_154538_14_009,S003,20260818_154538,14,ㅎ,9,S003/14_ㅎ/S003_20260818_154538_14_009.mp4,2026-08-18T15:45:38+09:00,4.033,30.000,1280,720,0,False,accepted
S003_20260818_154538_14_010,S003,20260818_154538,14,ㅎ,10,S003/14_ㅎ/S003_20260818_154538_14_010.mp4,2026-08-18T15:45:38+09:00,4.033,30.000,1280,720,0,False,accepted
S003_20260818_154538_20_001,S003,20260818_154538,20,ㅏ,1,S003/20_ㅏ/S003_20260818_154538_20_001.mp4,2026-08-18T15:45:38+09:00,4.033,30.000,1280,720,0,False,accepted
S003_20260818_154538_20_002,S003,20260818_154538,20,ㅏ,2,S003/20_ㅏ/S003_20260818_154538_20_002.mp4,2026-08-18T15:45:38+09:00,4.033,30.000,1280,720,0,False,accepted
S003_20260818_154538_20_003,S003,20260818_154538,20,ㅏ,3,S003/20_ㅏ/S003_20260818_154538_20_003.mp4,2026-08-18T15:45:38+09:00,4.067,30.000,1280,720,0,False,accepted
S003_20260818_154538_20_004,S003,20260818_154538,20,ㅏ,4,S003/20_ㅏ/S003_20260818_154538_20_004.mp4,2026-08-18T15:45:38+09:00,4.033,30.000,1280,720,0,False,accepted
S003_20260818_154538_20_005,S003,20260818_154538,20,ㅏ,5,S003/20_ㅏ/S003_20260818_154538_20_005.mp4,2026-08-18T15:45:38+09:00,4.033,30.000,1280,720,0,False,accepted
S003_20260818_154538_20_006,S003,20260818_154538,20,ㅏ,6,S003/20_ㅏ/S003_20260818_154538_20_006.mp4,2026-08-18T15:45:38+09:00,4.033,30.000,1280,720,0,False,accepted
S003_20260818_154538_20_007,S003,20260818_154538,20,ㅏ,7,S003/20_ㅏ/S003_20260818_154538_20_007.mp4,2026-08-18T15:45:38+09:00,4.033,30.000,1280,720,0,False,accepted
S003_20260818_154538_20_008,S003,20260818_154538,20,ㅏ,8,S003/20_ㅏ/S003_20260818_154538_20_008.mp4,2026-08-18T15:45:38+09:00,4.033,30.000,1280,720,0,False,accepted
S003_20260818_154538_20_009,S003,20260818_154538,20,ㅏ,9,S003/20_ㅏ/S003_20260818_154538_20_009.mp4,2026-08-18T15:45:38+09:00,4.033,30.000,1280,720,0,False,accepted
S003_20260818_154538_20_010,S003,20260818_154538,20,ㅏ,10,S003/20_ㅏ/S003_20260818_154538_20_010.mp4,2026-08-18T15:45:38+09:00,4.033,30.000,1280,720,0,False,accepted
S003_20260818_154538_20_011,S003,20260818_154538,20,ㅏ,11,S003/20_ㅏ/S003_20260818_154538_20_011.mp4,2026-08-18T15:45:38+09:00,4.067,30.000,1280,720,0,False,accepted
S003_20260818_154538_20_012,S003,20260818_154538,20,ㅏ,12,S003/20_ㅏ/S003_20260818_154538_20_012.mp4,2026-08-18T15:45:38+09:00,4.067,30.000,1280,720,0,False,accepted
S003_20260818_154538_20_013,S003,20260818_154538,20,ㅏ,13,S003/20_ㅏ/S003_20260818_154538_20_013.mp4,2026-08-18T15:45:38+09:00,4.033,30.000,1280,720,0,False,accepted
S003_20260818_154538_20_014,S003,20260818_154538,20,ㅏ,14,S003/20_ㅏ/S003_20260818_154538_20_014.mp4,2026-08-18T15:45:38+09:00,4.033,30.000,1280,720,0,False,accepted
S003_20260818_154538_20_015,S003,20260818_154538,20,ㅏ,15,S003/20_ㅏ/S003_20260818_154538_20_015.mp4,2026-08-18T15:45:38+09:00,4.033,30.000,1280,720,0,False,accepted
S003_20260818_154538_20_016,S003,20260818_154538,20,ㅏ,16,S003/20_ㅏ/S003_20260818_154538_20_016.mp4,2026-08-18T15:45:38+09:00,4.033,30.000,1280,720,0,False,accepted
S003_20260818_154538_20_017,S003,20260818_154538,20,ㅏ,17,S003/20_ㅏ/S003_20260818_154538_20_017.mp4,2026-08-18T15:45:38+09:00,4.033,30.000,1280,720,0,False,accepted
S003_20260818_154538_20_018,S003,20260818_154538,20,ㅏ,18,S003/20_ㅏ/S003_20260818_154538_20_018.mp4,2026-08-18T15:45:38+09:00,4.033,30.000,1280,720,0,False,accepted
S003_20260818_154538_20_019,S003,20260818_154538,20,ㅏ,19,S003/20_ㅏ/S003_20260818_154538_20_019.mp4,2026-08-18T15:45:38+09:00,4.067,30.000,1280,720,0,False,accepted
S003_20260818_154538_21_001,S003,20260818_154538,21,ㅑ,1,S003/21_ㅑ/S003_20260818_154538_21_001.mp4,2026-08-18T15:45:38+09:00,4.033,30.000,1280,720,0,False,accepted
S003_20260818_154538_21_002,S003,20260818_154538,21,ㅑ,2,S003/21_ㅑ/S003_20260818_154538_21_002.mp4,2026-08-18T15:45:38+09:00,4.033,30.000,1280,720,0,False,accepted
S003_20260818_154538_21_003,S003,20260818_154538,21,ㅑ,3,S003/21_ㅑ/S003_20260818_154538_21_003.mp4,2026-08-18T15:45:38+09:00,4.033,30.000,1280,720,0,False,accepted
S003_20260818_154538_21_004,S003,20260818_154538,21,ㅑ,4,S003/21_ㅑ/S003_20260818_154538_21_004.mp4,2026-08-18T15:45:38+09:00,4.067,30.000,1280,720,0,False,accepted
S003_20260818_154538_21_005,S003,20260818_154538,21,ㅑ,5,S003/21_ㅑ/S003_20260818_154538_21_005.mp4,2026-08-18T15:45:38+09:00,4.033,30.000,1280,720,0,False,accepted
S003_20260818_154538_21_006,S003,20260818_154538,21,ㅑ,6,S003/21_ㅑ/S003_20260818_154538_21_006.mp4,2026-08-18T15:45:38+09:00,4.000,30.000,1280,720,0,False,accepted
S003_20260818_154538_21_007,S003,20260818_154538,21,ㅑ,7,S003/21_ㅑ/S003_20260818_154538_21_007.mp4,2026-08-18T15:45:38+09:00,4.033,30.000,1280,720,0,False,accepted
S003_20260818_154538_21_008,S003,20260818_154538,21,ㅑ,8,S003/21_ㅑ/S003_20260818_154538_21_008.mp4,2026-08-18T15:45:38+09:00,4.033,30.000,1280,720,0,False,accepted
S003_20260818_154538_21_009,S003,20260818_154538,21,ㅑ,9,S003/21_ㅑ/S003_20260818_154538_21_009.mp4,2026-08-18T15:45:38+09:00,4.033,30.000,1280,720,0,False,accepted
S003_20260818_154538_21_010,S003,20260818_154538,21,ㅑ,10,S003/21_ㅑ/S003_20260818_154538_21_010.mp4,2026-08-18T15:45:38+09:00,4.067,30.000,1280,720,0,False,accepted
S003_20260818_154538_21_011,S003,20260818_154538,21,ㅑ,11,S003/21_ㅑ/S003_20260818_154538_21_011.mp4,2026-08-18T15:45:38+09:00,4.000,30.000,1280,720,0,False,accepted
S003_20260818_154538_22_001,S003,20260818_154538,22,ㅓ,1,S003/22_ㅓ/S003_20260818_154538_22_001.mp4,2026-08-18T15:45:38+09:00,4.033,30.000,1280,720,0,False,accepted
S003_20260818_154538_22_002,S003,20260818_154538,22,ㅓ,2,S003/22_ㅓ/S003_20260818_154538_22_002.mp4,2026-08-18T15:45:38+09:00,4.033,30.000,1280,720,0,False,accepted
S003_20260818_154538_22_003,S003,20260818_154538,22,ㅓ,3,S003/22_ㅓ/S003_20260818_154538_22_003.mp4,2026-08-18T15:45:38+09:00,4.033,30.000,1280,720,0,False,accepted
S003_20260818_154538_22_004,S003,20260818_154538,22,ㅓ,4,S003/22_ㅓ/S003_20260818_154538_22_004.mp4,2026-08-18T15:45:38+09:00,4.067,30.000,1280,720,0,False,accepted
S003_20260818_154538_22_005,S003,20260818_154538,22,ㅓ,5,S003/22_ㅓ/S003_20260818_154538_22_005.mp4,2026-08-18T15:45:38+09:00,4.033,30.000,1280,720,0,False,accepted
S003_20260818_154538_22_006,S003,20260818_154538,22,ㅓ,6,S003/22_ㅓ/S003_20260818_154538_22_006.mp4,2026-08-18T15:45:38+09:00,4.033,30.000,1280,720,0,False,accepted
S003_20260818_154538_22_007,S003,20260818_154538,22,ㅓ,7,S003/22_ㅓ/S003_20260818_154538_22_007.mp4,2026-08-18T15:45:38+09:00,4.033,30.000,1280,720,0,False,accepted
S003_20260818_154538_22_008,S003,20260818_154538,22,ㅓ,8,S003/22_ㅓ/S003_20260818_154538_22_008.mp4,2026-08-18T15:45:38+09:00,4.033,30.000,1280,720,0,False,accepted
S003_20260818_154538_22_009,S003,20260818_154538,22,ㅓ,9,S003/22_ㅓ/S003_20260818_154538_22_009.mp4,2026-08-18T15:45:38+09:00,4.000,30.000,1280,720,0,False,accepted
S003_20260818_154538_22_010,S003,20260818_154538,22,ㅓ,10,S003/22_ㅓ/S003_20260818_154538_22_010.mp4,2026-08-18T15:45:38+09:00,4.033,30.000,1280,720,0,False,accepted
S003_20260818_154538_23_001,S003,20260818_154538,23,ㅕ,1,S003/23_ㅕ/S003_20260818_154538_23_001.mp4,2026-08-18T15:45:38+09:00,4.033,30.000,1280,720,0,False,accepted
S003_20260818_154538_23_002,S003,20260818_154538,23,ㅕ,2,S003/23_ㅕ/S003_20260818_154538_23_002.mp4,2026-08-18T15:45:38+09:00,4.033,30.000,1280,720,0,False,accepted
S003_20260818_154538_23_003,S003,20260818_154538,23,ㅕ,3,S003/23_ㅕ/S003_20260818_154538_23_003.mp4,2026-08-18T15:45:38+09:00,4.067,30.000,1280,720,0,False,accepted
S003_20260818_154538_23_004,S003,20260818_154538,23,ㅕ,4,S003/23_ㅕ/S003_20260818_154538_23_004.mp4,2026-08-18T15:45:38+09:00,4.033,30.000,1280,720,0,False,accepted
S003_20260818_154538_23_005,S003,20260818_154538,23,ㅕ,5,S003/23_ㅕ/S003_20260818_154538_23_005.mp4,2026-08-18T15:45:38+09:00,4.033,30.000,1280,720,0,False,accepted
S003_20260818_154538_23_006,S003,20260818_154538,23,ㅕ,6,S003/23_ㅕ/S003_20260818_154538_23_006.mp4,2026-08-18T15:45:38+09:00,4.033,30.000,1280,720,0,False,accepted
S003_20260818_154538_23_007,S003,20260818_154538,23,ㅕ,7,S003/23_ㅕ/S003_20260818_154538_23_007.mp4,2026-08-18T15:45:38+09:00,4.033,30.000,1280,720,0,False,accepted
S003_20260818_154538_23_008,S003,20260818_154538,23,ㅕ,8,S003/23_ㅕ/S003_20260818_154538_23_008.mp4,2026-08-18T15:45:38+09:00,4.033,30.000,1280,720,0,False,accepted
S003_20260818_154538_23_009,S003,20260818_154538,23,ㅕ,9,S003/23_ㅕ/S003_20260818_154538_23_009.mp4,2026-08-18T15:45:38+09:00,4.033,30.000,1280,720,0,False,accepted
S003_20260818_154538_23_010,S003,20260818_154538,23,ㅕ,10,S003/23_ㅕ/S003_20260818_154538_23_010.mp4,2026-08-18T15:45:38+09:00,4.033,30.000,1280,720,0,False,accepted
S003_20260818_154538_24_001,S003,20260818_154538,24,ㅗ,1,S003/24_ㅗ/S003_20260818_154538_24_001.mp4,2026-08-18T15:45:38+09:00,4.033,30.000,1280,720,0,False,accepted
S003_20260818_154538_24_002,S003,20260818_154538,24,ㅗ,2,S003/24_ㅗ/S003_20260818_154538_24_002.mp4,2026-08-18T15:45:38+09:00,4.033,30.000,1280,720,0,False,accepted
S003_20260818_154538_24_003,S003,20260818_154538,24,ㅗ,3,S003/24_ㅗ/S003_20260818_154538_24_003.mp4,2026-08-18T15:45:38+09:00,4.033,30.000,1280,720,0,False,accepted
S003_20260818_154538_24_004,S003,20260818_154538,24,ㅗ,4,S003/24_ㅗ/S003_20260818_154538_24_004.mp4,2026-08-18T15:45:38+09:00,4.033,30.000,1280,720,0,False,accepted
S003_20260818_154538_24_005,S003,20260818_154538,24,ㅗ,5,S003/24_ㅗ/S003_20260818_154538_24_005.mp4,2026-08-18T15:45:38+09:00,4.067,30.000,1280,720,0,False,accepted
S003_20260818_154538_24_006,S003,20260818_154538,24,ㅗ,6,S003/24_ㅗ/S003_20260818_154538_24_006.mp4,2026-08-18T15:45:38+09:00,4.067,30.000,1280,720,0,False,accepted
S003_20260818_154538_24_007,S003,20260818_154538,24,ㅗ,7,S003/24_ㅗ/S003_20260818_154538_24_007.mp4,2026-08-18T15:45:38+09:00,4.033,30.000,1280,720,0,False,accepted
S003_20260818_154538_24_008,S003,20260818_154538,24,ㅗ,8,S003/24_ㅗ/S003_20260818_154538_24_008.mp4,2026-08-18T15:45:38+09:00,4.033,30.000,1280,720,0,False,accepted
S003_20260818_154538_24_009,S003,20260818_154538,24,ㅗ,9,S003/24_ㅗ/S003_20260818_154538_24_009.mp4,2026-08-18T15:45:38+09:00,4.033,30.000,1280,720,0,False,accepted
S003_20260818_154538_24_010,S003,20260818_154538,24,ㅗ,10,S003/24_ㅗ/S003_20260818_154538_24_010.mp4,2026-08-18T15:45:38+09:00,4.033,30.000,1280,720,0,False,accepted
S003_20260818_154538_25_001,S003,20260818_154538,25,ㅛ,1,S003/25_ㅛ/S003_20260818_154538_25_001.mp4,2026-08-18T15:45:38+09:00,4.067,30.000,1280,720,0,False,accepted
S003_20260818_154538_25_002,S003,20260818_154538,25,ㅛ,2,S003/25_ㅛ/S003_20260818_154538_25_002.mp4,2026-08-18T15:45:38+09:00,4.067,30.000,1280,720,0,False,accepted
S003_20260818_154538_25_003,S003,20260818_154538,25,ㅛ,3,S003/25_ㅛ/S003_20260818_154538_25_003.mp4,2026-08-18T15:45:38+09:00,4.100,30.000,1280,720,0,False,accepted
S003_20260818_154538_25_004,S003,20260818_154538,25,ㅛ,4,S003/25_ㅛ/S003_20260818_154538_25_004.mp4,2026-08-18T15:45:38+09:00,4.033,30.000,1280,720,0,False,accepted
S003_20260818_154538_25_005,S003,20260818_154538,25,ㅛ,5,S003/25_ㅛ/S003_20260818_154538_25_005.mp4,2026-08-18T15:45:38+09:00,4.033,30.000,1280,720,0,False,accepted
S003_20260818_154538_25_006,S003,20260818_154538,25,ㅛ,6,S003/25_ㅛ/S003_20260818_154538_25_006.mp4,2026-08-18T15:45:38+09:00,4.067,30.000,1280,720,0,False,accepted
S003_20260818_154538_25_007,S003,20260818_154538,25,ㅛ,7,S003/25_ㅛ/S003_20260818_154538_25_007.mp4,2026-08-18T15:45:38+09:00,4.067,30.000,1280,720,0,False,accepted
S003_20260818_154538_25_008,S003,20260818_154538,25,ㅛ,8,S003/25_ㅛ/S003_20260818_154538_25_008.mp4,2026-08-18T15:45:38+09:00,4.033,30.000,1280,720,0,False,accepted
S003_20260818_154538_25_009,S003,20260818_154538,25,ㅛ,9,S003/25_ㅛ/S003_20260818_154538_25_009.mp4,2026-08-18T15:45:38+09:00,4.033,30.000,1280,720,0,False,accepted
S003_20260818_154538_25_010,S003,20260818_154538,25,ㅛ,10,S003/25_ㅛ/S003_20260818_154538_25_010.mp4,2026-08-18T15:45:38+09:00,4.067,30.000,1280,720,0,False,accepted
S003_20260818_154538_26_001,S003,20260818_154538,26,ㅜ,1,S003/26_ㅜ/S003_20260818_154538_26_001.mp4,2026-08-18T15:45:38+09:00,4.067,30.000,1280,720,0,False,accepted
S003_20260818_154538_26_002,S003,20260818_154538,26,ㅜ,2,S003/26_ㅜ/S003_20260818_154538_26_002.mp4,2026-08-18T15:45:38+09:00,4.033,30.000,1280,720,0,False,accepted
S003_20260818_154538_26_003,S003,20260818_154538,26,ㅜ,3,S003/26_ㅜ/S003_20260818_154538_26_003.mp4,2026-08-18T15:45:38+09:00,4.067,30.000,1280,720,0,False,accepted
S003_20260818_154538_26_004,S003,20260818_154538,26,ㅜ,4,S003/26_ㅜ/S003_20260818_154538_26_004.mp4,2026-08-18T15:45:38+09:00,4.067,30.000,1280,720,0,False,accepted
S003_20260818_154538_26_005,S003,20260818_154538,26,ㅜ,5,S003/26_ㅜ/S003_20260818_154538_26_005.mp4,2026-08-18T15:45:38+09:00,4.000,30.000,1280,720,0,False,accepted
S003_20260818_154538_26_006,S003,20260818_154538,26,ㅜ,6,S003/26_ㅜ/S003_20260818_154538_26_006.mp4,2026-08-18T15:45:38+09:00,4.000,30.000,1280,720,0,False,accepted
S003_20260818_154538_26_007,S003,20260818_154538,26,ㅜ,7,S003/26_ㅜ/S003_20260818_154538_26_007.mp4,2026-08-18T15:45:38+09:00,4.033,30.000,1280,720,0,False,accepted
S003_20260818_154538_26_008,S003,20260818_154538,26,ㅜ,8,S003/26_ㅜ/S003_20260818_154538_26_008.mp4,2026-08-18T15:45:38+09:00,4.033,30.000,1280,720,0,False,accepted
S003_20260818_154538_26_009,S003,20260818_154538,26,ㅜ,9,S003/26_ㅜ/S003_20260818_154538_26_009.mp4,2026-08-18T15:45:38+09:00,4.067,30.000,1280,720,0,False,accepted
S003_20260818_154538_26_010,S003,20260818_154538,26,ㅜ,10,S003/26_ㅜ/S003_20260818_154538_26_010.mp4,2026-08-18T15:45:38+09:00,4.067,30.000,1280,720,0,False,accepted
S003_20260818_154538_27_001,S003,20260818_154538,27,ㅠ,1,S003/27_ㅠ/S003_20260818_154538_27_001.mp4,2026-08-18T15:45:38+09:00,4.033,30.000,1280,720,0,False,accepted
S003_20260818_154538_27_002,S003,20260818_154538,27,ㅠ,2,S003/27_ㅠ/S003_20260818_154538_27_002.mp4,2026-08-18T15:45:38+09:00,4.033,30.000,1280,720,0,False,accepted
S003_20260818_154538_27_003,S003,20260818_154538,27,ㅠ,3,S003/27_ㅠ/S003_20260818_154538_27_003.mp4,2026-08-18T15:45:38+09:00,4.000,30.000,1280,720,0,False,accepted
S003_20260818_154538_27_004,S003,20260818_154538,27,ㅠ,4,S003/27_ㅠ/S003_20260818_154538_27_004.mp4,2026-08-18T15:45:38+09:00,4.067,30.000,1280,720,0,False,accepted
S003_20260818_154538_27_005,S003,20260818_154538,27,ㅠ,5,S003/27_ㅠ/S003_20260818_154538_27_005.mp4,2026-08-18T15:45:38+09:00,4.033,30.000,1280,720,0,False,accepted
S003_20260818_154538_27_006,S003,20260818_154538,27,ㅠ,6,S003/27_ㅠ/S003_20260818_154538_27_006.mp4,2026-08-18T15:45:38+09:00,4.067,30.000,1280,720,0,False,accepted
S003_20260818_154538_27_007,S003,20260818_154538,27,ㅠ,7,S003/27_ㅠ/S003_20260818_154538_27_007.mp4,2026-08-18T15:45:38+09:00,4.033,30.000,1280,720,0,False,accepted
S003_20260818_154538_27_008,S003,20260818_154538,27,ㅠ,8,S003/27_ㅠ/S003_20260818_154538_27_008.mp4,2026-08-18T15:45:38+09:00,4.067,30.000,1280,720,0,False,accepted
S003_20260818_154538_27_009,S003,20260818_154538,27,ㅠ,9,S003/27_ㅠ/S003_20260818_154538_27_009.mp4,2026-08-18T15:45:38+09:00,4.067,30.000,1280,720,0,False,accepted
S003_20260818_154538_27_010,S003,20260818_154538,27,ㅠ,10,S003/27_ㅠ/S003_20260818_154538_27_010.mp4,2026-08-18T15:45:38+09:00,4.033,30.000,1280,720,0,False,accepted
S003_20260818_154538_28_001,S003,20260818_154538,28,ㅡ,1,S003/28_ㅡ/S003_20260818_154538_28_001.mp4,2026-08-18T15:45:38+09:00,4.000,30.000,1280,720,0,False,accepted
S003_20260818_154538_28_002,S003,20260818_154538,28,ㅡ,2,S003/28_ㅡ/S003_20260818_154538_28_002.mp4,2026-08-18T15:45:38+09:00,4.067,30.000,1280,720,0,False,accepted
S003_20260818_154538_28_003,S003,20260818_154538,28,ㅡ,3,S003/28_ㅡ/S003_20260818_154538_28_003.mp4,2026-08-18T15:45:38+09:00,4.033,30.000,1280,720,0,False,accepted
S003_20260818_154538_28_004,S003,20260818_154538,28,ㅡ,4,S003/28_ㅡ/S003_20260818_154538_28_004.mp4,2026-08-18T15:45:38+09:00,4.067,30.000,1280,720,0,False,accepted
S003_20260818_154538_28_005,S003,20260818_154538,28,ㅡ,5,S003/28_ㅡ/S003_20260818_154538_28_005.mp4,2026-08-18T15:45:38+09:00,4.033,30.000,1280,720,0,False,accepted
S003_20260818_154538_28_006,S003,20260818_154538,28,ㅡ,6,S003/28_ㅡ/S003_20260818_154538_28_006.mp4,2026-08-18T15:45:38+09:00,4.033,30.000,1280,720,0,False,accepted
S003_20260818_154538_28_007,S003,20260818_154538,28,ㅡ,7,S003/28_ㅡ/S003_20260818_154538_28_007.mp4,2026-08-18T15:45:38+09:00,4.000,30.000,1280,720,0,False,accepted
S003_20260818_154538_28_008,S003,20260818_154538,28,ㅡ,8,S003/28_ㅡ/S003_20260818_154538_28_008.mp4,2026-08-18T15:45:38+09:00,4.033,30.000,1280,720,0,False,accepted
S003_20260818_154538_28_009,S003,20260818_154538,28,ㅡ,9,S003/28_ㅡ/S003_20260818_154538_28_009.mp4,2026-08-18T15:45:38+09:00,4.067,30.000,1280,720,0,False,accepted
S003_20260818_154538_28_010,S003,20260818_154538,28,ㅡ,10,S003/28_ㅡ/S003_20260818_154538_28_010.mp4,2026-08-18T15:45:38+09:00,4.033,30.000,1280,720,0,False,accepted
S003_20260818_154538_29_001,S003,20260818_154538,29,ㅣ,1,S003/29_ㅣ/S003_20260818_154538_29_001.mp4,2026-08-18T15:45:38+09:00,4.033,30.000,1280,720,0,False,accepted
S003_20260818_154538_29_002,S003,20260818_154538,29,ㅣ,2,S003/29_ㅣ/S003_20260818_154538_29_002.mp4,2026-08-18T15:45:38+09:00,4.033,30.000,1280,720,0,False,accepted
S003_20260818_154538_29_003,S003,20260818_154538,29,ㅣ,3,S003/29_ㅣ/S003_20260818_154538_29_003.mp4,2026-08-18T15:45:38+09:00,4.000,30.000,1280,720,0,False,accepted
S003_20260818_154538_29_004,S003,20260818_154538,29,ㅣ,4,S003/29_ㅣ/S003_20260818_154538_29_004.mp4,2026-08-18T15:45:38+09:00,4.000,30.000,1280,720,0,False,accepted
S003_20260818_154538_29_005,S003,20260818_154538,29,ㅣ,5,S003/29_ㅣ/S003_20260818_154538_29_005.mp4,2026-08-18T15:45:38+09:00,4.033,30.000,1280,720,0,False,accepted
S003_20260818_154538_29_006,S003,20260818_154538,29,ㅣ,6,S003/29_ㅣ/S003_20260818_154538_29_006.mp4,2026-08-18T15:45:38+09:00,4.033,30.000,1280,720,0,False,accepted
S003_20260818_154538_29_007,S003,20260818_154538,29,ㅣ,7,S003/29_ㅣ/S003_20260818_154538_29_007.mp4,2026-08-18T15:45:38+09:00,4.067,30.000,1280,720,0,False,accepted
S003_20260818_154538_29_008,S003,20260818_154538,29,ㅣ,8,S003/29_ㅣ/S003_20260818_154538_29_008.mp4,2026-08-18T15:45:38+09:00,4.033,30.000,1280,720,0,False,accepted
S003_20260818_154538_29_009,S003,20260818_154538,29,ㅣ,9,S003/29_ㅣ/S003_20260818_154538_29_009.mp4,2026-08-18T15:45:38+09:00,4.033,30.000,1280,720,0,False,accepted
S003_20260818_154538_29_010,S003,20260818_154538,29,ㅣ,10,S003/29_ㅣ/S003_20260818_154538_29_010.mp4,2026-08-18T15:45:38+09:00,4.067,30.000,1280,720,0,False,accepted
S003_20260818_154538_30_001,S003,20260818_154538,30,ㅐ,1,S003/30_ㅐ/S003_20260818_154538_30_001.mp4,2026-08-18T15:45:38+09:00,4.033,30.000,1280,720,0,False,accepted
S003_20260818_154538_30_002,S003,20260818_154538,30,ㅐ,2,S003/30_ㅐ/S003_20260818_154538_30_002.mp4,2026-08-18T15:45:38+09:00,4.033,30.000,1280,720,0,False,accepted
S003_20260818_154538_30_003,S003,20260818_154538,30,ㅐ,3,S003/30_ㅐ/S003_20260818_154538_30_003.mp4,2026-08-18T15:45:38+09:00,4.033,30.000,1280,720,0,False,accepted
S003_20260818_154538_30_004,S003,20260818_154538,30,ㅐ,4,S003/30_ㅐ/S003_20260818_154538_30_004.mp4,2026-08-18T15:45:38+09:00,4.033,30.000,1280,720,0,False,accepted
S003_20260818_154538_30_005,S003,20260818_154538,30,ㅐ,5,S003/30_ㅐ/S003_20260818_154538_30_005.mp4,2026-08-18T15:45:38+09:00,4.000,30.000,1280,720,0,False,accepted
S003_20260818_154538_30_006,S003,20260818_154538,30,ㅐ,6,S003/30_ㅐ/S003_20260818_154538_30_006.mp4,2026-08-18T15:45:38+09:00,4.033,30.000,1280,720,0,False,accepted
S003_20260818_154538_30_007,S003,20260818_154538,30,ㅐ,7,S003/30_ㅐ/S003_20260818_154538_30_007.mp4,2026-08-18T15:45:38+09:00,4.067,30.000,1280,720,0,False,accepted
S003_20260818_154538_30_008,S003,20260818_154538,30,ㅐ,8,S003/30_ㅐ/S003_20260818_154538_30_008.mp4,2026-08-18T15:45:38+09:00,4.033,30.000,1280,720,0,False,accepted
S003_20260818_154538_30_009,S003,20260818_154538,30,ㅐ,9,S003/30_ㅐ/S003_20260818_154538_30_009.mp4,2026-08-18T15:45:38+09:00,4.033,30.000,1280,720,0,False,accepted
S003_20260818_154538_30_010,S003,20260818_154538,30,ㅐ,10,S003/30_ㅐ/S003_20260818_154538_30_010.mp4,2026-08-18T15:45:38+09:00,4.033,30.000,1280,720,0,False,accepted
S003_20260818_154538_31_001,S003,20260818_154538,31,ㅒ,1,S003/31_ㅒ/S003_20260818_154538_31_001.mp4,2026-08-18T15:45:38+09:00,4.033,30.000,1280,720,0,False,accepted
S003_20260818_154538_31_002,S003,20260818_154538,31,ㅒ,2,S003/31_ㅒ/S003_20260818_154538_31_002.mp4,2026-08-18T15:45:38+09:00,4.033,30.000,1280,720,0,False,accepted
S003_20260818_154538_31_003,S003,20260818_154538,31,ㅒ,3,S003/31_ㅒ/S003_20260818_154538_31_003.mp4,2026-08-18T15:45:38+09:00,4.033,30.000,1280,720,0,False,accepted
S003_20260818_154538_31_004,S003,20260818_154538,31,ㅒ,4,S003/31_ㅒ/S003_20260818_154538_31_004.mp4,2026-08-18T15:45:38+09:00,4.067,30.000,1280,720,0,False,accepted
S003_20260818_154538_31_005,S003,20260818_154538,31,ㅒ,5,S003/31_ㅒ/S003_20260818_154538_31_005.mp4,2026-08-18T15:45:38+09:00,4.067,30.000,1280,720,0,False,accepted
S003_20260818_154538_31_006,S003,20260818_154538,31,ㅒ,6,S003/31_ㅒ/S003_20260818_154538_31_006.mp4,2026-08-18T15:45:38+09:00,4.033,30.000,1280,720,0,False,accepted
S003_20260818_154538_31_007,S003,20260818_154538,31,ㅒ,7,S003/31_ㅒ/S003_20260818_154538_31_007.mp4,2026-08-18T15:45:38+09:00,4.033,30.000,1280,720,0,False,accepted
S003_20260818_154538_31_008,S003,20260818_154538,31,ㅒ,8,S003/31_ㅒ/S003_20260818_154538_31_008.mp4,2026-08-18T15:45:38+09:00,4.000,30.000,1280,720,0,False,accepted
S003_20260818_154538_31_009,S003,20260818_154538,31,ㅒ,9,S003/31_ㅒ/S003_20260818_154538_31_009.mp4,2026-08-18T15:45:38+09:00,4.033,30.000,1280,720,0,False,accepted
S003_20260818_154538_31_010,S003,20260818_154538,31,ㅒ,10,S003/31_ㅒ/S003_20260818_154538_31_010.mp4,2026-08-18T15:45:38+09:00,4.033,30.000,1280,720,0,False,accepted
S003_20260818_154538_32_001,S003,20260818_154538,32,ㅔ,1,S003/32_ㅔ/S003_20260818_154538_32_001.mp4,2026-08-18T15:45:38+09:00,4.033,30.000,1280,720,0,False,accepted
S003_20260818_154538_32_002,S003,20260818_154538,32,ㅔ,2,S003/32_ㅔ/S003_20260818_154538_32_002.mp4,2026-08-18T15:45:38+09:00,4.033,30.000,1280,720,0,False,accepted
S003_20260818_154538_32_003,S003,20260818_154538,32,ㅔ,3,S003/32_ㅔ/S003_20260818_154538_32_003.mp4,2026-08-18T15:45:38+09:00,4.033,30.000,1280,720,0,False,accepted
S003_20260818_154538_32_004,S003,20260818_154538,32,ㅔ,4,S003/32_ㅔ/S003_20260818_154538_32_004.mp4,2026-08-18T15:45:38+09:00,4.067,30.000,1280,720,0,False,accepted
S003_20260818_154538_32_005,S003,20260818_154538,32,ㅔ,5,S003/32_ㅔ/S003_20260818_154538_32_005.mp4,2026-08-18T15:45:38+09:00,4.000,30.000,1280,720,0,False,accepted
S003_20260818_154538_32_006,S003,20260818_154538,32,ㅔ,6,S003/32_ㅔ/S003_20260818_154538_32_006.mp4,2026-08-18T15:45:38+09:00,4.033,30.000,1280,720,0,False,accepted
S003_20260818_154538_32_007,S003,20260818_154538,32,ㅔ,7,S003/32_ㅔ/S003_20260818_154538_32_007.mp4,2026-08-18T15:45:38+09:00,4.033,30.000,1280,720,0,False,accepted
S003_20260818_154538_32_008,S003,20260818_154538,32,ㅔ,8,S003/32_ㅔ/S003_20260818_154538_32_008.mp4,2026-08-18T15:45:38+09:00,4.067,30.000,1280,720,0,False,accepted
S003_20260818_154538_32_009,S003,20260818_154538,32,ㅔ,9,S003/32_ㅔ/S003_20260818_154538_32_009.mp4,2026-08-18T15:45:38+09:00,4.067,30.000,1280,720,0,False,accepted
S003_20260818_154538_32_010,S003,20260818_154538,32,ㅔ,10,S003/32_ㅔ/S003_20260818_154538_32_010.mp4,2026-08-18T15:45:38+09:00,4.033,30.000,1280,720,0,False,accepted
S003_20260818_154538_33_001,S003,20260818_154538,33,ㅖ,1,S003/33_ㅖ/S003_20260818_154538_33_001.mp4,2026-08-18T15:45:38+09:00,4.067,30.000,1280,720,0,False,accepted
S003_20260818_154538_33_002,S003,20260818_154538,33,ㅖ,2,S003/33_ㅖ/S003_20260818_154538_33_002.mp4,2026-08-18T15:45:38+09:00,4.033,30.000,1280,720,0,False,accepted
S003_20260818_154538_33_003,S003,20260818_154538,33,ㅖ,3,S003/33_ㅖ/S003_20260818_154538_33_003.mp4,2026-08-18T15:45:38+09:00,4.033,30.000,1280,720,0,False,accepted
S003_20260818_154538_33_004,S003,20260818_154538,33,ㅖ,4,S003/33_ㅖ/S003_20260818_154538_33_004.mp4,2026-08-18T15:45:38+09:00,4.033,30.000,1280,720,0,False,accepted
S003_20260818_154538_33_005,S003,20260818_154538,33,ㅖ,5,S003/33_ㅖ/S003_20260818_154538_33_005.mp4,2026-08-18T15:45:38+09:00,4.033,30.000,1280,720,0,False,accepted
S003_20260818_154538_33_006,S003,20260818_154538,33,ㅖ,6,S003/33_ㅖ/S003_20260818_154538_33_006.mp4,2026-08-18T15:45:38+09:00,4.033,30.000,1280,720,0,False,accepted
S003_20260818_154538_33_007,S003,20260818_154538,33,ㅖ,7,S003/33_ㅖ/S003_20260818_154538_33_007.mp4,2026-08-18T15:45:38+09:00,4.000,30.000,1280,720,0,False,accepted
S003_20260818_154538_33_008,S003,20260818_154538,33,ㅖ,8,S003/33_ㅖ/S003_20260818_154538_33_008.mp4,2026-08-18T15:45:38+09:00,4.033,30.000,1280,720,0,False,accepted
S003_20260818_154538_33_009,S003,20260818_154538,33,ㅖ,9,S003/33_ㅖ/S003_20260818_154538_33_009.mp4,2026-08-18T15:45:38+09:00,4.033,30.000,1280,720,0,False,accepted
S003_20260818_154538_33_010,S003,20260818_154538,33,ㅖ,10,S003/33_ㅖ/S003_20260818_154538_33_010.mp4,2026-08-18T15:45:38+09:00,4.033,30.000,1280,720,0,False,accepted
S003_20260818_154538_34_001,S003,20260818_154538,34,ㅢ,1,S003/34_ㅢ/S003_20260818_154538_34_001.mp4,2026-08-18T15:45:38+09:00,4.067,30.000,1280,720,0,False,accepted
S003_20260818_154538_34_002,S003,20260818_154538,34,ㅢ,2,S003/34_ㅢ/S003_20260818_154538_34_002.mp4,2026-08-18T15:45:38+09:00,4.033,30.000,1280,720,0,False,accepted
S003_20260818_154538_34_003,S003,20260818_154538,34,ㅢ,3,S003/34_ㅢ/S003_20260818_154538_34_003.mp4,2026-08-18T15:45:38+09:00,4.067,30.000,1280,720,0,False,accepted
S003_20260818_154538_34_004,S003,20260818_154538,34,ㅢ,4,S003/34_ㅢ/S003_20260818_154538_34_004.mp4,2026-08-18T15:45:38+09:00,4.033,30.000,1280,720,0,False,accepted
S003_20260818_154538_34_005,S003,20260818_154538,34,ㅢ,5,S003/34_ㅢ/S003_20260818_154538_34_005.mp4,2026-08-18T15:45:38+09:00,4.033,30.000,1280,720,0,False,accepted
S003_20260818_154538_34_006,S003,20260818_154538,34,ㅢ,6,S003/34_ㅢ/S003_20260818_154538_34_006.mp4,2026-08-18T15:45:38+09:00,4.033,30.000,1280,720,0,False,accepted
S003_20260818_154538_34_007,S003,20260818_154538,34,ㅢ,7,S003/34_ㅢ/S003_20260818_154538_34_007.mp4,2026-08-18T15:45:38+09:00,4.033,30.000,1280,720,0,False,accepted
S003_20260818_154538_34_008,S003,20260818_154538,34,ㅢ,8,S003/34_ㅢ/S003_20260818_154538_34_008.mp4,2026-08-18T15:45:38+09:00,4.033,30.000,1280,720,0,False,accepted
S003_20260818_154538_34_009,S003,20260818_154538,34,ㅢ,9,S003/34_ㅢ/S003_20260818_154538_34_009.mp4,2026-08-18T15:45:38+09:00,4.067,30.000,1280,720,0,False,accepted
S003_20260818_154538_34_010,S003,20260818_154538,34,ㅢ,10,S003/34_ㅢ/S003_20260818_154538_34_010.mp4,2026-08-18T15:45:38+09:00,4.067,30.000,1280,720,0,False,accepted
S003_20260818_154538_35_001,S003,20260818_154538,35,ㅚ,1,S003/35_ㅚ/S003_20260818_154538_35_001.mp4,2026-08-18T15:45:38+09:00,4.033,30.000,1280,720,0,False,accepted
S003_20260818_154538_35_002,S003,20260818_154538,35,ㅚ,2,S003/35_ㅚ/S003_20260818_154538_35_002.mp4,2026-08-18T15:45:38+09:00,4.033,30.000,1280,720,0,False,accepted
S003_20260818_154538_35_003,S003,20260818_154538,35,ㅚ,3,S003/35_ㅚ/S003_20260818_154538_35_003.mp4,2026-08-18T15:45:38+09:00,4.000,30.000,1280,720,0,False,accepted
S003_20260818_154538_35_004,S003,20260818_154538,35,ㅚ,4,S003/35_ㅚ/S003_20260818_154538_35_004.mp4,2026-08-18T15:45:38+09:00,4.033,30.000,1280,720,0,False,accepted
S003_20260818_154538_35_005,S003,20260818_154538,35,ㅚ,5,S003/35_ㅚ/S003_20260818_154538_35_005.mp4,2026-08-18T15:45:38+09:00,4.033,30.000,1280,720,0,False,accepted
S003_20260818_154538_35_006,S003,20260818_154538,35,ㅚ,6,S003/35_ㅚ/S003_20260818_154538_35_006.mp4,2026-08-18T15:45:38+09:00,4.033,30.000,1280,720,0,False,accepted
S003_20260818_154538_35_007,S003,20260818_154538,35,ㅚ,7,S003/35_ㅚ/S003_20260818_154538_35_007.mp4,2026-08-18T15:45:38+09:00,4.033,30.000,1280,720,0,False,accepted
S003_20260818_154538_35_008,S003,20260818_154538,35,ㅚ,8,S003/35_ㅚ/S003_20260818_154538_35_008.mp4,2026-08-18T15:45:38+09:00,4.033,30.000,1280,720,0,False,accepted
S003_20260818_154538_35_009,S003,20260818_154538,35,ㅚ,9,S003/35_ㅚ/S003_20260818_154538_35_009.mp4,2026-08-18T15:45:38+09:00,4.033,30.000,1280,720,0,False,accepted
S003_20260818_154538_35_010,S003,20260818_154538,35,ㅚ,10,S003/35_ㅚ/S003_20260818_154538_35_010.mp4,2026-08-18T15:45:38+09:00,4.033,30.000,1280,720,0,False,accepted
S003_20260818_154538_36_001,S003,20260818_154538,36,ㅟ,1,S003/36_ㅟ/S003_20260818_154538_36_001.mp4,2026-08-18T15:45:38+09:00,4.033,30.000,1280,720,0,False,accepted
S003_20260818_154538_36_002,S003,20260818_154538,36,ㅟ,2,S003/36_ㅟ/S003_20260818_154538_36_002.mp4,2026-08-18T15:45:38+09:00,4.033,30.000,1280,720,0,False,accepted
S003_20260818_154538_36_003,S003,20260818_154538,36,ㅟ,3,S003/36_ㅟ/S003_20260818_154538_36_003.mp4,2026-08-18T15:45:38+09:00,4.033,30.000,1280,720,0,False,accepted
S003_20260818_154538_36_004,S003,20260818_154538,36,ㅟ,4,S003/36_ㅟ/S003_20260818_154538_36_004.mp4,2026-08-18T15:45:38+09:00,4.033,30.000,1280,720,0,False,accepted
S003_20260818_154538_36_005,S003,20260818_154538,36,ㅟ,5,S003/36_ㅟ/S003_20260818_154538_36_005.mp4,2026-08-18T15:45:38+09:00,4.033,30.000,1280,720,0,False,accepted
S003_20260818_154538_36_006,S003,20260818_154538,36,ㅟ,6,S003/36_ㅟ/S003_20260818_154538_36_006.mp4,2026-08-18T15:45:38+09:00,4.067,30.000,1280,720,0,False,accepted
S003_20260818_154538_36_007,S003,20260818_154538,36,ㅟ,7,S003/36_ㅟ/S003_20260818_154538_36_007.mp4,2026-08-18T15:45:38+09:00,4.033,30.000,1280,720,0,False,accepted
S003_20260818_154538_36_008,S003,20260818_154538,36,ㅟ,8,S003/36_ㅟ/S003_20260818_154538_36_008.mp4,2026-08-18T15:45:38+09:00,4.033,30.000,1280,720,0,False,accepted
S003_20260818_154538_36_009,S003,20260818_154538,36,ㅟ,9,S003/36_ㅟ/S003_20260818_154538_36_009.mp4,2026-08-18T15:45:38+09:00,4.067,30.000,1280,720,0,False,accepted
S003_20260818_154538_36_010,S003,20260818_154538,36,ㅟ,10,S003/36_ㅟ/S003_20260818_154538_36_010.mp4,2026-08-18T15:45:38+09:00,4.033,30.000,1280,720,0,False,accepted
S004_20260820_184432_01_001,S004,20260820_184432,1,ㄱ,1,S004/01_ㄱ/S004_20260820_184432_01_001.mp4,2026-08-20T18:44:32+09:00,4.067,30.000,1280,720,0,False,accepted
S004_20260820_184432_01_002,S004,20260820_184432,1,ㄱ,2,S004/01_ㄱ/S004_20260820_184432_01_002.mp4,2026-08-20T18:44:32+09:00,4.033,30.000,1280,720,0,False,accepted
S004_20260820_184432_01_003,S004,20260820_184432,1,ㄱ,3,S004/01_ㄱ/S004_20260820_184432_01_003.mp4,2026-08-20T18:44:32+09:00,4.033,30.000,1280,720,0,False,accepted
S004_20260820_184432_01_004,S004,20260820_184432,1,ㄱ,4,S004/01_ㄱ/S004_20260820_184432_01_004.mp4,2026-08-20T18:44:32+09:00,4.033,30.000,1280,720,0,False,accepted
S004_20260820_184432_01_005,S004,20260820_184432,1,ㄱ,5,S004/01_ㄱ/S004_20260820_184432_01_005.mp4,2026-08-20T18:44:32+09:00,4.067,30.000,1280,720,0,False,accepted
S004_20260820_184432_01_006,S004,20260820_184432,1,ㄱ,6,S004/01_ㄱ/S004_20260820_184432_01_006.mp4,2026-08-20T18:44:32+09:00,4.033,30.000,1280,720,0,False,accepted
S004_20260820_184432_01_007,S004,20260820_184432,1,ㄱ,7,S004/01_ㄱ/S004_20260820_184432_01_007.mp4,2026-08-20T18:44:32+09:00,4.033,30.000,1280,720,0,False,accepted
S004_20260820_184432_01_008,S004,20260820_184432,1,ㄱ,8,S004/01_ㄱ/S004_20260820_184432_01_008.mp4,2026-08-20T18:44:32+09:00,4.033,30.000,1280,720,0,False,accepted
S004_20260820_184432_01_009,S004,20260820_184432,1,ㄱ,9,S004/01_ㄱ/S004_20260820_184432_01_009.mp4,2026-08-20T18:44:32+09:00,4.033,30.000,1280,720,0,False,accepted
S004_20260820_184432_01_010,S004,20260820_184432,1,ㄱ,10,S004/01_ㄱ/S004_20260820_184432_01_010.mp4,2026-08-20T18:44:32+09:00,4.033,30.000,1280,720,0,False,accepted
S004_20260820_184432_02_001,S004,20260820_184432,2,ㄴ,1,S004/02_ㄴ/S004_20260820_184432_02_001.mp4,2026-08-20T18:44:32+09:00,4.033,30.000,1280,720,0,False,accepted
S004_20260820_184432_02_002,S004,20260820_184432,2,ㄴ,2,S004/02_ㄴ/S004_20260820_184432_02_002.mp4,2026-08-20T18:44:32+09:00,4.033,30.000,1280,720,0,False,accepted
S004_20260820_184432_02_003,S004,20260820_184432,2,ㄴ,3,S004/02_ㄴ/S004_20260820_184432_02_003.mp4,2026-08-20T18:44:32+09:00,4.067,30.000,1280,720,0,False,accepted
S004_20260820_184432_02_004,S004,20260820_184432,2,ㄴ,4,S004/02_ㄴ/S004_20260820_184432_02_004.mp4,2026-08-20T18:44:32+09:00,4.033,30.000,1280,720,0,False,accepted
S004_20260820_184432_02_005,S004,20260820_184432,2,ㄴ,5,S004/02_ㄴ/S004_20260820_184432_02_005.mp4,2026-08-20T18:44:32+09:00,4.033,30.000,1280,720,0,False,accepted
S004_20260820_184432_02_006,S004,20260820_184432,2,ㄴ,6,S004/02_ㄴ/S004_20260820_184432_02_006.mp4,2026-08-20T18:44:32+09:00,4.033,30.000,1280,720,0,False,accepted
S004_20260820_184432_02_007,S004,20260820_184432,2,ㄴ,7,S004/02_ㄴ/S004_20260820_184432_02_007.mp4,2026-08-20T18:44:32+09:00,4.067,30.000,1280,720,0,False,accepted
S004_20260820_184432_02_008,S004,20260820_184432,2,ㄴ,8,S004/02_ㄴ/S004_20260820_184432_02_008.mp4,2026-08-20T18:44:32+09:00,4.000,30.000,1280,720,0,False,accepted
S004_20260820_184432_02_009,S004,20260820_184432,2,ㄴ,9,S004/02_ㄴ/S004_20260820_184432_02_009.mp4,2026-08-20T18:44:32+09:00,4.067,30.000,1280,720,0,False,accepted
S004_20260820_184432_02_010,S004,20260820_184432,2,ㄴ,10,S004/02_ㄴ/S004_20260820_184432_02_010.mp4,2026-08-20T18:44:32+09:00,4.067,30.000,1280,720,0,False,accepted
S004_20260820_184432_03_001,S004,20260820_184432,3,ㄷ,1,S004/03_ㄷ/S004_20260820_184432_03_001.mp4,2026-08-20T18:44:32+09:00,4.033,30.000,1280,720,0,False,accepted
S004_20260820_184432_03_002,S004,20260820_184432,3,ㄷ,2,S004/03_ㄷ/S004_20260820_184432_03_002.mp4,2026-08-20T18:44:32+09:00,4.067,30.000,1280,720,0,False,accepted
S004_20260820_184432_03_003,S004,20260820_184432,3,ㄷ,3,S004/03_ㄷ/S004_20260820_184432_03_003.mp4,2026-08-20T18:44:32+09:00,4.033,30.000,1280,720,0,False,accepted
S004_20260820_184432_03_004,S004,20260820_184432,3,ㄷ,4,S004/03_ㄷ/S004_20260820_184432_03_004.mp4,2026-08-20T18:44:32+09:00,4.033,30.000,1280,720,0,False,accepted
S004_20260820_184432_03_005,S004,20260820_184432,3,ㄷ,5,S004/03_ㄷ/S004_20260820_184432_03_005.mp4,2026-08-20T18:44:32+09:00,4.033,30.000,1280,720,0,False,accepted
S004_20260820_184432_03_006,S004,20260820_184432,3,ㄷ,6,S004/03_ㄷ/S004_20260820_184432_03_006.mp4,2026-08-20T18:44:32+09:00,4.033,30.000,1280,720,0,False,accepted
S004_20260820_184432_03_007,S004,20260820_184432,3,ㄷ,7,S004/03_ㄷ/S004_20260820_184432_03_007.mp4,2026-08-20T18:44:32+09:00,4.067,30.000,1280,720,0,False,accepted
S004_20260820_184432_03_008,S004,20260820_184432,3,ㄷ,8,S004/03_ㄷ/S004_20260820_184432_03_008.mp4,2026-08-20T18:44:32+09:00,4.067,30.000,1280,720,0,False,accepted
S004_20260820_184432_03_009,S004,20260820_184432,3,ㄷ,9,S004/03_ㄷ/S004_20260820_184432_03_009.mp4,2026-08-20T18:44:32+09:00,4.033,30.000,1280,720,0,False,accepted
S004_20260820_184432_03_010,S004,20260820_184432,3,ㄷ,10,S004/03_ㄷ/S004_20260820_184432_03_010.mp4,2026-08-20T18:44:32+09:00,4.033,30.000,1280,720,0,False,accepted
S004_20260820_184432_04_001,S004,20260820_184432,4,ㄹ,1,S004/04_ㄹ/S004_20260820_184432_04_001.mp4,2026-08-20T18:44:32+09:00,4.033,30.000,1280,720,0,False,accepted
S004_20260820_184432_04_002,S004,20260820_184432,4,ㄹ,2,S004/04_ㄹ/S004_20260820_184432_04_002.mp4,2026-08-20T18:44:32+09:00,4.033,30.000,1280,720,0,False,accepted
S004_20260820_184432_04_003,S004,20260820_184432,4,ㄹ,3,S004/04_ㄹ/S004_20260820_184432_04_003.mp4,2026-08-20T18:44:32+09:00,4.033,30.000,1280,720,0,False,accepted
S004_20260820_184432_04_004,S004,20260820_184432,4,ㄹ,4,S004/04_ㄹ/S004_20260820_184432_04_004.mp4,2026-08-20T18:44:32+09:00,4.033,30.000,1280,720,0,False,accepted
S004_20260820_184432_04_005,S004,20260820_184432,4,ㄹ,5,S004/04_ㄹ/S004_20260820_184432_04_005.mp4,2026-08-20T18:44:32+09:00,4.033,30.000,1280,720,0,False,accepted
S004_20260820_184432_04_006,S004,20260820_184432,4,ㄹ,6,S004/04_ㄹ/S004_20260820_184432_04_006.mp4,2026-08-20T18:44:32+09:00,4.033,30.000,1280,720,0,False,accepted
S004_20260820_184432_04_007,S004,20260820_184432,4,ㄹ,7,S004/04_ㄹ/S004_20260820_184432_04_007.mp4,2026-08-20T18:44:32+09:00,4.067,30.000,1280,720,0,False,accepted
S004_20260820_184432_04_008,S004,20260820_184432,4,ㄹ,8,S004/04_ㄹ/S004_20260820_184432_04_008.mp4,2026-08-20T18:44:32+09:00,4.033,30.000,1280,720,0,False,accepted
S004_20260820_184432_04_009,S004,20260820_184432,4,ㄹ,9,S004/04_ㄹ/S004_20260820_184432_04_009.mp4,2026-08-20T18:44:32+09:00,4.033,30.000,1280,720,0,False,accepted
S004_20260820_184432_04_010,S004,20260820_184432,4,ㄹ,10,S004/04_ㄹ/S004_20260820_184432_04_010.mp4,2026-08-20T18:44:32+09:00,4.067,30.000,1280,720,0,False,accepted
S004_20260820_184432_05_001,S004,20260820_184432,5,ㅁ,1,S004/05_ㅁ/S004_20260820_184432_05_001.mp4,2026-08-20T18:44:32+09:00,4.033,30.000,1280,720,0,False,accepted
S004_20260820_184432_05_002,S004,20260820_184432,5,ㅁ,2,S004/05_ㅁ/S004_20260820_184432_05_002.mp4,2026-08-20T18:44:32+09:00,4.033,30.000,1280,720,0,False,accepted
S004_20260820_184432_05_003,S004,20260820_184432,5,ㅁ,3,S004/05_ㅁ/S004_20260820_184432_05_003.mp4,2026-08-20T18:44:32+09:00,4.033,30.000,1280,720,0,False,accepted
S004_20260820_184432_05_004,S004,20260820_184432,5,ㅁ,4,S004/05_ㅁ/S004_20260820_184432_05_004.mp4,2026-08-20T18:44:32+09:00,4.033,30.000,1280,720,0,False,accepted
S004_20260820_184432_05_005,S004,20260820_184432,5,ㅁ,5,S004/05_ㅁ/S004_20260820_184432_05_005.mp4,2026-08-20T18:44:32+09:00,4.033,30.000,1280,720,0,False,accepted
S004_20260820_184432_05_006,S004,20260820_184432,5,ㅁ,6,S004/05_ㅁ/S004_20260820_184432_05_006.mp4,2026-08-20T18:44:32+09:00,4.033,30.000,1280,720,0,False,accepted
S004_20260820_184432_05_007,S004,20260820_184432,5,ㅁ,7,S004/05_ㅁ/S004_20260820_184432_05_007.mp4,2026-08-20T18:44:32+09:00,4.067,30.000,1280,720,0,False,accepted
S004_20260820_184432_05_008,S004,20260820_184432,5,ㅁ,8,S004/05_ㅁ/S004_20260820_184432_05_008.mp4,2026-08-20T18:44:32+09:00,4.033,30.000,1280,720,0,False,accepted
S004_20260820_184432_05_009,S004,20260820_184432,5,ㅁ,9,S004/05_ㅁ/S004_20260820_184432_05_009.mp4,2026-08-20T18:44:32+09:00,4.033,30.000,1280,720,0,False,accepted
S004_20260820_184432_05_010,S004,20260820_184432,5,ㅁ,10,S004/05_ㅁ/S004_20260820_184432_05_010.mp4,2026-08-20T18:44:32+09:00,4.067,30.000,1280,720,0,False,accepted
S004_20260820_184432_06_001,S004,20260820_184432,6,ㅂ,1,S004/06_ㅂ/S004_20260820_184432_06_001.mp4,2026-08-20T18:44:32+09:00,4.033,30.000,1280,720,0,False,accepted
S004_20260820_184432_06_002,S004,20260820_184432,6,ㅂ,2,S004/06_ㅂ/S004_20260820_184432_06_002.mp4,2026-08-20T18:44:32+09:00,4.033,30.000,1280,720,0,False,accepted
S004_20260820_184432_06_003,S004,20260820_184432,6,ㅂ,3,S004/06_ㅂ/S004_20260820_184432_06_003.mp4,2026-08-20T18:44:32+09:00,4.067,30.000,1280,720,0,False,accepted
S004_20260820_184432_06_004,S004,20260820_184432,6,ㅂ,4,S004/06_ㅂ/S004_20260820_184432_06_004.mp4,2026-08-20T18:44:32+09:00,4.033,30.000,1280,720,0,False,accepted
S004_20260820_184432_06_005,S004,20260820_184432,6,ㅂ,5,S004/06_ㅂ/S004_20260820_184432_06_005.mp4,2026-08-20T18:44:32+09:00,4.067,30.000,1280,720,0,False,accepted
S004_20260820_184432_06_006,S004,20260820_184432,6,ㅂ,6,S004/06_ㅂ/S004_20260820_184432_06_006.mp4,2026-08-20T18:44:32+09:00,4.067,30.000,1280,720,0,False,accepted
S004_20260820_184432_06_007,S004,20260820_184432,6,ㅂ,7,S004/06_ㅂ/S004_20260820_184432_06_007.mp4,2026-08-20T18:44:32+09:00,4.033,30.000,1280,720,0,False,accepted
S004_20260820_184432_06_008,S004,20260820_184432,6,ㅂ,8,S004/06_ㅂ/S004_20260820_184432_06_008.mp4,2026-08-20T18:44:32+09:00,4.067,30.000,1280,720,0,False,accepted
S004_20260820_184432_06_009,S004,20260820_184432,6,ㅂ,9,S004/06_ㅂ/S004_20260820_184432_06_009.mp4,2026-08-20T18:44:32+09:00,4.033,30.000,1280,720,0,False,accepted
S004_20260820_184432_06_010,S004,20260820_184432,6,ㅂ,10,S004/06_ㅂ/S004_20260820_184432_06_010.mp4,2026-08-20T18:44:32+09:00,4.067,30.000,1280,720,0,False,accepted
S004_20260820_184432_07_001,S004,20260820_184432,7,ㅅ,1,S004/07_ㅅ/S004_20260820_184432_07_001.mp4,2026-08-20T18:44:32+09:00,4.033,30.000,1280,720,0,False,accepted
S004_20260820_184432_07_002,S004,20260820_184432,7,ㅅ,2,S004/07_ㅅ/S004_20260820_184432_07_002.mp4,2026-08-20T18:44:32+09:00,4.033,30.000,1280,720,0,False,accepted
S004_20260820_184432_07_003,S004,20260820_184432,7,ㅅ,3,S004/07_ㅅ/S004_20260820_184432_07_003.mp4,2026-08-20T18:44:32+09:00,4.033,30.000,1280,720,0,False,accepted
S004_20260820_184432_07_004,S004,20260820_184432,7,ㅅ,4,S004/07_ㅅ/S004_20260820_184432_07_004.mp4,2026-08-20T18:44:32+09:00,4.067,30.000,1280,720,0,False,accepted
S004_20260820_184432_07_005,S004,20260820_184432,7,ㅅ,5,S004/07_ㅅ/S004_20260820_184432_07_005.mp4,2026-08-20T18:44:32+09:00,4.033,30.000,1280,720,0,False,accepted
S004_20260820_184432_07_006,S004,20260820_184432,7,ㅅ,6,S004/07_ㅅ/S004_20260820_184432_07_006.mp4,2026-08-20T18:44:32+09:00,4.033,30.000,1280,720,0,False,accepted
S004_20260820_184432_07_007,S004,20260820_184432,7,ㅅ,7,S004/07_ㅅ/S004_20260820_184432_07_007.mp4,2026-08-20T18:44:32+09:00,4.033,30.000,1280,720,0,False,accepted
S004_20260820_184432_07_008,S004,20260820_184432,7,ㅅ,8,S004/07_ㅅ/S004_20260820_184432_07_008.mp4,2026-08-20T18:44:32+09:00,4.033,30.000,1280,720,0,False,accepted
S004_20260820_184432_07_009,S004,20260820_184432,7,ㅅ,9,S004/07_ㅅ/S004_20260820_184432_07_009.mp4,2026-08-20T18:44:32+09:00,4.033,30.000,1280,720,0,False,accepted
S004_20260820_184432_07_010,S004,20260820_184432,7,ㅅ,10,S004/07_ㅅ/S004_20260820_184432_07_010.mp4,2026-08-20T18:44:32+09:00,4.033,30.000,1280,720,0,False,accepted
S004_20260820_184432_08_001,S004,20260820_184432,8,ㅇ,1,S004/08_ㅇ/S004_20260820_184432_08_001.mp4,2026-08-20T18:44:32+09:00,4.033,30.000,1280,720,0,False,accepted
S004_20260820_184432_08_002,S004,20260820_184432,8,ㅇ,2,S004/08_ㅇ/S004_20260820_184432_08_002.mp4,2026-08-20T18:44:32+09:00,4.033,30.000,1280,720,0,False,accepted
S004_20260820_184432_08_003,S004,20260820_184432,8,ㅇ,3,S004/08_ㅇ/S004_20260820_184432_08_003.mp4,2026-08-20T18:44:32+09:00,4.067,30.000,1280,720,0,False,accepted
S004_20260820_184432_08_004,S004,20260820_184432,8,ㅇ,4,S004/08_ㅇ/S004_20260820_184432_08_004.mp4,2026-08-20T18:44:32+09:00,4.033,30.000,1280,720,0,False,accepted
S004_20260820_184432_08_005,S004,20260820_184432,8,ㅇ,5,S004/08_ㅇ/S004_20260820_184432_08_005.mp4,2026-08-20T18:44:32+09:00,4.033,30.000,1280,720,0,False,accepted
S004_20260820_184432_08_006,S004,20260820_184432,8,ㅇ,6,S004/08_ㅇ/S004_20260820_184432_08_006.mp4,2026-08-20T18:44:32+09:00,4.033,30.000,1280,720,0,False,accepted
S004_20260820_184432_08_007,S004,20260820_184432,8,ㅇ,7,S004/08_ㅇ/S004_20260820_184432_08_007.mp4,2026-08-20T18:44:32+09:00,4.067,30.000,1280,720,0,False,accepted
S004_20260820_184432_08_008,S004,20260820_184432,8,ㅇ,8,S004/08_ㅇ/S004_20260820_184432_08_008.mp4,2026-08-20T18:44:32+09:00,4.033,30.000,1280,720,0,False,accepted
S004_20260820_184432_08_009,S004,20260820_184432,8,ㅇ,9,S004/08_ㅇ/S004_20260820_184432_08_009.mp4,2026-08-20T18:44:32+09:00,4.067,30.000,1280,720,0,False,accepted
S004_20260820_184432_08_010,S004,20260820_184432,8,ㅇ,10,S004/08_ㅇ/S004_20260820_184432_08_010.mp4,2026-08-20T18:44:32+09:00,4.033,30.000,1280,720,0,False,accepted
S004_20260820_190636_09_001,S004,20260820_190636,9,ㅈ,1,S004/09_ㅈ/S004_20260820_190636_09_001.mp4,2026-08-20T19:06:36+09:00,4.033,30.000,1280,720,0,False,accepted
S004_20260820_190636_09_002,S004,20260820_190636,9,ㅈ,2,S004/09_ㅈ/S004_20260820_190636_09_002.mp4,2026-08-20T19:06:36+09:00,4.067,30.000,1280,720,0,False,accepted
S004_20260820_190636_09_003,S004,20260820_190636,9,ㅈ,3,S004/09_ㅈ/S004_20260820_190636_09_003.mp4,2026-08-20T19:06:36+09:00,4.067,30.000,1280,720,0,False,accepted
S004_20260820_190636_09_004,S004,20260820_190636,9,ㅈ,4,S004/09_ㅈ/S004_20260820_190636_09_004.mp4,2026-08-20T19:06:36+09:00,4.033,30.000,1280,720,0,False,accepted
S004_20260820_190636_09_005,S004,20260820_190636,9,ㅈ,5,S004/09_ㅈ/S004_20260820_190636_09_005.mp4,2026-08-20T19:06:36+09:00,4.033,30.000,1280,720,0,False,accepted
S004_20260820_190636_09_006,S004,20260820_190636,9,ㅈ,6,S004/09_ㅈ/S004_20260820_190636_09_006.mp4,2026-08-20T19:06:36+09:00,4.067,30.000,1280,720,0,False,accepted
S004_20260820_190636_09_007,S004,20260820_190636,9,ㅈ,7,S004/09_ㅈ/S004_20260820_190636_09_007.mp4,2026-08-20T19:06:36+09:00,4.033,30.000,1280,720,0,False,accepted
S004_20260820_190636_09_008,S004,20260820_190636,9,ㅈ,8,S004/09_ㅈ/S004_20260820_190636_09_008.mp4,2026-08-20T19:06:36+09:00,4.033,30.000,1280,720,0,False,accepted
S004_20260820_190636_09_009,S004,20260820_190636,9,ㅈ,9,S004/09_ㅈ/S004_20260820_190636_09_009.mp4,2026-08-20T19:06:36+09:00,4.033,30.000,1280,720,0,False,accepted
S004_20260820_190636_09_010,S004,20260820_190636,9,ㅈ,10,S004/09_ㅈ/S004_20260820_190636_09_010.mp4,2026-08-20T19:06:36+09:00,4.033,30.000,1280,720,0,False,accepted
S004_20260820_190636_10_001,S004,20260820_190636,10,ㅊ,1,S004/10_ㅊ/S004_20260820_190636_10_001.mp4,2026-08-20T19:06:36+09:00,4.033,30.000,1280,720,0,False,accepted
S004_20260820_190636_10_002,S004,20260820_190636,10,ㅊ,2,S004/10_ㅊ/S004_20260820_190636_10_002.mp4,2026-08-20T19:06:36+09:00,4.033,30.000,1280,720,0,False,accepted
S004_20260820_190636_10_003,S004,20260820_190636,10,ㅊ,3,S004/10_ㅊ/S004_20260820_190636_10_003.mp4,2026-08-20T19:06:36+09:00,4.067,30.000,1280,720,0,False,accepted
S004_20260820_190636_10_004,S004,20260820_190636,10,ㅊ,4,S004/10_ㅊ/S004_20260820_190636_10_004.mp4,2026-08-20T19:06:36+09:00,4.033,30.000,1280,720,0,False,accepted
S004_20260820_190636_10_005,S004,20260820_190636,10,ㅊ,5,S004/10_ㅊ/S004_20260820_190636_10_005.mp4,2026-08-20T19:06:36+09:00,4.033,30.000,1280,720,0,False,accepted
S004_20260820_190636_10_006,S004,20260820_190636,10,ㅊ,6,S004/10_ㅊ/S004_20260820_190636_10_006.mp4,2026-08-20T19:06:36+09:00,4.033,30.000,1280,720,0,False,accepted
S004_20260820_190636_10_007,S004,20260820_190636,10,ㅊ,7,S004/10_ㅊ/S004_20260820_190636_10_007.mp4,2026-08-20T19:06:36+09:00,4.033,30.000,1280,720,0,False,accepted
S004_20260820_190636_10_008,S004,20260820_190636,10,ㅊ,8,S004/10_ㅊ/S004_20260820_190636_10_008.mp4,2026-08-20T19:06:36+09:00,4.033,30.000,1280,720,0,False,accepted
S004_20260820_190636_10_009,S004,20260820_190636,10,ㅊ,9,S004/10_ㅊ/S004_20260820_190636_10_009.mp4,2026-08-20T19:06:36+09:00,4.033,30.000,1280,720,0,False,accepted
S004_20260820_190636_10_010,S004,20260820_190636,10,ㅊ,10,S004/10_ㅊ/S004_20260820_190636_10_010.mp4,2026-08-20T19:06:36+09:00,4.033,30.000,1280,720,0,False,accepted
S004_20260820_190636_11_001,S004,20260820_190636,11,ㅋ,1,S004/11_ㅋ/S004_20260820_190636_11_001.mp4,2026-08-20T19:06:36+09:00,4.033,30.000,1280,720,0,False,accepted
S004_20260820_190636_11_002,S004,20260820_190636,11,ㅋ,2,S004/11_ㅋ/S004_20260820_190636_11_002.mp4,2026-08-20T19:06:36+09:00,4.033,30.000,1280,720,0,False,accepted
S004_20260820_190636_11_003,S004,20260820_190636,11,ㅋ,3,S004/11_ㅋ/S004_20260820_190636_11_003.mp4,2026-08-20T19:06:36+09:00,4.033,30.000,1280,720,0,False,accepted
S004_20260820_190636_11_004,S004,20260820_190636,11,ㅋ,4,S004/11_ㅋ/S004_20260820_190636_11_004.mp4,2026-08-20T19:06:36+09:00,4.033,30.000,1280,720,0,False,accepted
S004_20260820_190636_11_005,S004,20260820_190636,11,ㅋ,5,S004/11_ㅋ/S004_20260820_190636_11_005.mp4,2026-08-20T19:06:36+09:00,4.067,30.000,1280,720,0,False,accepted
S004_20260820_190636_11_006,S004,20260820_190636,11,ㅋ,6,S004/11_ㅋ/S004_20260820_190636_11_006.mp4,2026-08-20T19:06:36+09:00,4.067,30.000,1280,720,0,False,accepted
S004_20260820_190636_11_007,S004,20260820_190636,11,ㅋ,7,S004/11_ㅋ/S004_20260820_190636_11_007.mp4,2026-08-20T19:06:36+09:00,4.067,30.000,1280,720,0,False,accepted
S004_20260820_190636_11_008,S004,20260820_190636,11,ㅋ,8,S004/11_ㅋ/S004_20260820_190636_11_008.mp4,2026-08-20T19:06:36+09:00,4.033,30.000,1280,720,0,False,accepted
S004_20260820_190636_11_009,S004,20260820_190636,11,ㅋ,9,S004/11_ㅋ/S004_20260820_190636_11_009.mp4,2026-08-20T19:06:36+09:00,4.067,30.000,1280,720,0,False,accepted
S004_20260820_190636_11_010,S004,20260820_190636,11,ㅋ,10,S004/11_ㅋ/S004_20260820_190636_11_010.mp4,2026-08-20T19:06:36+09:00,4.033,30.000,1280,720,0,False,accepted
S004_20260820_190636_12_001,S004,20260820_190636,12,ㅌ,1,S004/12_ㅌ/S004_20260820_190636_12_001.mp4,2026-08-20T19:06:36+09:00,4.033,30.000,1280,720,0,False,accepted
S004_20260820_190636_12_002,S004,20260820_190636,12,ㅌ,2,S004/12_ㅌ/S004_20260820_190636_12_002.mp4,2026-08-20T19:06:36+09:00,4.033,30.000,1280,720,0,False,accepted
S004_20260820_190636_12_003,S004,20260820_190636,12,ㅌ,3,S004/12_ㅌ/S004_20260820_190636_12_003.mp4,2026-08-20T19:06:36+09:00,4.067,30.000,1280,720,0,False,accepted
S004_20260820_190636_12_004,S004,20260820_190636,12,ㅌ,4,S004/12_ㅌ/S004_20260820_190636_12_004.mp4,2026-08-20T19:06:36+09:00,4.033,30.000,1280,720,0,False,accepted
S004_20260820_190636_12_005,S004,20260820_190636,12,ㅌ,5,S004/12_ㅌ/S004_20260820_190636_12_005.mp4,2026-08-20T19:06:36+09:00,4.033,30.000,1280,720,0,False,accepted
S004_20260820_190636_12_006,S004,20260820_190636,12,ㅌ,6,S004/12_ㅌ/S004_20260820_190636_12_006.mp4,2026-08-20T19:06:36+09:00,4.033,30.000,1280,720,0,False,accepted
S004_20260820_190636_12_007,S004,20260820_190636,12,ㅌ,7,S004/12_ㅌ/S004_20260820_190636_12_007.mp4,2026-08-20T19:06:36+09:00,4.033,30.000,1280,720,0,False,accepted
S004_20260820_190636_12_008,S004,20260820_190636,12,ㅌ,8,S004/12_ㅌ/S004_20260820_190636_12_008.mp4,2026-08-20T19:06:36+09:00,4.033,30.000,1280,720,0,False,accepted
S004_20260820_190636_12_009,S004,20260820_190636,12,ㅌ,9,S004/12_ㅌ/S004_20260820_190636_12_009.mp4,2026-08-20T19:06:36+09:00,4.067,30.000,1280,720,0,False,accepted
S004_20260820_190636_12_010,S004,20260820_190636,12,ㅌ,10,S004/12_ㅌ/S004_20260820_190636_12_010.mp4,2026-08-20T19:06:36+09:00,4.033,30.000,1280,720,0,False,accepted
S004_20260820_190636_13_001,S004,20260820_190636,13,ㅍ,1,S004/13_ㅍ/S004_20260820_190636_13_001.mp4,2026-08-20T19:06:36+09:00,4.033,30.000,1280,720,0,False,accepted
S004_20260820_190636_13_002,S004,20260820_190636,13,ㅍ,2,S004/13_ㅍ/S004_20260820_190636_13_002.mp4,2026-08-20T19:06:36+09:00,4.033,30.000,1280,720,0,False,accepted
S004_20260820_190636_13_003,S004,20260820_190636,13,ㅍ,3,S004/13_ㅍ/S004_20260820_190636_13_003.mp4,2026-08-20T19:06:36+09:00,4.033,30.000,1280,720,0,False,accepted
S004_20260820_190636_13_004,S004,20260820_190636,13,ㅍ,4,S004/13_ㅍ/S004_20260820_190636_13_004.mp4,2026-08-20T19:06:36+09:00,4.033,30.000,1280,720,0,False,accepted
S004_20260820_190636_13_005,S004,20260820_190636,13,ㅍ,5,S004/13_ㅍ/S004_20260820_190636_13_005.mp4,2026-08-20T19:06:36+09:00,4.033,30.000,1280,720,0,False,accepted
S004_20260820_190636_13_006,S004,20260820_190636,13,ㅍ,6,S004/13_ㅍ/S004_20260820_190636_13_006.mp4,2026-08-20T19:06:36+09:00,4.033,30.000,1280,720,0,False,accepted
S004_20260820_190636_13_007,S004,20260820_190636,13,ㅍ,7,S004/13_ㅍ/S004_20260820_190636_13_007.mp4,2026-08-20T19:06:36+09:00,4.067,30.000,1280,720,0,False,accepted
S004_20260820_190636_13_008,S004,20260820_190636,13,ㅍ,8,S004/13_ㅍ/S004_20260820_190636_13_008.mp4,2026-08-20T19:06:36+09:00,4.033,30.000,1280,720,0,False,accepted
S004_20260820_190636_13_009,S004,20260820_190636,13,ㅍ,9,S004/13_ㅍ/S004_20260820_190636_13_009.mp4,2026-08-20T19:06:36+09:00,4.067,30.000,1280,720,0,False,accepted
S004_20260820_190636_13_010,S004,20260820_190636,13,ㅍ,10,S004/13_ㅍ/S004_20260820_190636_13_010.mp4,2026-08-20T19:06:36+09:00,4.033,30.000,1280,720,0,False,accepted
S004_20260820_190636_14_001,S004,20260820_190636,14,ㅎ,1,S004/14_ㅎ/S004_20260820_190636_14_001.mp4,2026-08-20T19:06:36+09:00,4.033,30.000,1280,720,0,False,accepted
S004_20260820_190636_14_002,S004,20260820_190636,14,ㅎ,2,S004/14_ㅎ/S004_20260820_190636_14_002.mp4,2026-08-20T19:06:36+09:00,4.033,30.000,1280,720,0,False,accepted
S004_20260820_190636_14_003,S004,20260820_190636,14,ㅎ,3,S004/14_ㅎ/S004_20260820_190636_14_003.mp4,2026-08-20T19:06:36+09:00,4.033,30.000,1280,720,0,False,accepted
S004_20260820_190636_14_004,S004,20260820_190636,14,ㅎ,4,S004/14_ㅎ/S004_20260820_190636_14_004.mp4,2026-08-20T19:06:36+09:00,4.033,30.000,1280,720,0,False,accepted
S004_20260820_190636_14_005,S004,20260820_190636,14,ㅎ,5,S004/14_ㅎ/S004_20260820_190636_14_005.mp4,2026-08-20T19:06:36+09:00,4.067,30.000,1280,720,0,False,accepted
S004_20260820_190636_14_006,S004,20260820_190636,14,ㅎ,6,S004/14_ㅎ/S004_20260820_190636_14_006.mp4,2026-08-20T19:06:36+09:00,4.067,30.000,1280,720,0,False,accepted
S004_20260820_190636_14_007,S004,20260820_190636,14,ㅎ,7,S004/14_ㅎ/S004_20260820_190636_14_007.mp4,2026-08-20T19:06:36+09:00,4.033,30.000,1280,720,0,False,accepted
S004_20260820_190636_14_008,S004,20260820_190636,14,ㅎ,8,S004/14_ㅎ/S004_20260820_190636_14_008.mp4,2026-08-20T19:06:36+09:00,4.033,30.000,1280,720,0,False,accepted
S004_20260820_190636_14_009,S004,20260820_190636,14,ㅎ,9,S004/14_ㅎ/S004_20260820_190636_14_009.mp4,2026-08-20T19:06:36+09:00,4.033,30.000,1280,720,0,False,accepted
S004_20260820_190636_14_010,S004,20260820_190636,14,ㅎ,10,S004/14_ㅎ/S004_20260820_190636_14_010.mp4,2026-08-20T19:06:36+09:00,4.033,30.000,1280,720,0,False,accepted
S004_20260820_190636_20_001,S004,20260820_190636,20,ㅏ,1,S004/20_ㅏ/S004_20260820_190636_20_001.mp4,2026-08-20T19:06:36+09:00,4.033,30.000,1280,720,0,False,accepted
S004_20260820_190636_20_002,S004,20260820_190636,20,ㅏ,2,S004/20_ㅏ/S004_20260820_190636_20_002.mp4,2026-08-20T19:06:36+09:00,4.067,30.000,1280,720,0,False,accepted
S004_20260820_190636_20_003,S004,20260820_190636,20,ㅏ,3,S004/20_ㅏ/S004_20260820_190636_20_003.mp4,2026-08-20T19:06:36+09:00,4.033,30.000,1280,720,0,False,accepted
S004_20260820_190636_20_004,S004,20260820_190636,20,ㅏ,4,S004/20_ㅏ/S004_20260820_190636_20_004.mp4,2026-08-20T19:06:36+09:00,4.067,30.000,1280,720,0,False,accepted
S004_20260820_190636_20_005,S004,20260820_190636,20,ㅏ,5,S004/20_ㅏ/S004_20260820_190636_20_005.mp4,2026-08-20T19:06:36+09:00,4.067,30.000,1280,720,0,False,accepted
S004_20260820_190636_20_006,S004,20260820_190636,20,ㅏ,6,S004/20_ㅏ/S004_20260820_190636_20_006.mp4,2026-08-20T19:06:36+09:00,4.033,30.000,1280,720,0,False,accepted
S004_20260820_190636_20_007,S004,20260820_190636,20,ㅏ,7,S004/20_ㅏ/S004_20260820_190636_20_007.mp4,2026-08-20T19:06:36+09:00,4.033,30.000,1280,720,0,False,accepted
S004_20260820_190636_20_008,S004,20260820_190636,20,ㅏ,8,S004/20_ㅏ/S004_20260820_190636_20_008.mp4,2026-08-20T19:06:36+09:00,4.033,30.000,1280,720,0,False,accepted
S004_20260820_190636_20_009,S004,20260820_190636,20,ㅏ,9,S004/20_ㅏ/S004_20260820_190636_20_009.mp4,2026-08-20T19:06:36+09:00,4.033,30.000,1280,720,0,False,accepted
S004_20260820_190636_20_010,S004,20260820_190636,20,ㅏ,10,S004/20_ㅏ/S004_20260820_190636_20_010.mp4,2026-08-20T19:06:36+09:00,4.067,30.000,1280,720,0,False,accepted
S004_20260820_190636_21_001,S004,20260820_190636,21,ㅑ,1,S004/21_ㅑ/S004_20260820_190636_21_001.mp4,2026-08-20T19:06:36+09:00,4.067,30.000,1280,720,0,False,accepted
S004_20260820_190636_21_002,S004,20260820_190636,21,ㅑ,2,S004/21_ㅑ/S004_20260820_190636_21_002.mp4,2026-08-20T19:06:36+09:00,4.033,30.000,1280,720,0,False,accepted
S004_20260820_190636_21_003,S004,20260820_190636,21,ㅑ,3,S004/21_ㅑ/S004_20260820_190636_21_003.mp4,2026-08-20T19:06:36+09:00,4.033,30.000,1280,720,0,False,accepted
S004_20260820_190636_21_004,S004,20260820_190636,21,ㅑ,4,S004/21_ㅑ/S004_20260820_190636_21_004.mp4,2026-08-20T19:06:36+09:00,4.067,30.000,1280,720,0,False,accepted
S004_20260820_190636_21_005,S004,20260820_190636,21,ㅑ,5,S004/21_ㅑ/S004_20260820_190636_21_005.mp4,2026-08-20T19:06:36+09:00,4.033,30.000,1280,720,0,False,accepted
S004_20260820_190636_21_006,S004,20260820_190636,21,ㅑ,6,S004/21_ㅑ/S004_20260820_190636_21_006.mp4,2026-08-20T19:06:36+09:00,4.033,30.000,1280,720,0,False,accepted
S004_20260820_190636_21_007,S004,20260820_190636,21,ㅑ,7,S004/21_ㅑ/S004_20260820_190636_21_007.mp4,2026-08-20T19:06:36+09:00,4.033,30.000,1280,720,0,False,accepted
S004_20260820_190636_21_008,S004,20260820_190636,21,ㅑ,8,S004/21_ㅑ/S004_20260820_190636_21_008.mp4,2026-08-20T19:06:36+09:00,4.033,30.000,1280,720,0,False,accepted
S004_20260820_190636_21_009,S004,20260820_190636,21,ㅑ,9,S004/21_ㅑ/S004_20260820_190636_21_009.mp4,2026-08-20T19:06:36+09:00,4.033,30.000,1280,720,0,False,accepted
S004_20260820_190636_21_010,S004,20260820_190636,21,ㅑ,10,S004/21_ㅑ/S004_20260820_190636_21_010.mp4,2026-08-20T19:06:36+09:00,4.033,30.000,1280,720,0,False,accepted
S004_20260820_190636_22_001,S004,20260820_190636,22,ㅓ,1,S004/22_ㅓ/S004_20260820_190636_22_001.mp4,2026-08-20T19:06:36+09:00,4.067,30.000,1280,720,0,False,accepted
S004_20260820_190636_22_002,S004,20260820_190636,22,ㅓ,2,S004/22_ㅓ/S004_20260820_190636_22_002.mp4,2026-08-20T19:06:36+09:00,4.033,30.000,1280,720,0,False,accepted
S004_20260820_190636_22_003,S004,20260820_190636,22,ㅓ,3,S004/22_ㅓ/S004_20260820_190636_22_003.mp4,2026-08-20T19:06:36+09:00,4.033,30.000,1280,720,0,False,accepted
S004_20260820_190636_22_004,S004,20260820_190636,22,ㅓ,4,S004/22_ㅓ/S004_20260820_190636_22_004.mp4,2026-08-20T19:06:36+09:00,4.033,30.000,1280,720,0,False,accepted
S004_20260820_190636_22_005,S004,20260820_190636,22,ㅓ,5,S004/22_ㅓ/S004_20260820_190636_22_005.mp4,2026-08-20T19:06:36+09:00,4.033,30.000,1280,720,0,False,accepted
S004_20260820_190636_22_006,S004,20260820_190636,22,ㅓ,6,S004/22_ㅓ/S004_20260820_190636_22_006.mp4,2026-08-20T19:06:36+09:00,4.033,30.000,1280,720,0,False,accepted
S004_20260820_190636_22_007,S004,20260820_190636,22,ㅓ,7,S004/22_ㅓ/S004_20260820_190636_22_007.mp4,2026-08-20T19:06:36+09:00,4.033,30.000,1280,720,0,False,accepted
S004_20260820_190636_22_008,S004,20260820_190636,22,ㅓ,8,S004/22_ㅓ/S004_20260820_190636_22_008.mp4,2026-08-20T19:06:36+09:00,4.033,30.000,1280,720,0,False,accepted
S004_20260820_190636_22_009,S004,20260820_190636,22,ㅓ,9,S004/22_ㅓ/S004_20260820_190636_22_009.mp4,2026-08-20T19:06:36+09:00,4.033,30.000,1280,720,0,False,accepted
S004_20260820_190636_22_010,S004,20260820_190636,22,ㅓ,10,S004/22_ㅓ/S004_20260820_190636_22_010.mp4,2026-08-20T19:06:36+09:00,4.067,30.000,1280,720,0,False,accepted
S004_20260820_190636_23_001,S004,20260820_190636,23,ㅕ,1,S004/23_ㅕ/S004_20260820_190636_23_001.mp4,2026-08-20T19:06:36+09:00,4.033,30.000,1280,720,0,False,accepted
S004_20260820_190636_23_002,S004,20260820_190636,23,ㅕ,2,S004/23_ㅕ/S004_20260820_190636_23_002.mp4,2026-08-20T19:06:36+09:00,4.067,30.000,1280,720,0,False,accepted
S004_20260820_190636_23_003,S004,20260820_190636,23,ㅕ,3,S004/23_ㅕ/S004_20260820_190636_23_003.mp4,2026-08-20T19:06:36+09:00,4.067,30.000,1280,720,0,False,accepted
S004_20260820_190636_23_004,S004,20260820_190636,23,ㅕ,4,S004/23_ㅕ/S004_20260820_190636_23_004.mp4,2026-08-20T19:06:36+09:00,4.067,30.000,1280,720,0,False,accepted
S004_20260820_190636_23_005,S004,20260820_190636,23,ㅕ,5,S004/23_ㅕ/S004_20260820_190636_23_005.mp4,2026-08-20T19:06:36+09:00,4.033,30.000,1280,720,0,False,accepted
S004_20260820_190636_23_006,S004,20260820_190636,23,ㅕ,6,S004/23_ㅕ/S004_20260820_190636_23_006.mp4,2026-08-20T19:06:36+09:00,4.033,30.000,1280,720,0,False,accepted
S004_20260820_190636_23_007,S004,20260820_190636,23,ㅕ,7,S004/23_ㅕ/S004_20260820_190636_23_007.mp4,2026-08-20T19:06:36+09:00,4.067,30.000,1280,720,0,False,accepted
S004_20260820_190636_23_008,S004,20260820_190636,23,ㅕ,8,S004/23_ㅕ/S004_20260820_190636_23_008.mp4,2026-08-20T19:06:36+09:00,4.033,30.000,1280,720,0,False,accepted
S004_20260820_190636_23_009,S004,20260820_190636,23,ㅕ,9,S004/23_ㅕ/S004_20260820_190636_23_009.mp4,2026-08-20T19:06:36+09:00,4.033,30.000,1280,720,0,False,accepted
S004_20260820_190636_23_010,S004,20260820_190636,23,ㅕ,10,S004/23_ㅕ/S004_20260820_190636_23_010.mp4,2026-08-20T19:06:36+09:00,4.033,30.000,1280,720,0,False,accepted
S004_20260820_190636_24_001,S004,20260820_190636,24,ㅗ,1,S004/24_ㅗ/S004_20260820_190636_24_001.mp4,2026-08-20T19:06:36+09:00,3.633,30.000,1280,720,0,False,accepted
S004_20260820_190636_24_002,S004,20260820_190636,24,ㅗ,2,S004/24_ㅗ/S004_20260820_190636_24_002.mp4,2026-08-20T19:06:36+09:00,4.033,30.000,1280,720,0,False,accepted
S004_20260820_190636_24_003,S004,20260820_190636,24,ㅗ,3,S004/24_ㅗ/S004_20260820_190636_24_003.mp4,2026-08-20T19:06:36+09:00,4.033,30.000,1280,720,0,False,accepted
S004_20260820_190636_24_004,S004,20260820_190636,24,ㅗ,4,S004/24_ㅗ/S004_20260820_190636_24_004.mp4,2026-08-20T19:06:36+09:00,4.067,30.000,1280,720,0,False,accepted
S004_20260820_190636_24_005,S004,20260820_190636,24,ㅗ,5,S004/24_ㅗ/S004_20260820_190636_24_005.mp4,2026-08-20T19:06:36+09:00,4.033,30.000,1280,720,0,False,accepted
S004_20260820_190636_24_006,S004,20260820_190636,24,ㅗ,6,S004/24_ㅗ/S004_20260820_190636_24_006.mp4,2026-08-20T19:06:36+09:00,4.067,30.000,1280,720,0,False,accepted
S004_20260820_190636_24_007,S004,20260820_190636,24,ㅗ,7,S004/24_ㅗ/S004_20260820_190636_24_007.mp4,2026-08-20T19:06:36+09:00,4.067,30.000,1280,720,0,False,accepted
S004_20260820_190636_24_008,S004,20260820_190636,24,ㅗ,8,S004/24_ㅗ/S004_20260820_190636_24_008.mp4,2026-08-20T19:06:36+09:00,4.000,30.000,1280,720,0,False,accepted
S004_20260820_190636_24_009,S004,20260820_190636,24,ㅗ,9,S004/24_ㅗ/S004_20260820_190636_24_009.mp4,2026-08-20T19:06:36+09:00,4.067,30.000,1280,720,0,False,accepted
S004_20260820_190636_24_010,S004,20260820_190636,24,ㅗ,10,S004/24_ㅗ/S004_20260820_190636_24_010.mp4,2026-08-20T19:06:36+09:00,4.033,30.000,1280,720,0,False,accepted
S004_20260820_190636_25_001,S004,20260820_190636,25,ㅛ,1,S004/25_ㅛ/S004_20260820_190636_25_001.mp4,2026-08-20T19:06:36+09:00,4.067,30.000,1280,720,0,False,accepted
S004_20260820_190636_25_002,S004,20260820_190636,25,ㅛ,2,S004/25_ㅛ/S004_20260820_190636_25_002.mp4,2026-08-20T19:06:36+09:00,4.033,30.000,1280,720,0,False,accepted
S004_20260820_190636_25_003,S004,20260820_190636,25,ㅛ,3,S004/25_ㅛ/S004_20260820_190636_25_003.mp4,2026-08-20T19:06:36+09:00,4.033,30.000,1280,720,0,False,accepted
S004_20260820_190636_25_004,S004,20260820_190636,25,ㅛ,4,S004/25_ㅛ/S004_20260820_190636_25_004.mp4,2026-08-20T19:06:36+09:00,4.067,30.000,1280,720,0,False,accepted
S004_20260820_190636_25_005,S004,20260820_190636,25,ㅛ,5,S004/25_ㅛ/S004_20260820_190636_25_005.mp4,2026-08-20T19:06:36+09:00,4.033,30.000,1280,720,0,False,accepted
S004_20260820_190636_25_006,S004,20260820_190636,25,ㅛ,6,S004/25_ㅛ/S004_20260820_190636_25_006.mp4,2026-08-20T19:06:36+09:00,4.067,30.000,1280,720,0,False,accepted
S004_20260820_190636_25_007,S004,20260820_190636,25,ㅛ,7,S004/25_ㅛ/S004_20260820_190636_25_007.mp4,2026-08-20T19:06:36+09:00,4.067,30.000,1280,720,0,False,accepted
S004_20260820_190636_25_008,S004,20260820_190636,25,ㅛ,8,S004/25_ㅛ/S004_20260820_190636_25_008.mp4,2026-08-20T19:06:36+09:00,4.033,30.000,1280,720,0,False,accepted
S004_20260820_190636_25_009,S004,20260820_190636,25,ㅛ,9,S004/25_ㅛ/S004_20260820_190636_25_009.mp4,2026-08-20T19:06:36+09:00,4.067,30.000,1280,720,0,False,accepted
S004_20260820_190636_25_010,S004,20260820_190636,25,ㅛ,10,S004/25_ㅛ/S004_20260820_190636_25_010.mp4,2026-08-20T19:06:36+09:00,4.033,30.000,1280,720,0,False,accepted
S004_20260820_190636_26_001,S004,20260820_190636,26,ㅜ,1,S004/26_ㅜ/S004_20260820_190636_26_001.mp4,2026-08-20T19:06:36+09:00,4.033,30.000,1280,720,0,False,accepted
S004_20260820_190636_26_002,S004,20260820_190636,26,ㅜ,2,S004/26_ㅜ/S004_20260820_190636_26_002.mp4,2026-08-20T19:06:36+09:00,4.067,30.000,1280,720,0,False,accepted
S004_20260820_190636_26_003,S004,20260820_190636,26,ㅜ,3,S004/26_ㅜ/S004_20260820_190636_26_003.mp4,2026-08-20T19:06:36+09:00,4.033,30.000,1280,720,0,False,accepted
S004_20260820_190636_26_004,S004,20260820_190636,26,ㅜ,4,S004/26_ㅜ/S004_20260820_190636_26_004.mp4,2026-08-20T19:06:36+09:00,4.067,30.000,1280,720,0,False,accepted
S004_20260820_190636_26_005,S004,20260820_190636,26,ㅜ,5,S004/26_ㅜ/S004_20260820_190636_26_005.mp4,2026-08-20T19:06:36+09:00,4.033,30.000,1280,720,0,False,accepted
S004_20260820_190636_26_006,S004,20260820_190636,26,ㅜ,6,S004/26_ㅜ/S004_20260820_190636_26_006.mp4,2026-08-20T19:06:36+09:00,4.033,30.000,1280,720,0,False,accepted
S004_20260820_190636_26_007,S004,20260820_190636,26,ㅜ,7,S004/26_ㅜ/S004_20260820_190636_26_007.mp4,2026-08-20T19:06:36+09:00,4.033,30.000,1280,720,0,False,accepted
S004_20260820_190636_26_008,S004,20260820_190636,26,ㅜ,8,S004/26_ㅜ/S004_20260820_190636_26_008.mp4,2026-08-20T19:06:36+09:00,4.067,30.000,1280,720,0,False,accepted
S004_20260820_190636_26_009,S004,20260820_190636,26,ㅜ,9,S004/26_ㅜ/S004_20260820_190636_26_009.mp4,2026-08-20T19:06:36+09:00,4.067,30.000,1280,720,0,False,accepted
S004_20260820_190636_26_010,S004,20260820_190636,26,ㅜ,10,S004/26_ㅜ/S004_20260820_190636_26_010.mp4,2026-08-20T19:06:36+09:00,4.033,30.000,1280,720,0,False,accepted
S004_20260820_190636_27_001,S004,20260820_190636,27,ㅠ,1,S004/27_ㅠ/S004_20260820_190636_27_001.mp4,2026-08-20T19:06:36+09:00,4.033,30.000,1280,720,0,False,accepted
S004_20260820_190636_27_002,S004,20260820_190636,27,ㅠ,2,S004/27_ㅠ/S004_20260820_190636_27_002.mp4,2026-08-20T19:06:36+09:00,4.067,30.000,1280,720,0,False,accepted
S004_20260820_190636_27_003,S004,20260820_190636,27,ㅠ,3,S004/27_ㅠ/S004_20260820_190636_27_003.mp4,2026-08-20T19:06:36+09:00,4.033,30.000,1280,720,0,False,accepted
S004_20260820_190636_27_004,S004,20260820_190636,27,ㅠ,4,S004/27_ㅠ/S004_20260820_190636_27_004.mp4,2026-08-20T19:06:36+09:00,4.067,30.000,1280,720,0,False,accepted
S004_20260820_190636_27_005,S004,20260820_190636,27,ㅠ,5,S004/27_ㅠ/S004_20260820_190636_27_005.mp4,2026-08-20T19:06:36+09:00,4.033,30.000,1280,720,0,False,accepted
S004_20260820_190636_27_006,S004,20260820_190636,27,ㅠ,6,S004/27_ㅠ/S004_20260820_190636_27_006.mp4,2026-08-20T19:06:36+09:00,4.033,30.000,1280,720,0,False,accepted
S004_20260820_190636_27_007,S004,20260820_190636,27,ㅠ,7,S004/27_ㅠ/S004_20260820_190636_27_007.mp4,2026-08-20T19:06:36+09:00,4.067,30.000,1280,720,0,False,accepted
S004_20260820_190636_27_008,S004,20260820_190636,27,ㅠ,8,S004/27_ㅠ/S004_20260820_190636_27_008.mp4,2026-08-20T19:06:36+09:00,4.033,30.000,1280,720,0,False,accepted
S004_20260820_190636_27_009,S004,20260820_190636,27,ㅠ,9,S004/27_ㅠ/S004_20260820_190636_27_009.mp4,2026-08-20T19:06:36+09:00,4.033,30.000,1280,720,0,False,accepted
S004_20260820_190636_27_010,S004,20260820_190636,27,ㅠ,10,S004/27_ㅠ/S004_20260820_190636_27_010.mp4,2026-08-20T19:06:36+09:00,4.033,30.000,1280,720,0,False,accepted
S004_20260820_190636_28_001,S004,20260820_190636,28,ㅡ,1,S004/28_ㅡ/S004_20260820_190636_28_001.mp4,2026-08-20T19:06:36+09:00,4.067,30.000,1280,720,0,False,accepted
S004_20260820_190636_28_002,S004,20260820_190636,28,ㅡ,2,S004/28_ㅡ/S004_20260820_190636_28_002.mp4,2026-08-20T19:06:36+09:00,4.033,30.000,1280,720,0,False,accepted
S004_20260820_190636_28_003,S004,20260820_190636,28,ㅡ,3,S004/28_ㅡ/S004_20260820_190636_28_003.mp4,2026-08-20T19:06:36+09:00,4.033,30.000,1280,720,0,False,accepted
S004_20260820_190636_28_004,S004,20260820_190636,28,ㅡ,4,S004/28_ㅡ/S004_20260820_190636_28_004.mp4,2026-08-20T19:06:36+09:00,4.033,30.000,1280,720,0,False,accepted
S004_20260820_190636_28_005,S004,20260820_190636,28,ㅡ,5,S004/28_ㅡ/S004_20260820_190636_28_005.mp4,2026-08-20T19:06:36+09:00,4.067,30.000,1280,720,0,False,accepted
S004_20260820_190636_28_006,S004,20260820_190636,28,ㅡ,6,S004/28_ㅡ/S004_20260820_190636_28_006.mp4,2026-08-20T19:06:36+09:00,4.033,30.000,1280,720,0,False,accepted
S004_20260820_190636_28_007,S004,20260820_190636,28,ㅡ,7,S004/28_ㅡ/S004_20260820_190636_28_007.mp4,2026-08-20T19:06:36+09:00,4.067,30.000,1280,720,0,False,accepted
S004_20260820_190636_28_008,S004,20260820_190636,28,ㅡ,8,S004/28_ㅡ/S004_20260820_190636_28_008.mp4,2026-08-20T19:06:36+09:00,4.033,30.000,1280,720,0,False,accepted
S004_20260820_190636_28_009,S004,20260820_190636,28,ㅡ,9,S004/28_ㅡ/S004_20260820_190636_28_009.mp4,2026-08-20T19:06:36+09:00,4.067,30.000,1280,720,0,False,accepted
S004_20260820_190636_28_010,S004,20260820_190636,28,ㅡ,10,S004/28_ㅡ/S004_20260820_190636_28_010.mp4,2026-08-20T19:06:36+09:00,4.033,30.000,1280,720,0,False,accepted
S004_20260820_190636_29_001,S004,20260820_190636,29,ㅣ,1,S004/29_ㅣ/S004_20260820_190636_29_001.mp4,2026-08-20T19:06:36+09:00,4.067,30.000,1280,720,0,False,accepted
S004_20260820_190636_29_002,S004,20260820_190636,29,ㅣ,2,S004/29_ㅣ/S004_20260820_190636_29_002.mp4,2026-08-20T19:06:36+09:00,4.033,30.000,1280,720,0,False,accepted
S004_20260820_190636_29_003,S004,20260820_190636,29,ㅣ,3,S004/29_ㅣ/S004_20260820_190636_29_003.mp4,2026-08-20T19:06:36+09:00,4.033,30.000,1280,720,0,False,accepted
S004_20260820_190636_29_004,S004,20260820_190636,29,ㅣ,4,S004/29_ㅣ/S004_20260820_190636_29_004.mp4,2026-08-20T19:06:36+09:00,4.033,30.000,1280,720,0,False,accepted
S004_20260820_190636_29_005,S004,20260820_190636,29,ㅣ,5,S004/29_ㅣ/S004_20260820_190636_29_005.mp4,2026-08-20T19:06:36+09:00,4.067,30.000,1280,720,0,False,accepted
S004_20260820_190636_29_006,S004,20260820_190636,29,ㅣ,6,S004/29_ㅣ/S004_20260820_190636_29_006.mp4,2026-08-20T19:06:36+09:00,4.033,30.000,1280,720,0,False,accepted
S004_20260820_190636_29_007,S004,20260820_190636,29,ㅣ,7,S004/29_ㅣ/S004_20260820_190636_29_007.mp4,2026-08-20T19:06:36+09:00,4.067,30.000,1280,720,0,False,accepted
S004_20260820_190636_29_008,S004,20260820_190636,29,ㅣ,8,S004/29_ㅣ/S004_20260820_190636_29_008.mp4,2026-08-20T19:06:36+09:00,4.033,30.000,1280,720,0,False,accepted
S004_20260820_190636_29_009,S004,20260820_190636,29,ㅣ,9,S004/29_ㅣ/S004_20260820_190636_29_009.mp4,2026-08-20T19:06:36+09:00,4.067,30.000,1280,720,0,False,accepted
S004_20260820_190636_29_010,S004,20260820_190636,29,ㅣ,10,S004/29_ㅣ/S004_20260820_190636_29_010.mp4,2026-08-20T19:06:36+09:00,4.033,30.000,1280,720,0,False,accepted
S004_20260820_190636_30_001,S004,20260820_190636,30,ㅐ,1,S004/30_ㅐ/S004_20260820_190636_30_001.mp4,2026-08-20T19:06:36+09:00,4.033,30.000,1280,720,0,False,accepted
S004_20260820_190636_30_002,S004,20260820_190636,30,ㅐ,2,S004/30_ㅐ/S004_20260820_190636_30_002.mp4,2026-08-20T19:06:36+09:00,4.033,30.000,1280,720,0,False,accepted
S004_20260820_190636_30_003,S004,20260820_190636,30,ㅐ,3,S004/30_ㅐ/S004_20260820_190636_30_003.mp4,2026-08-20T19:06:36+09:00,4.067,30.000,1280,720,0,False,accepted
S004_20260820_190636_30_004,S004,20260820_190636,30,ㅐ,4,S004/30_ㅐ/S004_20260820_190636_30_004.mp4,2026-08-20T19:06:36+09:00,4.033,30.000,1280,720,0,False,accepted
S004_20260820_190636_30_005,S004,20260820_190636,30,ㅐ,5,S004/30_ㅐ/S004_20260820_190636_30_005.mp4,2026-08-20T19:06:36+09:00,4.067,30.000,1280,720,0,False,accepted
S004_20260820_190636_30_006,S004,20260820_190636,30,ㅐ,6,S004/30_ㅐ/S004_20260820_190636_30_006.mp4,2026-08-20T19:06:36+09:00,4.000,30.000,1280,720,0,False,accepted
S004_20260820_190636_30_007,S004,20260820_190636,30,ㅐ,7,S004/30_ㅐ/S004_20260820_190636_30_007.mp4,2026-08-20T19:06:36+09:00,4.033,30.000,1280,720,0,False,accepted
S004_20260820_190636_30_008,S004,20260820_190636,30,ㅐ,8,S004/30_ㅐ/S004_20260820_190636_30_008.mp4,2026-08-20T19:06:36+09:00,4.033,30.000,1280,720,0,False,accepted
S004_20260820_190636_30_009,S004,20260820_190636,30,ㅐ,9,S004/30_ㅐ/S004_20260820_190636_30_009.mp4,2026-08-20T19:06:36+09:00,4.033,30.000,1280,720,0,False,accepted
S004_20260820_190636_30_010,S004,20260820_190636,30,ㅐ,10,S004/30_ㅐ/S004_20260820_190636_30_010.mp4,2026-08-20T19:06:36+09:00,4.033,30.000,1280,720,0,False,accepted
S004_20260820_190636_31_001,S004,20260820_190636,31,ㅒ,1,S004/31_ㅒ/S004_20260820_190636_31_001.mp4,2026-08-20T19:06:36+09:00,4.033,30.000,1280,720,0,False,accepted
S004_20260820_190636_31_002,S004,20260820_190636,31,ㅒ,2,S004/31_ㅒ/S004_20260820_190636_31_002.mp4,2026-08-20T19:06:36+09:00,4.067,30.000,1280,720,0,False,accepted
S004_20260820_190636_31_003,S004,20260820_190636,31,ㅒ,3,S004/31_ㅒ/S004_20260820_190636_31_003.mp4,2026-08-20T19:06:36+09:00,4.033,30.000,1280,720,0,False,accepted
S004_20260820_190636_31_004,S004,20260820_190636,31,ㅒ,4,S004/31_ㅒ/S004_20260820_190636_31_004.mp4,2026-08-20T19:06:36+09:00,4.033,30.000,1280,720,0,False,accepted
S004_20260820_190636_31_005,S004,20260820_190636,31,ㅒ,5,S004/31_ㅒ/S004_20260820_190636_31_005.mp4,2026-08-20T19:06:36+09:00,4.067,30.000,1280,720,0,False,accepted
S004_20260820_190636_31_006,S004,20260820_190636,31,ㅒ,6,S004/31_ㅒ/S004_20260820_190636_31_006.mp4,2026-08-20T19:06:36+09:00,4.033,30.000,1280,720,0,False,accepted
S004_20260820_190636_31_007,S004,20260820_190636,31,ㅒ,7,S004/31_ㅒ/S004_20260820_190636_31_007.mp4,2026-08-20T19:06:36+09:00,4.067,30.000,1280,720,0,False,accepted
S004_20260820_190636_31_008,S004,20260820_190636,31,ㅒ,8,S004/31_ㅒ/S004_20260820_190636_31_008.mp4,2026-08-20T19:06:36+09:00,4.033,30.000,1280,720,0,False,accepted
S004_20260820_190636_31_009,S004,20260820_190636,31,ㅒ,9,S004/31_ㅒ/S004_20260820_190636_31_009.mp4,2026-08-20T19:06:36+09:00,4.067,30.000,1280,720,0,False,accepted
S004_20260820_190636_31_010,S004,20260820_190636,31,ㅒ,10,S004/31_ㅒ/S004_20260820_190636_31_010.mp4,2026-08-20T19:06:36+09:00,4.067,30.000,1280,720,0,False,accepted
S004_20260820_190636_32_001,S004,20260820_190636,32,ㅔ,1,S004/32_ㅔ/S004_20260820_190636_32_001.mp4,2026-08-20T19:06:36+09:00,4.033,30.000,1280,720,0,False,accepted
S004_20260820_190636_32_002,S004,20260820_190636,32,ㅔ,2,S004/32_ㅔ/S004_20260820_190636_32_002.mp4,2026-08-20T19:06:36+09:00,4.033,30.000,1280,720,0,False,accepted
S004_20260820_190636_32_003,S004,20260820_190636,32,ㅔ,3,S004/32_ㅔ/S004_20260820_190636_32_003.mp4,2026-08-20T19:06:36+09:00,4.033,30.000,1280,720,0,False,accepted
S004_20260820_190636_32_004,S004,20260820_190636,32,ㅔ,4,S004/32_ㅔ/S004_20260820_190636_32_004.mp4,2026-08-20T19:06:36+09:00,4.033,30.000,1280,720,0,False,accepted
S004_20260820_190636_32_005,S004,20260820_190636,32,ㅔ,5,S004/32_ㅔ/S004_20260820_190636_32_005.mp4,2026-08-20T19:06:36+09:00,4.067,30.000,1280,720,0,False,accepted
S004_20260820_190636_32_006,S004,20260820_190636,32,ㅔ,6,S004/32_ㅔ/S004_20260820_190636_32_006.mp4,2026-08-20T19:06:36+09:00,4.067,30.000,1280,720,0,False,accepted
S004_20260820_190636_32_007,S004,20260820_190636,32,ㅔ,7,S004/32_ㅔ/S004_20260820_190636_32_007.mp4,2026-08-20T19:06:36+09:00,4.033,30.000,1280,720,0,False,accepted
S004_20260820_190636_32_008,S004,20260820_190636,32,ㅔ,8,S004/32_ㅔ/S004_20260820_190636_32_008.mp4,2026-08-20T19:06:36+09:00,4.033,30.000,1280,720,0,False,accepted
S004_20260820_190636_32_009,S004,20260820_190636,32,ㅔ,9,S004/32_ㅔ/S004_20260820_190636_32_009.mp4,2026-08-20T19:06:36+09:00,4.033,30.000,1280,720,0,False,accepted
S004_20260820_190636_32_010,S004,20260820_190636,32,ㅔ,10,S004/32_ㅔ/S004_20260820_190636_32_010.mp4,2026-08-20T19:06:36+09:00,4.033,30.000,1280,720,0,False,accepted
S004_20260820_190636_33_001,S004,20260820_190636,33,ㅖ,1,S004/33_ㅖ/S004_20260820_190636_33_001.mp4,2026-08-20T19:06:36+09:00,4.033,30.000,1280,720,0,False,accepted
S004_20260820_190636_33_002,S004,20260820_190636,33,ㅖ,2,S004/33_ㅖ/S004_20260820_190636_33_002.mp4,2026-08-20T19:06:36+09:00,4.033,30.000,1280,720,0,False,accepted
S004_20260820_190636_33_003,S004,20260820_190636,33,ㅖ,3,S004/33_ㅖ/S004_20260820_190636_33_003.mp4,2026-08-20T19:06:36+09:00,4.033,30.000,1280,720,0,False,accepted
S004_20260820_190636_33_004,S004,20260820_190636,33,ㅖ,4,S004/33_ㅖ/S004_20260820_190636_33_004.mp4,2026-08-20T19:06:36+09:00,4.033,30.000,1280,720,0,False,accepted
S004_20260820_190636_33_005,S004,20260820_190636,33,ㅖ,5,S004/33_ㅖ/S004_20260820_190636_33_005.mp4,2026-08-20T19:06:36+09:00,4.067,30.000,1280,720,0,False,accepted
S004_20260820_190636_33_006,S004,20260820_190636,33,ㅖ,6,S004/33_ㅖ/S004_20260820_190636_33_006.mp4,2026-08-20T19:06:36+09:00,4.033,30.000,1280,720,0,False,accepted
S004_20260820_190636_33_007,S004,20260820_190636,33,ㅖ,7,S004/33_ㅖ/S004_20260820_190636_33_007.mp4,2026-08-20T19:06:36+09:00,4.033,30.000,1280,720,0,False,accepted
S004_20260820_190636_33_008,S004,20260820_190636,33,ㅖ,8,S004/33_ㅖ/S004_20260820_190636_33_008.mp4,2026-08-20T19:06:36+09:00,4.033,30.000,1280,720,0,False,accepted
S004_20260820_190636_33_009,S004,20260820_190636,33,ㅖ,9,S004/33_ㅖ/S004_20260820_190636_33_009.mp4,2026-08-20T19:06:36+09:00,4.033,30.000,1280,720,0,False,accepted
S004_20260820_190636_33_010,S004,20260820_190636,33,ㅖ,10,S004/33_ㅖ/S004_20260820_190636_33_010.mp4,2026-08-20T19:06:36+09:00,4.067,30.000,1280,720,0,False,accepted
S004_20260820_190636_34_001,S004,20260820_190636,34,ㅢ,1,S004/34_ㅢ/S004_20260820_190636_34_001.mp4,2026-08-20T19:06:36+09:00,4.067,30.000,1280,720,0,False,accepted
S004_20260820_190636_34_002,S004,20260820_190636,34,ㅢ,2,S004/34_ㅢ/S004_20260820_190636_34_002.mp4,2026-08-20T19:06:36+09:00,4.033,30.000,1280,720,0,False,accepted
S004_20260820_190636_34_003,S004,20260820_190636,34,ㅢ,3,S004/34_ㅢ/S004_20260820_190636_34_003.mp4,2026-08-20T19:06:36+09:00,4.033,30.000,1280,720,0,False,accepted
S004_20260820_190636_34_004,S004,20260820_190636,34,ㅢ,4,S004/34_ㅢ/S004_20260820_190636_34_004.mp4,2026-08-20T19:06:36+09:00,4.033,30.000,1280,720,0,False,accepted
S004_20260820_190636_34_005,S004,20260820_190636,34,ㅢ,5,S004/34_ㅢ/S004_20260820_190636_34_005.mp4,2026-08-20T19:06:36+09:00,4.033,30.000,1280,720,0,False,accepted
S004_20260820_190636_34_006,S004,20260820_190636,34,ㅢ,6,S004/34_ㅢ/S004_20260820_190636_34_006.mp4,2026-08-20T19:06:36+09:00,4.033,30.000,1280,720,0,False,accepted
S004_20260820_190636_34_007,S004,20260820_190636,34,ㅢ,7,S004/34_ㅢ/S004_20260820_190636_34_007.mp4,2026-08-20T19:06:36+09:00,4.067,30.000,1280,720,0,False,accepted
S004_20260820_190636_34_008,S004,20260820_190636,34,ㅢ,8,S004/34_ㅢ/S004_20260820_190636_34_008.mp4,2026-08-20T19:06:36+09:00,4.033,30.000,1280,720,0,False,accepted
S004_20260820_190636_34_009,S004,20260820_190636,34,ㅢ,9,S004/34_ㅢ/S004_20260820_190636_34_009.mp4,2026-08-20T19:06:36+09:00,4.067,30.000,1280,720,0,False,accepted
S004_20260820_190636_34_010,S004,20260820_190636,34,ㅢ,10,S004/34_ㅢ/S004_20260820_190636_34_010.mp4,2026-08-20T19:06:36+09:00,4.033,30.000,1280,720,0,False,accepted
S004_20260820_190636_35_001,S004,20260820_190636,35,ㅚ,1,S004/35_ㅚ/S004_20260820_190636_35_001.mp4,2026-08-20T19:06:36+09:00,4.067,30.000,1280,720,0,False,accepted
S004_20260820_190636_35_002,S004,20260820_190636,35,ㅚ,2,S004/35_ㅚ/S004_20260820_190636_35_002.mp4,2026-08-20T19:06:36+09:00,4.033,30.000,1280,720,0,False,accepted
S004_20260820_190636_35_003,S004,20260820_190636,35,ㅚ,3,S004/35_ㅚ/S004_20260820_190636_35_003.mp4,2026-08-20T19:06:36+09:00,4.033,30.000,1280,720,0,False,accepted
S004_20260820_190636_35_004,S004,20260820_190636,35,ㅚ,4,S004/35_ㅚ/S004_20260820_190636_35_004.mp4,2026-08-20T19:06:36+09:00,4.067,30.000,1280,720,0,False,accepted
S004_20260820_190636_35_005,S004,20260820_190636,35,ㅚ,5,S004/35_ㅚ/S004_20260820_190636_35_005.mp4,2026-08-20T19:06:36+09:00,4.000,30.000,1280,720,0,False,accepted
S004_20260820_190636_35_006,S004,20260820_190636,35,ㅚ,6,S004/35_ㅚ/S004_20260820_190636_35_006.mp4,2026-08-20T19:06:36+09:00,4.033,30.000,1280,720,0,False,accepted
S004_20260820_190636_35_007,S004,20260820_190636,35,ㅚ,7,S004/35_ㅚ/S004_20260820_190636_35_007.mp4,2026-08-20T19:06:36+09:00,4.033,30.000,1280,720,0,False,accepted
S004_20260820_190636_35_008,S004,20260820_190636,35,ㅚ,8,S004/35_ㅚ/S004_20260820_190636_35_008.mp4,2026-08-20T19:06:36+09:00,4.067,30.000,1280,720,0,False,accepted
S004_20260820_190636_35_009,S004,20260820_190636,35,ㅚ,9,S004/35_ㅚ/S004_20260820_190636_35_009.mp4,2026-08-20T19:06:36+09:00,4.033,30.000,1280,720,0,False,accepted
S004_20260820_190636_35_010,S004,20260820_190636,35,ㅚ,10,S004/35_ㅚ/S004_20260820_190636_35_010.mp4,2026-08-20T19:06:36+09:00,4.033,30.000,1280,720,0,False,accepted
S004_20260820_190636_36_001,S004,20260820_190636,36,ㅟ,1,S004/36_ㅟ/S004_20260820_190636_36_001.mp4,2026-08-20T19:06:36+09:00,4.033,30.000,1280,720,0,False,accepted
S004_20260820_190636_36_002,S004,20260820_190636,36,ㅟ,2,S004/36_ㅟ/S004_20260820_190636_36_002.mp4,2026-08-20T19:06:36+09:00,4.033,30.000,1280,720,0,False,accepted
S004_20260820_190636_36_003,S004,20260820_190636,36,ㅟ,3,S004/36_ㅟ/S004_20260820_190636_36_003.mp4,2026-08-20T19:06:36+09:00,4.033,30.000,1280,720,0,False,accepted
S004_20260820_190636_36_004,S004,20260820_190636,36,ㅟ,4,S004/36_ㅟ/S004_20260820_190636_36_004.mp4,2026-08-20T19:06:36+09:00,4.033,30.000,1280,720,0,False,accepted
S004_20260820_190636_36_005,S004,20260820_190636,36,ㅟ,5,S004/36_ㅟ/S004_20260820_190636_36_005.mp4,2026-08-20T19:06:36+09:00,4.033,30.000,1280,720,0,False,accepted
S004_20260820_190636_36_006,S004,20260820_190636,36,ㅟ,6,S004/36_ㅟ/S004_20260820_190636_36_006.mp4,2026-08-20T19:06:36+09:00,4.033,30.000,1280,720,0,False,accepted
S004_20260820_190636_36_007,S004,20260820_190636,36,ㅟ,7,S004/36_ㅟ/S004_20260820_190636_36_007.mp4,2026-08-20T19:06:36+09:00,4.033,30.000,1280,720,0,False,accepted
S004_20260820_190636_36_008,S004,20260820_190636,36,ㅟ,8,S004/36_ㅟ/S004_20260820_190636_36_008.mp4,2026-08-20T19:06:36+09:00,4.033,30.000,1280,720,0,False,accepted
S004_20260820_190636_36_009,S004,20260820_190636,36,ㅟ,9,S004/36_ㅟ/S004_20260820_190636_36_009.mp4,2026-08-20T19:06:36+09:00,4.033,30.000,1280,720,0,False,accepted
S004_20260820_190636_36_010,S004,20260820_190636,36,ㅟ,10,S004/36_ㅟ/S004_20260820_190636_36_010.mp4,2026-08-20T19:06:36+09:00,4.033,30.000,1280,720,0,False,accepted
