sample_id,label,file_path,video_frames,video_fps,sampled_frames,detected_frames,detection_rate,result,message
S001_01_002,ㄱ,S001/01_ㄱ/S001_01_002.mp4,122,30.0,12,12,1.0,ok,
S001_01_003,ㄱ,S001/01_ㄱ/S001_01_003.mp4,122,30.0,12,12,1.0,ok,
S001_01_004,ㄱ,S001/01_ㄱ/S001_01_004.mp4,121,30.0,12,12,1.0,ok,
S001_01_005,ㄱ,S001/01_ㄱ/S001_01_005.mp4,122,30.0,12,12,1.0,ok,
S001_01_006,ㄱ,S001/01_ㄱ/S001_01_006.mp4,122,30.0,12,12,1.0,ok,
S001_01_007,ㄱ,S001/01_ㄱ/S001_01_007.mp4,121,30.0,12,12,1.0,ok,
S001_01_008,ㄱ,S001/01_ㄱ/S001_01_008.mp4,122,30.0,12,12,1.0,ok,
S001_01_009,ㄱ,S001/01_ㄱ/S001_01_009.mp4,122,30.0,12,12,1.0,ok,
S001_01_010,ㄱ,S001/01_ㄱ/S001_01_010.mp4,122,30.0,12,12,1.0,ok,
S001_02_001,ㄴ,S001/02_ㄴ/S001_02_001.mp4,120,30.0,12,12,1.0,ok,
S001_02_002,ㄴ,S001/02_ㄴ/S001_02_002.mp4,121,30.0,12,12,1.0,ok,
S001_02_003,ㄴ,S001/02_ㄴ/S001_02_003.mp4,121,30.0,12,12,1.0,ok,
S001_02_004,ㄴ,S001/02_ㄴ/S001_02_004.mp4,121,30.0,12,12,1.0,ok,
S001_02_005,ㄴ,S001/02_ㄴ/S001_02_005.mp4,121,30.0,12,12,1.0,ok,
S001_02_006,ㄴ,S001/02_ㄴ/S001_02_006.mp4,122,30.0,12,12,1.0,ok,
S001_02_007,ㄴ,S001/02_ㄴ/S001_02_007.mp4,122,30.0,12,12,1.0,ok,
S001_02_008,ㄴ,S001/02_ㄴ/S001_02_008.mp4,122,30.0,12,12,1.0,ok,
S001_02_009,ㄴ,S001/02_ㄴ/S001_02_009.mp4,120,30.0,12,12,1.0,ok,
S001_02_010,ㄴ,S001/02_ㄴ/S001_02_010.mp4,121,30.0,12,12,1.0,ok,
S001_02_011,ㄴ,S001/02_ㄴ/S001_02_011.mp4,121,30.0,12,12,1.0,ok,
S001_02_012,ㄴ,S001/02_ㄴ/S001_02_012.mp4,122,30.0,12,12,1.0,ok,
S001_02_013,ㄴ,S001/02_ㄴ/S001_02_013.mp4,122,30.0,12,12,1.0,ok,
S001_02_014,ㄴ,S001/02_ㄴ/S001_02_014.mp4,121,30.0,12,12,1.0,ok,
S001_02_015,ㄴ,S001/02_ㄴ/S001_02_015.mp4,122,30.0,12,12,1.0,ok,
S001_02_016,ㄴ,S001/02_ㄴ/S001_02_016.mp4,122,30.0,12,12,1.0,ok,
S001_02_017,ㄴ,S001/02_ㄴ/S001_02_017.mp4,122,30.0,12,12,1.0,ok,
S001_02_018,ㄴ,S001/02_ㄴ/S001_02_018.mp4,122,30.0,12,12,1.0,ok,
S001_02_019,ㄴ,S001/02_ㄴ/S001_02_019.mp4,122,30.0,12,12,1.0,ok,
S001_03_001,ㄷ,S001/03_ㄷ/S001_03_001.mp4,116,30.0,12,12,1.0,ok,
S001_03_002,ㄷ,S001/03_ㄷ/S001_03_002.mp4,121,30.0,12,12,1.0,ok,
S001_03_003,ㄷ,S001/03_ㄷ/S001_03_003.mp4,122,30.0,12,12,1.0,ok,
S001_03_004,ㄷ,S001/03_ㄷ/S001_03_004.mp4,122,30.0,12,12,1.0,ok,
S001_03_005,ㄷ,S001/03_ㄷ/S001_03_005.mp4,121,30.0,12,12,1.0,ok,
S001_03_006,ㄷ,S001/03_ㄷ/S001_03_006.mp4,122,30.0,12,12,1.0,ok,
S001_03_007,ㄷ,S001/03_ㄷ/S001_03_007.mp4,122,30.0,12,12,1.0,ok,
S001_03_008,ㄷ,S001/03_ㄷ/S001_03_008.mp4,122,30.0,12,12,1.0,ok,
S001_03_009,ㄷ,S001/03_ㄷ/S001_03_009.mp4,122,30.0,12,12,1.0,ok,
S001_04_001,ㄹ,S001/04_ㄹ/S001_04_001.mp4,120,30.0,12,12,1.0,ok,
S001_04_002,ㄹ,S001/04_ㄹ/S001_04_002.mp4,122,30.0,12,12,1.0,ok,
S001_04_003,ㄹ,S001/04_ㄹ/S001_04_003.mp4,122,30.0,12,12,1.0,ok,
S001_04_004,ㄹ,S001/04_ㄹ/S001_04_004.mp4,122,30.0,12,12,1.0,ok,
S001_04_005,ㄹ,S001/04_ㄹ/S001_04_005.mp4,122,30.0,12,12,1.0,ok,
S001_04_006,ㄹ,S001/04_ㄹ/S001_04_006.mp4,122,30.0,12,12,1.0,ok,
S001_04_007,ㄹ,S001/04_ㄹ/S001_04_007.mp4,122,30.0,12,12,1.0,ok,
S001_04_008,ㄹ,S001/04_ㄹ/S001_04_008.mp4,122,30.0,12,12,1.0,ok,
S001_04_009,ㄹ,S001/04_ㄹ/S001_04_009.mp4,122,30.0,12,12,1.0,ok,
S001_04_010,ㄹ,S001/04_ㄹ/S001_04_010.mp4,122,30.0,12,12,1.0,ok,
S001_05_001,ㅁ,S001/05_ㅁ/S001_05_001.mp4,120,30.0,12,12,1.0,ok,
S001_05_002,ㅁ,S001/05_ㅁ/S001_05_002.mp4,122,30.0,12,12,1.0,ok,
S001_05_003,ㅁ,S001/05_ㅁ/S001_05_003.mp4,122,30.0,12,11,0.9167,ok,
S001_05_004,ㅁ,S001/05_ㅁ/S001_05_004.mp4,120,30.0,12,12,1.0,ok,
S001_05_005,ㅁ,S001/05_ㅁ/S001_05_005.mp4,122,30.0,12,12,1.0,ok,
S001_05_006,ㅁ,S001/05_ㅁ/S001_05_006.mp4,122,30.0,12,7,0.5833,review,detection_rate_below_0.8
S001_05_007,ㅁ,S001/05_ㅁ/S001_05_007.mp4,122,30.0,12,12,1.0,ok,
S001_05_008,ㅁ,S001/05_ㅁ/S001_05_008.mp4,121,30.0,12,12,1.0,ok,
S001_05_009,ㅁ,S001/05_ㅁ/S001_05_009.mp4,122,30.0,12,11,0.9167,ok,
S001_05_010,ㅁ,S001/05_ㅁ/S001_05_010.mp4,122,30.0,12,12,1.0,ok,
S001_05_011,ㅁ,S001/05_ㅁ/S001_05_011.mp4,121,30.0,12,12,1.0,ok,
S001_06_001,ㅂ,S001/06_ㅂ/S001_06_001.mp4,122,30.0,12,12,1.0,ok,
S001_06_002,ㅂ,S001/06_ㅂ/S001_06_002.mp4,122,30.0,12,12,1.0,ok,
S001_06_003,ㅂ,S001/06_ㅂ/S001_06_003.mp4,122,30.0,12,12,1.0,ok,
S001_06_004,ㅂ,S001/06_ㅂ/S001_06_004.mp4,122,30.0,12,12,1.0,ok,
S001_06_005,ㅂ,S001/06_ㅂ/S001_06_005.mp4,122,30.0,12,12,1.0,ok,
S001_06_006,ㅂ,S001/06_ㅂ/S001_06_006.mp4,122,30.0,12,12,1.0,ok,
S001_06_007,ㅂ,S001/06_ㅂ/S001_06_007.mp4,122,30.0,12,12,1.0,ok,
S001_06_008,ㅂ,S001/06_ㅂ/S001_06_008.mp4,122,30.0,12,12,1.0,ok,
S001_06_009,ㅂ,S001/06_ㅂ/S001_06_009.mp4,122,30.0,12,12,1.0,ok,
S001_06_010,ㅂ,S001/06_ㅂ/S001_06_010.mp4,122,30.0,12,12,1.0,ok,
S001_07_003,ㅅ,S001/07_ㅅ/S001_07_003.mp4,122,30.0,12,11,0.9167,ok,
S001_07_004,ㅅ,S001/07_ㅅ/S001_07_004.mp4,122,30.0,12,12,1.0,ok,
S001_07_005,ㅅ,S001/07_ㅅ/S001_07_005.mp4,122,30.0,12,8,0.6667,review,detection_rate_below_0.8
S001_07_006,ㅅ,S001/07_ㅅ/S001_07_006.mp4,122,30.0,12,10,0.8333,ok,
S001_07_007,ㅅ,S001/07_ㅅ/S001_07_007.mp4,122,30.0,12,2,0.1667,review,detection_rate_below_0.8
S001_07_008,ㅅ,S001/07_ㅅ/S001_07_008.mp4,122,30.0,12,4,0.3333,review,detection_rate_below_0.8
S001_07_009,ㅅ,S001/07_ㅅ/S001_07_009.mp4,122,30.0,12,11,0.9167,ok,
S001_07_010,ㅅ,S001/07_ㅅ/S001_07_010.mp4,122,30.0,12,12,1.0,ok,
S001_07_011,ㅅ,S001/07_ㅅ/S001_07_011.mp4,122,30.0,12,9,0.75,review,detection_rate_below_0.8
S001_08_001,ㅇ,S001/08_ㅇ/S001_08_001.mp4,121,30.0,12,10,0.8333,ok,
S001_08_002,ㅇ,S001/08_ㅇ/S001_08_002.mp4,122,30.0,12,10,0.8333,ok,
S001_08_003,ㅇ,S001/08_ㅇ/S001_08_003.mp4,122,30.0,12,10,0.8333,ok,
S001_08_004,ㅇ,S001/08_ㅇ/S001_08_004.mp4,122,30.0,12,12,1.0,ok,
S001_08_005,ㅇ,S001/08_ㅇ/S001_08_005.mp4,122,30.0,12,9,0.75,review,detection_rate_below_0.8
S001_08_006,ㅇ,S001/08_ㅇ/S001_08_006.mp4,122,30.0,12,12,1.0,ok,
S001_08_007,ㅇ,S001/08_ㅇ/S001_08_007.mp4,122,30.0,12,12,1.0,ok,
S001_08_008,ㅇ,S001/08_ㅇ/S001_08_008.mp4,122,30.0,12,11,0.9167,ok,
S001_08_009,ㅇ,S001/08_ㅇ/S001_08_009.mp4,122,30.0,12,12,1.0,ok,
S001_08_010,ㅇ,S001/08_ㅇ/S001_08_010.mp4,122,30.0,12,12,1.0,ok,
S001_09_001,ㅈ,S001/09_ㅈ/S001_09_001.mp4,122,30.0,12,8,0.6667,review,detection_rate_below_0.8
S001_09_002,ㅈ,S001/09_ㅈ/S001_09_002.mp4,122,30.0,12,6,0.5,review,detection_rate_below_0.8
S001_09_003,ㅈ,S001/09_ㅈ/S001_09_003.mp4,122,30.0,12,12,1.0,ok,
S001_09_004,ㅈ,S001/09_ㅈ/S001_09_004.mp4,122,30.0,12,10,0.8333,ok,
S001_09_005,ㅈ,S001/09_ㅈ/S001_09_005.mp4,122,30.0,12,6,0.5,review,detection_rate_below_0.8
S001_09_006,ㅈ,S001/09_ㅈ/S001_09_006.mp4,122,30.0,12,12,1.0,ok,
S001_09_007,ㅈ,S001/09_ㅈ/S001_09_007.mp4,122,30.0,12,8,0.6667,review,detection_rate_below_0.8
S001_09_008,ㅈ,S001/09_ㅈ/S001_09_008.mp4,122,30.0,12,12,1.0,ok,
S001_09_009,ㅈ,S001/09_ㅈ/S001_09_009.mp4,122,30.0,12,9,0.75,review,detection_rate_below_0.8
S001_10_001,ㅊ,S001/10_ㅊ/S001_10_001.mp4,121,30.0,12,10,0.8333,ok,
S001_10_002,ㅊ,S001/10_ㅊ/S001_10_002.mp4,122,30.0,12,12,1.0,ok,
S001_10_003,ㅊ,S001/10_ㅊ/S001_10_003.mp4,122,30.0,12,9,0.75,review,detection_rate_below_0.8
S001_10_004,ㅊ,S001/10_ㅊ/S001_10_004.mp4,121,30.0,12,12,1.0,ok,
S001_10_005,ㅊ,S001/10_ㅊ/S001_10_005.mp4,122,30.0,12,10,0.8333,ok,
S001_10_006,ㅊ,S001/10_ㅊ/S001_10_006.mp4,122,30.0,12,12,1.0,ok,
S001_10_007,ㅊ,S001/10_ㅊ/S001_10_007.mp4,122,30.0,12,10,0.8333,ok,
S001_10_008,ㅊ,S001/10_ㅊ/S001_10_008.mp4,122,30.0,12,12,1.0,ok,
S001_11_001,ㅋ,S001/11_ㅋ/S001_11_001.mp4,121,30.0,12,10,0.8333,ok,
S001_11_002,ㅋ,S001/11_ㅋ/S001_11_002.mp4,122,30.0,12,12,1.0,ok,
S001_11_003,ㅋ,S001/11_ㅋ/S001_11_003.mp4,122,30.0,12,12,1.0,ok,
S001_11_004,ㅋ,S001/11_ㅋ/S001_11_004.mp4,122,30.0,12,12,1.0,ok,
S001_11_005,ㅋ,S001/11_ㅋ/S001_11_005.mp4,122,30.0,12,12,1.0,ok,
S001_11_006,ㅋ,S001/11_ㅋ/S001_11_006.mp4,122,30.0,12,12,1.0,ok,
S001_11_007,ㅋ,S001/11_ㅋ/S001_11_007.mp4,122,30.0,12,12,1.0,ok,
S001_11_008,ㅋ,S001/11_ㅋ/S001_11_008.mp4,122,30.0,12,12,1.0,ok,
S001_11_009,ㅋ,S001/11_ㅋ/S001_11_009.mp4,122,30.0,12,12,1.0,ok,
S001_12_001,ㅌ,S001/12_ㅌ/S001_12_001.mp4,121,30.0,12,12,1.0,ok,
S001_12_002,ㅌ,S001/12_ㅌ/S001_12_002.mp4,122,30.0,12,12,1.0,ok,
S001_12_003,ㅌ,S001/12_ㅌ/S001_12_003.mp4,122,30.0,12,12,1.0,ok,
S001_12_004,ㅌ,S001/12_ㅌ/S001_12_004.mp4,121,30.0,12,12,1.0,ok,
S001_12_005,ㅌ,S001/12_ㅌ/S001_12_005.mp4,122,30.0,12,12,1.0,ok,
S001_12_006,ㅌ,S001/12_ㅌ/S001_12_006.mp4,122,30.0,12,11,0.9167,ok,
S001_12_007,ㅌ,S001/12_ㅌ/S001_12_007.mp4,122,30.0,12,11,0.9167,ok,
S001_12_008,ㅌ,S001/12_ㅌ/S001_12_008.mp4,122,30.0,12,11,0.9167,ok,
S001_12_009,ㅌ,S001/12_ㅌ/S001_12_009.mp4,121,30.0,12,12,1.0,ok,
S001_12_010,ㅌ,S001/12_ㅌ/S001_12_010.mp4,122,30.0,12,12,1.0,ok,
S001_12_011,ㅌ,S001/12_ㅌ/S001_12_011.mp4,122,30.0,12,12,1.0,ok,
S001_13_002,ㅍ,S001/13_ㅍ/S001_13_002.mp4,122,30.0,12,12,1.0,ok,
S001_13_003,ㅍ,S001/13_ㅍ/S001_13_003.mp4,122,30.0,12,12,1.0,ok,
S001_13_004,ㅍ,S001/13_ㅍ/S001_13_004.mp4,122,30.0,12,12,1.0,ok,
S001_13_005,ㅍ,S001/13_ㅍ/S001_13_005.mp4,122,30.0,12,12,1.0,ok,
S001_13_006,ㅍ,S001/13_ㅍ/S001_13_006.mp4,122,30.0,12,12,1.0,ok,
S001_13_007,ㅍ,S001/13_ㅍ/S001_13_007.mp4,122,30.0,12,12,1.0,ok,
S001_13_008,ㅍ,S001/13_ㅍ/S001_13_008.mp4,119,30.0,12,12,1.0,ok,
S001_13_009,ㅍ,S001/13_ㅍ/S001_13_009.mp4,122,30.0,12,12,1.0,ok,
S001_13_010,ㅍ,S001/13_ㅍ/S001_13_010.mp4,122,30.0,12,12,1.0,ok,
S001_14_001,ㅎ,S001/14_ㅎ/S001_14_001.mp4,121,30.0,12,12,1.0,ok,
S001_14_002,ㅎ,S001/14_ㅎ/S001_14_002.mp4,121,30.0,12,11,0.9167,ok,
S001_14_003,ㅎ,S001/14_ㅎ/S001_14_003.mp4,122,30.0,12,12,1.0,ok,
S001_14_004,ㅎ,S001/14_ㅎ/S001_14_004.mp4,122,30.0,12,8,0.6667,review,detection_rate_below_0.8
S001_14_005,ㅎ,S001/14_ㅎ/S001_14_005.mp4,122,30.0,12,12,1.0,ok,
S001_14_006,ㅎ,S001/14_ㅎ/S001_14_006.mp4,122,30.0,12,9,0.75,review,detection_rate_below_0.8
S001_14_007,ㅎ,S001/14_ㅎ/S001_14_007.mp4,122,30.0,12,12,1.0,ok,
S001_14_008,ㅎ,S001/14_ㅎ/S001_14_008.mp4,121,30.0,12,11,0.9167,ok,
S001_14_009,ㅎ,S001/14_ㅎ/S001_14_009.mp4,122,30.0,12,12,1.0,ok,
S001_14_010,ㅎ,S001/14_ㅎ/S001_14_010.mp4,122,30.0,12,12,1.0,ok,
S001_20_002,ㅏ,S001/20_ㅏ/S001_20_002.mp4,122,30.0,12,12,1.0,ok,
S001_20_003,ㅏ,S001/20_ㅏ/S001_20_003.mp4,122,30.0,12,12,1.0,ok,
S001_20_004,ㅏ,S001/20_ㅏ/S001_20_004.mp4,122,30.0,12,12,1.0,ok,
S001_20_005,ㅏ,S001/20_ㅏ/S001_20_005.mp4,122,30.0,12,12,1.0,ok,
S001_20_006,ㅏ,S001/20_ㅏ/S001_20_006.mp4,122,30.0,12,12,1.0,ok,
S001_20_007,ㅏ,S001/20_ㅏ/S001_20_007.mp4,122,30.0,12,12,1.0,ok,
S001_20_008,ㅏ,S001/20_ㅏ/S001_20_008.mp4,122,30.0,12,12,1.0,ok,
S001_20_009,ㅏ,S001/20_ㅏ/S001_20_009.mp4,122,30.0,12,12,1.0,ok,
S001_20_010,ㅏ,S001/20_ㅏ/S001_20_010.mp4,122,30.0,12,12,1.0,ok,
S001_20_011,ㅏ,S001/20_ㅏ/S001_20_011.mp4,122,30.0,12,12,1.0,ok,
S001_21_001,ㅑ,S001/21_ㅑ/S001_21_001.mp4,121,30.0,12,12,1.0,ok,
S001_21_002,ㅑ,S001/21_ㅑ/S001_21_002.mp4,122,30.0,12,12,1.0,ok,
S001_21_003,ㅑ,S001/21_ㅑ/S001_21_003.mp4,122,30.0,12,12,1.0,ok,
S001_21_004,ㅑ,S001/21_ㅑ/S001_21_004.mp4,122,30.0,12,12,1.0,ok,
S001_21_005,ㅑ,S001/21_ㅑ/S001_21_005.mp4,122,30.0,12,12,1.0,ok,
S001_21_006,ㅑ,S001/21_ㅑ/S001_21_006.mp4,122,30.0,12,12,1.0,ok,
S001_21_007,ㅑ,S001/21_ㅑ/S001_21_007.mp4,122,30.0,12,12,1.0,ok,
S001_21_008,ㅑ,S001/21_ㅑ/S001_21_008.mp4,122,30.0,12,12,1.0,ok,
S001_21_009,ㅑ,S001/21_ㅑ/S001_21_009.mp4,122,30.0,12,12,1.0,ok,
S001_21_010,ㅑ,S001/21_ㅑ/S001_21_010.mp4,122,30.0,12,12,1.0,ok,
S001_21_011,ㅑ,S001/21_ㅑ/S001_21_011.mp4,122,30.0,12,12,1.0,ok,
S001_22_001,ㅓ,S001/22_ㅓ/S001_22_001.mp4,122,30.0,12,12,1.0,ok,
S001_22_002,ㅓ,S001/22_ㅓ/S001_22_002.mp4,122,30.0,12,12,1.0,ok,
S001_22_003,ㅓ,S001/22_ㅓ/S001_22_003.mp4,122,30.0,12,12,1.0,ok,
S001_22_004,ㅓ,S001/22_ㅓ/S001_22_004.mp4,122,30.0,12,12,1.0,ok,
S001_22_005,ㅓ,S001/22_ㅓ/S001_22_005.mp4,122,30.0,12,12,1.0,ok,
S001_22_006,ㅓ,S001/22_ㅓ/S001_22_006.mp4,122,30.0,12,12,1.0,ok,
S001_22_007,ㅓ,S001/22_ㅓ/S001_22_007.mp4,122,30.0,12,12,1.0,ok,
S001_22_008,ㅓ,S001/22_ㅓ/S001_22_008.mp4,122,30.0,12,12,1.0,ok,
S001_22_009,ㅓ,S001/22_ㅓ/S001_22_009.mp4,122,30.0,12,12,1.0,ok,
S001_22_010,ㅓ,S001/22_ㅓ/S001_22_010.mp4,122,30.0,12,12,1.0,ok,
S001_23_001,ㅕ,S001/23_ㅕ/S001_23_001.mp4,122,30.0,12,12,1.0,ok,
S001_23_002,ㅕ,S001/23_ㅕ/S001_23_002.mp4,122,30.0,12,12,1.0,ok,
S001_23_003,ㅕ,S001/23_ㅕ/S001_23_003.mp4,122,30.0,12,12,1.0,ok,
S001_23_004,ㅕ,S001/23_ㅕ/S001_23_004.mp4,122,30.0,12,12,1.0,ok,
S001_23_005,ㅕ,S001/23_ㅕ/S001_23_005.mp4,122,30.0,12,12,1.0,ok,
S001_23_006,ㅕ,S001/23_ㅕ/S001_23_006.mp4,122,30.0,12,12,1.0,ok,
S001_23_007,ㅕ,S001/23_ㅕ/S001_23_007.mp4,122,30.0,12,12,1.0,ok,
S001_23_008,ㅕ,S001/23_ㅕ/S001_23_008.mp4,122,30.0,12,12,1.0,ok,
S001_23_009,ㅕ,S001/23_ㅕ/S001_23_009.mp4,122,30.0,12,12,1.0,ok,
S001_23_010,ㅕ,S001/23_ㅕ/S001_23_010.mp4,122,30.0,12,12,1.0,ok,
S001_23_011,ㅕ,S001/23_ㅕ/S001_23_011.mp4,122,30.0,12,12,1.0,ok,
S001_24_002,ㅗ,S001/24_ㅗ/S001_24_002.mp4,122,30.0,12,12,1.0,ok,
S001_24_003,ㅗ,S001/24_ㅗ/S001_24_003.mp4,122,30.0,12,12,1.0,ok,
S001_24_004,ㅗ,S001/24_ㅗ/S001_24_004.mp4,122,30.0,12,12,1.0,ok,
S001_24_005,ㅗ,S001/24_ㅗ/S001_24_005.mp4,122,30.0,12,12,1.0,ok,
S001_24_006,ㅗ,S001/24_ㅗ/S001_24_006.mp4,122,30.0,12,12,1.0,ok,
S001_24_007,ㅗ,S001/24_ㅗ/S001_24_007.mp4,122,30.0,12,12,1.0,ok,
S001_24_008,ㅗ,S001/24_ㅗ/S001_24_008.mp4,122,30.0,12,12,1.0,ok,
S001_24_009,ㅗ,S001/24_ㅗ/S001_24_009.mp4,122,30.0,12,12,1.0,ok,
S001_24_010,ㅗ,S001/24_ㅗ/S001_24_010.mp4,122,30.0,12,12,1.0,ok,
S001_24_011,ㅗ,S001/24_ㅗ/S001_24_011.mp4,122,30.0,12,12,1.0,ok,
S001_25_001,ㅛ,S001/25_ㅛ/S001_25_001.mp4,122,30.0,12,12,1.0,ok,
S001_25_002,ㅛ,S001/25_ㅛ/S001_25_002.mp4,122,30.0,12,12,1.0,ok,
S001_25_003,ㅛ,S001/25_ㅛ/S001_25_003.mp4,122,30.0,12,12,1.0,ok,
S001_25_004,ㅛ,S001/25_ㅛ/S001_25_004.mp4,122,30.0,12,12,1.0,ok,
S001_25_005,ㅛ,S001/25_ㅛ/S001_25_005.mp4,122,30.0,12,12,1.0,ok,
S001_25_006,ㅛ,S001/25_ㅛ/S001_25_006.mp4,122,30.0,12,12,1.0,ok,
S001_25_007,ㅛ,S001/25_ㅛ/S001_25_007.mp4,122,30.0,12,12,1.0,ok,
S001_25_008,ㅛ,S001/25_ㅛ/S001_25_008.mp4,122,30.0,12,12,1.0,ok,
S001_25_009,ㅛ,S001/25_ㅛ/S001_25_009.mp4,122,30.0,12,12,1.0,ok,
S001_25_010,ㅛ,S001/25_ㅛ/S001_25_010.mp4,122,30.0,12,12,1.0,ok,
S001_26_001,ㅜ,S001/26_ㅜ/S001_26_001.mp4,122,30.0,12,12,1.0,ok,
S001_26_002,ㅜ,S001/26_ㅜ/S001_26_002.mp4,122,30.0,12,12,1.0,ok,
S001_26_003,ㅜ,S001/26_ㅜ/S001_26_003.mp4,122,30.0,12,12,1.0,ok,
S001_26_004,ㅜ,S001/26_ㅜ/S001_26_004.mp4,122,30.0,12,12,1.0,ok,
S001_26_005,ㅜ,S001/26_ㅜ/S001_26_005.mp4,122,30.0,12,12,1.0,ok,
S001_26_006,ㅜ,S001/26_ㅜ/S001_26_006.mp4,122,30.0,12,12,1.0,ok,
S001_26_007,ㅜ,S001/26_ㅜ/S001_26_007.mp4,122,30.0,12,12,1.0,ok,
S001_26_009,ㅜ,S001/26_ㅜ/S001_26_009.mp4,122,30.0,12,10,0.8333,ok,
S001_26_010,ㅜ,S001/26_ㅜ/S001_26_010.mp4,122,30.0,12,12,1.0,ok,
S001_26_011,ㅜ,S001/26_ㅜ/S001_26_011.mp4,122,30.0,12,11,0.9167,ok,
S001_27_001,ㅠ,S001/27_ㅠ/S001_27_001.mp4,122,30.0,12,12,1.0,ok,
S001_27_002,ㅠ,S001/27_ㅠ/S001_27_002.mp4,122,30.0,12,12,1.0,ok,
S001_27_003,ㅠ,S001/27_ㅠ/S001_27_003.mp4,122,30.0,12,12,1.0,ok,
S001_27_004,ㅠ,S001/27_ㅠ/S001_27_004.mp4,122,30.0,12,12,1.0,ok,
S001_27_005,ㅠ,S001/27_ㅠ/S001_27_005.mp4,122,30.0,12,12,1.0,ok,
S001_27_006,ㅠ,S001/27_ㅠ/S001_27_006.mp4,122,30.0,12,12,1.0,ok,
S001_27_007,ㅠ,S001/27_ㅠ/S001_27_007.mp4,122,30.0,12,12,1.0,ok,
S001_27_008,ㅠ,S001/27_ㅠ/S001_27_008.mp4,122,30.0,12,12,1.0,ok,
S001_27_009,ㅠ,S001/27_ㅠ/S001_27_009.mp4,122,30.0,12,12,1.0,ok,
S001_27_010,ㅠ,S001/27_ㅠ/S001_27_010.mp4,122,30.0,12,12,1.0,ok,
S001_27_011,ㅠ,S001/27_ㅠ/S001_27_011.mp4,122,30.0,12,12,1.0,ok,
S001_28_001,ㅡ,S001/28_ㅡ/S001_28_001.mp4,121,30.0,12,12,1.0,ok,
S001_28_002,ㅡ,S001/28_ㅡ/S001_28_002.mp4,122,30.0,12,12,1.0,ok,
S001_28_003,ㅡ,S001/28_ㅡ/S001_28_003.mp4,122,30.0,12,12,1.0,ok,
S001_28_004,ㅡ,S001/28_ㅡ/S001_28_004.mp4,122,30.0,12,12,1.0,ok,
S001_28_005,ㅡ,S001/28_ㅡ/S001_28_005.mp4,122,30.0,12,12,1.0,ok,
S001_28_006,ㅡ,S001/28_ㅡ/S001_28_006.mp4,122,30.0,12,12,1.0,ok,
S001_28_007,ㅡ,S001/28_ㅡ/S001_28_007.mp4,122,30.0,12,12,1.0,ok,
S001_28_008,ㅡ,S001/28_ㅡ/S001_28_008.mp4,122,30.0,12,12,1.0,ok,
S001_28_009,ㅡ,S001/28_ㅡ/S001_28_009.mp4,122,30.0,12,12,1.0,ok,
S001_28_010,ㅡ,S001/28_ㅡ/S001_28_010.mp4,122,30.0,12,12,1.0,ok,
S001_29_001,ㅣ,S001/29_ㅣ/S001_29_001.mp4,122,30.0,12,12,1.0,ok,
S001_29_002,ㅣ,S001/29_ㅣ/S001_29_002.mp4,122,30.0,12,12,1.0,ok,
S001_29_003,ㅣ,S001/29_ㅣ/S001_29_003.mp4,122,30.0,12,12,1.0,ok,
S001_29_004,ㅣ,S001/29_ㅣ/S001_29_004.mp4,122,30.0,12,12,1.0,ok,
S001_29_005,ㅣ,S001/29_ㅣ/S001_29_005.mp4,122,30.0,12,12,1.0,ok,
S001_29_006,ㅣ,S001/29_ㅣ/S001_29_006.mp4,122,30.0,12,12,1.0,ok,
S001_29_007,ㅣ,S001/29_ㅣ/S001_29_007.mp4,122,30.0,12,12,1.0,ok,
S001_29_008,ㅣ,S001/29_ㅣ/S001_29_008.mp4,122,30.0,12,12,1.0,ok,
S001_29_009,ㅣ,S001/29_ㅣ/S001_29_009.mp4,122,30.0,12,12,1.0,ok,
S001_29_010,ㅣ,S001/29_ㅣ/S001_29_010.mp4,122,30.0,12,12,1.0,ok,
S001_29_011,ㅣ,S001/29_ㅣ/S001_29_011.mp4,122,30.0,12,12,1.0,ok,
S001_30_001,ㅐ,S001/30_ㅐ/S001_30_001.mp4,122,30.0,12,12,1.0,ok,
S001_30_002,ㅐ,S001/30_ㅐ/S001_30_002.mp4,122,30.0,12,12,1.0,ok,
S001_30_003,ㅐ,S001/30_ㅐ/S001_30_003.mp4,122,30.0,12,12,1.0,ok,
S001_30_004,ㅐ,S001/30_ㅐ/S001_30_004.mp4,122,30.0,12,12,1.0,ok,
S001_30_005,ㅐ,S001/30_ㅐ/S001_30_005.mp4,122,30.0,12,12,1.0,ok,
S001_30_006,ㅐ,S001/30_ㅐ/S001_30_006.mp4,122,30.0,12,12,1.0,ok,
S001_30_007,ㅐ,S001/30_ㅐ/S001_30_007.mp4,122,30.0,12,12,1.0,ok,
S001_30_008,ㅐ,S001/30_ㅐ/S001_30_008.mp4,122,30.0,12,12,1.0,ok,
S001_30_009,ㅐ,S001/30_ㅐ/S001_30_009.mp4,122,30.0,12,12,1.0,ok,
S001_30_010,ㅐ,S001/30_ㅐ/S001_30_010.mp4,122,30.0,12,12,1.0,ok,
S001_30_011,ㅐ,S001/30_ㅐ/S001_30_011.mp4,122,30.0,12,12,1.0,ok,
S001_31_001,ㅒ,S001/31_ㅒ/S001_31_001.mp4,122,30.0,12,12,1.0,ok,
S001_31_002,ㅒ,S001/31_ㅒ/S001_31_002.mp4,122,30.0,12,12,1.0,ok,
S001_31_003,ㅒ,S001/31_ㅒ/S001_31_003.mp4,122,30.0,12,12,1.0,ok,
S001_31_004,ㅒ,S001/31_ㅒ/S001_31_004.mp4,122,30.0,12,12,1.0,ok,
S001_31_005,ㅒ,S001/31_ㅒ/S001_31_005.mp4,122,30.0,12,12,1.0,ok,
S001_31_006,ㅒ,S001/31_ㅒ/S001_31_006.mp4,122,30.0,12,12,1.0,ok,
S001_31_007,ㅒ,S001/31_ㅒ/S001_31_007.mp4,122,30.0,12,12,1.0,ok,
S001_31_008,ㅒ,S001/31_ㅒ/S001_31_008.mp4,122,30.0,12,12,1.0,ok,
S001_31_009,ㅒ,S001/31_ㅒ/S001_31_009.mp4,122,30.0,12,12,1.0,ok,
S001_31_010,ㅒ,S001/31_ㅒ/S001_31_010.mp4,122,30.0,12,12,1.0,ok,
S001_31_011,ㅒ,S001/31_ㅒ/S001_31_011.mp4,122,30.0,12,12,1.0,ok,
S001_31_012,ㅒ,S001/31_ㅒ/S001_31_012.mp4,122,30.0,12,12,1.0,ok,
S001_32_001,ㅔ,S001/32_ㅔ/S001_32_001.mp4,122,30.0,12,12,1.0,ok,
S001_32_002,ㅔ,S001/32_ㅔ/S001_32_002.mp4,122,30.0,12,12,1.0,ok,
S001_32_003,ㅔ,S001/32_ㅔ/S001_32_003.mp4,122,30.0,12,12,1.0,ok,
S001_32_004,ㅔ,S001/32_ㅔ/S001_32_004.mp4,122,30.0,12,12,1.0,ok,
S001_32_005,ㅔ,S001/32_ㅔ/S001_32_005.mp4,122,30.0,12,12,1.0,ok,
S001_32_006,ㅔ,S001/32_ㅔ/S001_32_006.mp4,122,30.0,12,12,1.0,ok,
S001_32_007,ㅔ,S001/32_ㅔ/S001_32_007.mp4,122,30.0,12,12,1.0,ok,
S001_32_008,ㅔ,S001/32_ㅔ/S001_32_008.mp4,122,30.0,12,12,1.0,ok,
S001_32_009,ㅔ,S001/32_ㅔ/S001_32_009.mp4,122,30.0,12,12,1.0,ok,
S001_32_010,ㅔ,S001/32_ㅔ/S001_32_010.mp4,122,30.0,12,12,1.0,ok,
S001_32_011,ㅔ,S001/32_ㅔ/S001_32_011.mp4,122,30.0,12,12,1.0,ok,
S001_32_012,ㅔ,S001/32_ㅔ/S001_32_012.mp4,122,30.0,12,12,1.0,ok,
S001_33_001,ㅖ,S001/33_ㅖ/S001_33_001.mp4,122,30.0,12,12,1.0,ok,
S001_33_002,ㅖ,S001/33_ㅖ/S001_33_002.mp4,122,30.0,12,12,1.0,ok,
S001_33_003,ㅖ,S001/33_ㅖ/S001_33_003.mp4,122,30.0,12,12,1.0,ok,
S001_33_004,ㅖ,S001/33_ㅖ/S001_33_004.mp4,122,30.0,12,12,1.0,ok,
S001_33_005,ㅖ,S001/33_ㅖ/S001_33_005.mp4,120,30.0,12,12,1.0,ok,
S001_33_006,ㅖ,S001/33_ㅖ/S001_33_006.mp4,122,30.0,12,12,1.0,ok,
S001_33_007,ㅖ,S001/33_ㅖ/S001_33_007.mp4,122,30.0,12,12,1.0,ok,
S001_33_008,ㅖ,S001/33_ㅖ/S001_33_008.mp4,122,30.0,12,12,1.0,ok,
S001_33_009,ㅖ,S001/33_ㅖ/S001_33_009.mp4,122,30.0,12,12,1.0,ok,
S001_33_010,ㅖ,S001/33_ㅖ/S001_33_010.mp4,122,30.0,12,12,1.0,ok,
S001_33_011,ㅖ,S001/33_ㅖ/S001_33_011.mp4,120,30.0,12,12,1.0,ok,
S001_33_012,ㅖ,S001/33_ㅖ/S001_33_012.mp4,121,30.0,12,12,1.0,ok,
S001_33_013,ㅖ,S001/33_ㅖ/S001_33_013.mp4,122,30.0,12,12,1.0,ok,
S001_34_002,ㅢ,S001/34_ㅢ/S001_34_002.mp4,122,30.0,12,12,1.0,ok,
S001_34_003,ㅢ,S001/34_ㅢ/S001_34_003.mp4,122,30.0,12,12,1.0,ok,
S001_34_004,ㅢ,S001/34_ㅢ/S001_34_004.mp4,122,30.0,12,12,1.0,ok,
S001_34_005,ㅢ,S001/34_ㅢ/S001_34_005.mp4,122,30.0,12,12,1.0,ok,
S001_34_006,ㅢ,S001/34_ㅢ/S001_34_006.mp4,122,30.0,12,12,1.0,ok,
S001_34_007,ㅢ,S001/34_ㅢ/S001_34_007.mp4,122,30.0,12,12,1.0,ok,
S001_34_008,ㅢ,S001/34_ㅢ/S001_34_008.mp4,122,30.0,12,12,1.0,ok,
S001_34_009,ㅢ,S001/34_ㅢ/S001_34_009.mp4,122,30.0,12,12,1.0,ok,
S001_34_010,ㅢ,S001/34_ㅢ/S001_34_010.mp4,122,30.0,12,12,1.0,ok,
S001_34_011,ㅢ,S001/34_ㅢ/S001_34_011.mp4,122,30.0,12,12,1.0,ok,
S001_34_012,ㅢ,S001/34_ㅢ/S001_34_012.mp4,122,30.0,12,12,1.0,ok,
S001_35_001,ㅚ,S001/35_ㅚ/S001_35_001.mp4,121,30.0,12,12,1.0,ok,
S001_35_002,ㅚ,S001/35_ㅚ/S001_35_002.mp4,122,30.0,12,12,1.0,ok,
S001_35_003,ㅚ,S001/35_ㅚ/S001_35_003.mp4,122,30.0,12,12,1.0,ok,
S001_35_004,ㅚ,S001/35_ㅚ/S001_35_004.mp4,122,30.0,12,12,1.0,ok,
S001_35_005,ㅚ,S001/35_ㅚ/S001_35_005.mp4,122,30.0,12,12,1.0,ok,
S001_35_006,ㅚ,S001/35_ㅚ/S001_35_006.mp4,122,30.0,12,12,1.0,ok,
S001_35_007,ㅚ,S001/35_ㅚ/S001_35_007.mp4,122,30.0,12,12,1.0,ok,
S001_35_008,ㅚ,S001/35_ㅚ/S001_35_008.mp4,122,30.0,12,12,1.0,ok,
S001_35_009,ㅚ,S001/35_ㅚ/S001_35_009.mp4,122,30.0,12,12,1.0,ok,
S001_35_010,ㅚ,S001/35_ㅚ/S001_35_010.mp4,122,30.0,12,12,1.0,ok,
S001_35_011,ㅚ,S001/35_ㅚ/S001_35_011.mp4,122,30.0,12,12,1.0,ok,
S001_35_012,ㅚ,S001/35_ㅚ/S001_35_012.mp4,122,30.0,12,12,1.0,ok,
S001_36_002,ㅟ,S001/36_ㅟ/S001_36_002.mp4,122,30.0,12,10,0.8333,ok,
S001_36_003,ㅟ,S001/36_ㅟ/S001_36_003.mp4,122,30.0,12,8,0.6667,review,detection_rate_below_0.8
S001_36_004,ㅟ,S001/36_ㅟ/S001_36_004.mp4,122,30.0,12,12,1.0,ok,
S001_36_005,ㅟ,S001/36_ㅟ/S001_36_005.mp4,122,30.0,12,12,1.0,ok,
S001_36_006,ㅟ,S001/36_ㅟ/S001_36_006.mp4,122,30.0,12,12,1.0,ok,
S001_36_007,ㅟ,S001/36_ㅟ/S001_36_007.mp4,122,30.0,12,12,1.0,ok,
S001_36_008,ㅟ,S001/36_ㅟ/S001_36_008.mp4,122,30.0,12,12,1.0,ok,
S001_36_009,ㅟ,S001/36_ㅟ/S001_36_009.mp4,122,30.0,12,12,1.0,ok,
S001_36_010,ㅟ,S001/36_ㅟ/S001_36_010.mp4,122,30.0,12,10,0.8333,ok,
S001_36_011,ㅟ,S001/36_ㅟ/S001_36_011.mp4,122,30.0,12,12,1.0,ok,
S002_20260817_225500_01_001,ㄱ,S002/01_ㄱ/S002_20260817_225500_01_001.mp4,121,30.0,12,11,0.9167,ok,
S002_20260817_225500_01_002,ㄱ,S002/01_ㄱ/S002_20260817_225500_01_002.mp4,122,30.0,12,9,0.75,review,detection_rate_below_0.8
S002_20260817_225500_01_003,ㄱ,S002/01_ㄱ/S002_20260817_225500_01_003.mp4,121,30.0,12,12,1.0,ok,
S002_20260817_225500_01_004,ㄱ,S002/01_ㄱ/S002_20260817_225500_01_004.mp4,122,30.0,12,12,1.0,ok,
S002_20260817_225500_01_005,ㄱ,S002/01_ㄱ/S002_20260817_225500_01_005.mp4,121,30.0,12,11,0.9167,ok,
S002_20260817_225500_01_006,ㄱ,S002/01_ㄱ/S002_20260817_225500_01_006.mp4,122,30.0,12,10,0.8333,ok,
S002_20260817_225500_01_007,ㄱ,S002/01_ㄱ/S002_20260817_225500_01_007.mp4,121,30.0,12,12,1.0,ok,
S002_20260817_225500_01_008,ㄱ,S002/01_ㄱ/S002_20260817_225500_01_008.mp4,122,30.0,12,12,1.0,ok,
S002_20260817_225500_01_009,ㄱ,S002/01_ㄱ/S002_20260817_225500_01_009.mp4,122,30.0,12,11,0.9167,ok,
S002_20260817_225500_01_010,ㄱ,S002/01_ㄱ/S002_20260817_225500_01_010.mp4,121,30.0,12,11,0.9167,ok,
S002_20260817_225500_02_001,ㄴ,S002/02_ㄴ/S002_20260817_225500_02_001.mp4,122,30.0,12,12,1.0,ok,
S002_20260817_225500_02_002,ㄴ,S002/02_ㄴ/S002_20260817_225500_02_002.mp4,122,30.0,12,12,1.0,ok,
S002_20260817_225500_02_003,ㄴ,S002/02_ㄴ/S002_20260817_225500_02_003.mp4,121,30.0,12,12,1.0,ok,
S002_20260817_225500_02_004,ㄴ,S002/02_ㄴ/S002_20260817_225500_02_004.mp4,122,30.0,12,12,1.0,ok,
S002_20260817_225500_02_005,ㄴ,S002/02_ㄴ/S002_20260817_225500_02_005.mp4,121,30.0,12,12,1.0,ok,
S002_20260817_225500_02_006,ㄴ,S002/02_ㄴ/S002_20260817_225500_02_006.mp4,122,30.0,12,12,1.0,ok,
S002_20260817_225500_02_007,ㄴ,S002/02_ㄴ/S002_20260817_225500_02_007.mp4,122,30.0,12,12,1.0,ok,
S002_20260817_225500_02_008,ㄴ,S002/02_ㄴ/S002_20260817_225500_02_008.mp4,121,30.0,12,12,1.0,ok,
S002_20260817_225500_02_009,ㄴ,S002/02_ㄴ/S002_20260817_225500_02_009.mp4,122,30.0,12,12,1.0,ok,
S002_20260817_225500_02_010,ㄴ,S002/02_ㄴ/S002_20260817_225500_02_010.mp4,121,30.0,12,12,1.0,ok,
S002_20260817_225500_03_001,ㄷ,S002/03_ㄷ/S002_20260817_225500_03_001.mp4,122,30.0,12,12,1.0,ok,
S002_20260817_225500_03_002,ㄷ,S002/03_ㄷ/S002_20260817_225500_03_002.mp4,120,30.0,12,12,1.0,ok,
S002_20260817_225500_03_003,ㄷ,S002/03_ㄷ/S002_20260817_225500_03_003.mp4,121,30.0,12,12,1.0,ok,
S002_20260817_225500_03_004,ㄷ,S002/03_ㄷ/S002_20260817_225500_03_004.mp4,121,30.0,12,12,1.0,ok,
S002_20260817_225500_03_005,ㄷ,S002/03_ㄷ/S002_20260817_225500_03_005.mp4,122,30.0,12,12,1.0,ok,
S002_20260817_225500_03_006,ㄷ,S002/03_ㄷ/S002_20260817_225500_03_006.mp4,122,30.0,12,12,1.0,ok,
S002_20260817_225500_03_007,ㄷ,S002/03_ㄷ/S002_20260817_225500_03_007.mp4,121,30.0,12,12,1.0,ok,
S002_20260817_225500_03_008,ㄷ,S002/03_ㄷ/S002_20260817_225500_03_008.mp4,119,30.0,12,12,1.0,ok,
S002_20260817_225500_03_009,ㄷ,S002/03_ㄷ/S002_20260817_225500_03_009.mp4,121,30.0,12,12,1.0,ok,
S002_20260817_225500_03_010,ㄷ,S002/03_ㄷ/S002_20260817_225500_03_010.mp4,122,30.0,12,12,1.0,ok,
S002_20260817_225500_04_001,ㄹ,S002/04_ㄹ/S002_20260817_225500_04_001.mp4,121,30.0,12,12,1.0,ok,
S002_20260817_225500_04_002,ㄹ,S002/04_ㄹ/S002_20260817_225500_04_002.mp4,122,30.0,12,11,0.9167,ok,
S002_20260817_225500_04_003,ㄹ,S002/04_ㄹ/S002_20260817_225500_04_003.mp4,122,30.0,12,11,0.9167,ok,
S002_20260817_225500_04_004,ㄹ,S002/04_ㄹ/S002_20260817_225500_04_004.mp4,122,30.0,12,12,1.0,ok,
S002_20260817_225500_04_005,ㄹ,S002/04_ㄹ/S002_20260817_225500_04_005.mp4,121,30.0,12,12,1.0,ok,
S002_20260817_225500_04_006,ㄹ,S002/04_ㄹ/S002_20260817_225500_04_006.mp4,122,30.0,12,12,1.0,ok,
S002_20260817_225500_04_007,ㄹ,S002/04_ㄹ/S002_20260817_225500_04_007.mp4,122,30.0,12,12,1.0,ok,
S002_20260817_225500_04_008,ㄹ,S002/04_ㄹ/S002_20260817_225500_04_008.mp4,122,30.0,12,12,1.0,ok,
S002_20260817_225500_04_009,ㄹ,S002/04_ㄹ/S002_20260817_225500_04_009.mp4,121,30.0,12,12,1.0,ok,
S002_20260817_225500_04_010,ㄹ,S002/04_ㄹ/S002_20260817_225500_04_010.mp4,121,30.0,12,12,1.0,ok,
S002_20260817_225500_05_001,ㅁ,S002/05_ㅁ/S002_20260817_225500_05_001.mp4,121,30.0,12,12,1.0,ok,
S002_20260817_225500_05_002,ㅁ,S002/05_ㅁ/S002_20260817_225500_05_002.mp4,122,30.0,12,12,1.0,ok,
S002_20260817_225500_05_003,ㅁ,S002/05_ㅁ/S002_20260817_225500_05_003.mp4,122,30.0,12,12,1.0,ok,
S002_20260817_225500_05_004,ㅁ,S002/05_ㅁ/S002_20260817_225500_05_004.mp4,122,30.0,12,12,1.0,ok,
S002_20260817_225500_05_005,ㅁ,S002/05_ㅁ/S002_20260817_225500_05_005.mp4,121,30.0,12,11,0.9167,ok,
S002_20260817_225500_05_006,ㅁ,S002/05_ㅁ/S002_20260817_225500_05_006.mp4,122,30.0,12,12,1.0,ok,
S002_20260817_225500_05_007,ㅁ,S002/05_ㅁ/S002_20260817_225500_05_007.mp4,122,30.0,12,12,1.0,ok,
S002_20260817_225500_05_008,ㅁ,S002/05_ㅁ/S002_20260817_225500_05_008.mp4,121,30.0,12,12,1.0,ok,
S002_20260817_225500_05_009,ㅁ,S002/05_ㅁ/S002_20260817_225500_05_009.mp4,66,30.0,8,8,1.0,ok,
S002_20260817_225500_05_010,ㅁ,S002/05_ㅁ/S002_20260817_225500_05_010.mp4,120,30.0,12,12,1.0,ok,
S002_20260817_225500_06_001,ㅂ,S002/06_ㅂ/S002_20260817_225500_06_001.mp4,120,30.0,12,12,1.0,ok,
S002_20260817_225500_06_002,ㅂ,S002/06_ㅂ/S002_20260817_225500_06_002.mp4,122,30.0,12,12,1.0,ok,
S002_20260817_225500_06_003,ㅂ,S002/06_ㅂ/S002_20260817_225500_06_003.mp4,119,30.0,12,11,0.9167,ok,
S002_20260817_225500_06_004,ㅂ,S002/06_ㅂ/S002_20260817_225500_06_004.mp4,121,30.0,12,12,1.0,ok,
S002_20260817_225500_06_005,ㅂ,S002/06_ㅂ/S002_20260817_225500_06_005.mp4,122,30.0,12,12,1.0,ok,
S002_20260817_225500_06_006,ㅂ,S002/06_ㅂ/S002_20260817_225500_06_006.mp4,121,30.0,12,12,1.0,ok,
S002_20260817_225500_06_007,ㅂ,S002/06_ㅂ/S002_20260817_225500_06_007.mp4,122,30.0,12,12,1.0,ok,
S002_20260817_225500_06_008,ㅂ,S002/06_ㅂ/S002_20260817_225500_06_008.mp4,122,30.0,12,11,0.9167,ok,
S002_20260817_225500_06_009,ㅂ,S002/06_ㅂ/S002_20260817_225500_06_009.mp4,118,30.0,12,11,0.9167,ok,
S002_20260817_225500_06_010,ㅂ,S002/06_ㅂ/S002_20260817_225500_06_010.mp4,121,30.0,12,12,1.0,ok,
S002_20260817_225500_07_001,ㅅ,S002/07_ㅅ/S002_20260817_225500_07_001.mp4,122,30.0,12,7,0.5833,review,detection_rate_below_0.8
S002_20260817_225500_07_002,ㅅ,S002/07_ㅅ/S002_20260817_225500_07_002.mp4,121,30.0,12,8,0.6667,review,detection_rate_below_0.8
S002_20260817_225500_07_003,ㅅ,S002/07_ㅅ/S002_20260817_225500_07_003.mp4,122,30.0,12,7,0.5833,review,detection_rate_below_0.8
S002_20260817_225500_07_004,ㅅ,S002/07_ㅅ/S002_20260817_225500_07_004.mp4,121,30.0,12,12,1.0,ok,
S002_20260817_225500_07_005,ㅅ,S002/07_ㅅ/S002_20260817_225500_07_005.mp4,121,30.0,12,11,0.9167,ok,
S002_20260817_225500_07_006,ㅅ,S002/07_ㅅ/S002_20260817_225500_07_006.mp4,122,30.0,12,6,0.5,review,detection_rate_below_0.8
S002_20260817_225500_07_007,ㅅ,S002/07_ㅅ/S002_20260817_225500_07_007.mp4,122,30.0,12,11,0.9167,ok,
S002_20260817_225500_07_008,ㅅ,S002/07_ㅅ/S002_20260817_225500_07_008.mp4,122,30.0,12,12,1.0,ok,
S002_20260817_225500_07_009,ㅅ,S002/07_ㅅ/S002_20260817_225500_07_009.mp4,122,30.0,12,11,0.9167,ok,
S002_20260817_225500_07_010,ㅅ,S002/07_ㅅ/S002_20260817_225500_07_010.mp4,122,30.0,12,8,0.6667,review,detection_rate_below_0.8
S002_20260817_225500_08_001,ㅇ,S002/08_ㅇ/S002_20260817_225500_08_001.mp4,122,30.0,12,11,0.9167,ok,
S002_20260817_225500_08_002,ㅇ,S002/08_ㅇ/S002_20260817_225500_08_002.mp4,118,30.0,12,12,1.0,ok,
S002_20260817_225500_08_003,ㅇ,S002/08_ㅇ/S002_20260817_225500_08_003.mp4,122,30.0,12,12,1.0,ok,
S002_20260817_225500_08_004,ㅇ,S002/08_ㅇ/S002_20260817_225500_08_004.mp4,121,30.0,12,12,1.0,ok,
S002_20260817_225500_08_005,ㅇ,S002/08_ㅇ/S002_20260817_225500_08_005.mp4,121,30.0,12,12,1.0,ok,
S002_20260817_225500_08_006,ㅇ,S002/08_ㅇ/S002_20260817_225500_08_006.mp4,122,30.0,12,12,1.0,ok,
S002_20260817_225500_08_007,ㅇ,S002/08_ㅇ/S002_20260817_225500_08_007.mp4,122,30.0,12,12,1.0,ok,
S002_20260817_225500_08_008,ㅇ,S002/08_ㅇ/S002_20260817_225500_08_008.mp4,122,30.0,12,12,1.0,ok,
S002_20260817_225500_08_009,ㅇ,S002/08_ㅇ/S002_20260817_225500_08_009.mp4,121,30.0,12,12,1.0,ok,
S002_20260817_225500_08_010,ㅇ,S002/08_ㅇ/S002_20260817_225500_08_010.mp4,118,30.0,12,12,1.0,ok,
S002_20260817_225500_09_001,ㅈ,S002/09_ㅈ/S002_20260817_225500_09_001.mp4,109,30.0,12,12,1.0,ok,
S002_20260817_225500_09_002,ㅈ,S002/09_ㅈ/S002_20260817_225500_09_002.mp4,121,30.0,12,11,0.9167,ok,
S002_20260817_225500_09_003,ㅈ,S002/09_ㅈ/S002_20260817_225500_09_003.mp4,121,30.0,12,12,1.0,ok,
S002_20260817_225500_09_004,ㅈ,S002/09_ㅈ/S002_20260817_225500_09_004.mp4,121,30.0,12,12,1.0,ok,
S002_20260817_225500_09_005,ㅈ,S002/09_ㅈ/S002_20260817_225500_09_005.mp4,111,30.0,12,12,1.0,ok,
S002_20260817_225500_09_006,ㅈ,S002/09_ㅈ/S002_20260817_225500_09_006.mp4,121,30.0,12,12,1.0,ok,
S002_20260817_225500_09_007,ㅈ,S002/09_ㅈ/S002_20260817_225500_09_007.mp4,122,30.0,12,12,1.0,ok,
S002_20260817_225500_09_008,ㅈ,S002/09_ㅈ/S002_20260817_225500_09_008.mp4,121,30.0,12,12,1.0,ok,
S002_20260817_225500_09_009,ㅈ,S002/09_ㅈ/S002_20260817_225500_09_009.mp4,121,30.0,12,12,1.0,ok,
S002_20260817_225500_09_010,ㅈ,S002/09_ㅈ/S002_20260817_225500_09_010.mp4,121,30.0,12,12,1.0,ok,
S002_20260817_225500_10_001,ㅊ,S002/10_ㅊ/S002_20260817_225500_10_001.mp4,121,30.0,12,12,1.0,ok,
S002_20260817_225500_10_002,ㅊ,S002/10_ㅊ/S002_20260817_225500_10_002.mp4,122,30.0,12,12,1.0,ok,
S002_20260817_225500_10_003,ㅊ,S002/10_ㅊ/S002_20260817_225500_10_003.mp4,120,30.0,12,12,1.0,ok,
S002_20260817_225500_10_004,ㅊ,S002/10_ㅊ/S002_20260817_225500_10_004.mp4,121,30.0,12,12,1.0,ok,
S002_20260817_225500_10_005,ㅊ,S002/10_ㅊ/S002_20260817_225500_10_005.mp4,121,30.0,12,12,1.0,ok,
S002_20260817_225500_10_006,ㅊ,S002/10_ㅊ/S002_20260817_225500_10_006.mp4,122,30.0,12,12,1.0,ok,
S002_20260817_225500_10_007,ㅊ,S002/10_ㅊ/S002_20260817_225500_10_007.mp4,121,30.0,12,12,1.0,ok,
S002_20260817_225500_10_008,ㅊ,S002/10_ㅊ/S002_20260817_225500_10_008.mp4,121,30.0,12,12,1.0,ok,
S002_20260817_225500_10_009,ㅊ,S002/10_ㅊ/S002_20260817_225500_10_009.mp4,121,30.0,12,12,1.0,ok,
S002_20260817_225500_10_010,ㅊ,S002/10_ㅊ/S002_20260817_225500_10_010.mp4,121,30.0,12,12,1.0,ok,
S002_20260817_225500_11_001,ㅋ,S002/11_ㅋ/S002_20260817_225500_11_001.mp4,122,30.0,12,12,1.0,ok,
S002_20260817_225500_11_002,ㅋ,S002/11_ㅋ/S002_20260817_225500_11_002.mp4,122,30.0,12,12,1.0,ok,
S002_20260817_225500_11_003,ㅋ,S002/11_ㅋ/S002_20260817_225500_11_003.mp4,122,30.0,12,12,1.0,ok,
S002_20260817_225500_11_004,ㅋ,S002/11_ㅋ/S002_20260817_225500_11_004.mp4,122,30.0,12,12,1.0,ok,
S002_20260817_225500_11_005,ㅋ,S002/11_ㅋ/S002_20260817_225500_11_005.mp4,121,30.0,12,12,1.0,ok,
S002_20260817_225500_11_006,ㅋ,S002/11_ㅋ/S002_20260817_225500_11_006.mp4,121,30.0,12,12,1.0,ok,
S002_20260817_225500_11_007,ㅋ,S002/11_ㅋ/S002_20260817_225500_11_007.mp4,121,30.0,12,12,1.0,ok,
S002_20260817_225500_11_008,ㅋ,S002/11_ㅋ/S002_20260817_225500_11_008.mp4,121,30.0,12,12,1.0,ok,
S002_20260817_225500_11_009,ㅋ,S002/11_ㅋ/S002_20260817_225500_11_009.mp4,122,30.0,12,12,1.0,ok,
S002_20260817_225500_11_010,ㅋ,S002/11_ㅋ/S002_20260817_225500_11_010.mp4,103,30.0,12,12,1.0,ok,
S002_20260817_225500_12_001,ㅌ,S002/12_ㅌ/S002_20260817_225500_12_001.mp4,121,30.0,12,12,1.0,ok,
S002_20260817_225500_12_002,ㅌ,S002/12_ㅌ/S002_20260817_225500_12_002.mp4,120,30.0,12,12,1.0,ok,
S002_20260817_225500_12_003,ㅌ,S002/12_ㅌ/S002_20260817_225500_12_003.mp4,122,30.0,12,12,1.0,ok,
S002_20260817_225500_12_004,ㅌ,S002/12_ㅌ/S002_20260817_225500_12_004.mp4,121,30.0,12,12,1.0,ok,
S002_20260817_225500_12_005,ㅌ,S002/12_ㅌ/S002_20260817_225500_12_005.mp4,122,30.0,12,12,1.0,ok,
S002_20260817_225500_12_006,ㅌ,S002/12_ㅌ/S002_20260817_225500_12_006.mp4,121,30.0,12,12,1.0,ok,
S002_20260817_225500_12_007,ㅌ,S002/12_ㅌ/S002_20260817_225500_12_007.mp4,121,30.0,12,12,1.0,ok,
S002_20260817_225500_12_008,ㅌ,S002/12_ㅌ/S002_20260817_225500_12_008.mp4,121,30.0,12,12,1.0,ok,
S002_20260817_225500_12_009,ㅌ,S002/12_ㅌ/S002_20260817_225500_12_009.mp4,121,30.0,12,12,1.0,ok,
S002_20260817_225500_12_010,ㅌ,S002/12_ㅌ/S002_20260817_225500_12_010.mp4,121,30.0,12,12,1.0,ok,
S002_20260817_225500_13_001,ㅍ,S002/13_ㅍ/S002_20260817_225500_13_001.mp4,121,30.0,12,12,1.0,ok,
S002_20260817_225500_13_002,ㅍ,S002/13_ㅍ/S002_20260817_225500_13_002.mp4,121,30.0,12,12,1.0,ok,
S002_20260817_225500_13_003,ㅍ,S002/13_ㅍ/S002_20260817_225500_13_003.mp4,121,30.0,12,12,1.0,ok,
S002_20260817_225500_13_004,ㅍ,S002/13_ㅍ/S002_20260817_225500_13_004.mp4,119,30.0,12,12,1.0,ok,
S002_20260817_225500_13_005,ㅍ,S002/13_ㅍ/S002_20260817_225500_13_005.mp4,121,30.0,12,12,1.0,ok,
S002_20260817_225500_13_006,ㅍ,S002/13_ㅍ/S002_20260817_225500_13_006.mp4,121,30.0,12,12,1.0,ok,
S002_20260817_225500_13_007,ㅍ,S002/13_ㅍ/S002_20260817_225500_13_007.mp4,121,30.0,12,12,1.0,ok,
S002_20260817_225500_13_008,ㅍ,S002/13_ㅍ/S002_20260817_225500_13_008.mp4,112,30.0,12,12,1.0,ok,
S002_20260817_225500_13_009,ㅍ,S002/13_ㅍ/S002_20260817_225500_13_009.mp4,122,30.0,12,12,1.0,ok,
S002_20260817_225500_13_010,ㅍ,S002/13_ㅍ/S002_20260817_225500_13_010.mp4,122,30.0,12,12,1.0,ok,
S002_20260817_225500_14_001,ㅎ,S002/14_ㅎ/S002_20260817_225500_14_001.mp4,122,30.0,12,11,0.9167,ok,
S002_20260817_225500_14_002,ㅎ,S002/14_ㅎ/S002_20260817_225500_14_002.mp4,121,30.0,12,11,0.9167,ok,
S002_20260817_225500_14_003,ㅎ,S002/14_ㅎ/S002_20260817_225500_14_003.mp4,122,30.0,12,12,1.0,ok,
S002_20260817_225500_14_004,ㅎ,S002/14_ㅎ/S002_20260817_225500_14_004.mp4,121,30.0,12,11,0.9167,ok,
S002_20260817_225500_14_005,ㅎ,S002/14_ㅎ/S002_20260817_225500_14_005.mp4,122,30.0,12,12,1.0,ok,
S002_20260817_225500_14_006,ㅎ,S002/14_ㅎ/S002_20260817_225500_14_006.mp4,122,30.0,12,12,1.0,ok,
S002_20260817_225500_14_007,ㅎ,S002/14_ㅎ/S002_20260817_225500_14_007.mp4,122,30.0,12,12,1.0,ok,
S002_20260817_225500_14_008,ㅎ,S002/14_ㅎ/S002_20260817_225500_14_008.mp4,122,30.0,12,12,1.0,ok,
S002_20260817_225500_14_009,ㅎ,S002/14_ㅎ/S002_20260817_225500_14_009.mp4,111,30.0,12,11,0.9167,ok,
S002_20260817_225500_14_010,ㅎ,S002/14_ㅎ/S002_20260817_225500_14_010.mp4,122,30.0,12,12,1.0,ok,
S002_20260817_225500_20_001,ㅏ,S002/20_ㅏ/S002_20260817_225500_20_001.mp4,122,30.0,12,12,1.0,ok,
S002_20260817_225500_20_002,ㅏ,S002/20_ㅏ/S002_20260817_225500_20_002.mp4,121,30.0,12,12,1.0,ok,
S002_20260817_225500_20_003,ㅏ,S002/20_ㅏ/S002_20260817_225500_20_003.mp4,121,30.0,12,12,1.0,ok,
S002_20260817_225500_20_004,ㅏ,S002/20_ㅏ/S002_20260817_225500_20_004.mp4,121,30.0,12,12,1.0,ok,
S002_20260817_225500_20_005,ㅏ,S002/20_ㅏ/S002_20260817_225500_20_005.mp4,121,30.0,12,12,1.0,ok,
S002_20260817_225500_20_006,ㅏ,S002/20_ㅏ/S002_20260817_225500_20_006.mp4,121,30.0,12,12,1.0,ok,
S002_20260817_225500_20_007,ㅏ,S002/20_ㅏ/S002_20260817_225500_20_007.mp4,121,30.0,12,12,1.0,ok,
S002_20260817_225500_20_008,ㅏ,S002/20_ㅏ/S002_20260817_225500_20_008.mp4,105,30.0,12,12,1.0,ok,
S002_20260817_225500_20_009,ㅏ,S002/20_ㅏ/S002_20260817_225500_20_009.mp4,121,30.0,12,12,1.0,ok,
S002_20260817_225500_20_010,ㅏ,S002/20_ㅏ/S002_20260817_225500_20_010.mp4,122,30.0,12,12,1.0,ok,
S002_20260817_225500_21_001,ㅑ,S002/21_ㅑ/S002_20260817_225500_21_001.mp4,111,30.0,12,12,1.0,ok,
S002_20260817_225500_21_002,ㅑ,S002/21_ㅑ/S002_20260817_225500_21_002.mp4,121,30.0,12,12,1.0,ok,
S002_20260817_225500_21_003,ㅑ,S002/21_ㅑ/S002_20260817_225500_21_003.mp4,122,30.0,12,12,1.0,ok,
S002_20260817_225500_21_004,ㅑ,S002/21_ㅑ/S002_20260817_225500_21_004.mp4,122,30.0,12,12,1.0,ok,
S002_20260817_225500_21_005,ㅑ,S002/21_ㅑ/S002_20260817_225500_21_005.mp4,122,30.0,12,12,1.0,ok,
S002_20260817_225500_21_006,ㅑ,S002/21_ㅑ/S002_20260817_225500_21_006.mp4,121,30.0,12,12,1.0,ok,
S002_20260817_225500_21_007,ㅑ,S002/21_ㅑ/S002_20260817_225500_21_007.mp4,121,30.0,12,12,1.0,ok,
S002_20260817_225500_21_008,ㅑ,S002/21_ㅑ/S002_20260817_225500_21_008.mp4,121,30.0,12,12,1.0,ok,
S002_20260817_225500_21_009,ㅑ,S002/21_ㅑ/S002_20260817_225500_21_009.mp4,120,30.0,12,12,1.0,ok,
S002_20260817_225500_21_010,ㅑ,S002/21_ㅑ/S002_20260817_225500_21_010.mp4,121,30.0,12,12,1.0,ok,
S002_20260817_225500_22_001,ㅓ,S002/22_ㅓ/S002_20260817_225500_22_001.mp4,121,30.0,12,12,1.0,ok,
S002_20260817_225500_22_002,ㅓ,S002/22_ㅓ/S002_20260817_225500_22_002.mp4,120,30.0,12,11,0.9167,ok,
S002_20260817_225500_22_003,ㅓ,S002/22_ㅓ/S002_20260817_225500_22_003.mp4,121,30.0,12,11,0.9167,ok,
S002_20260817_225500_22_004,ㅓ,S002/22_ㅓ/S002_20260817_225500_22_004.mp4,119,30.0,12,10,0.8333,ok,
S002_20260817_225500_22_005,ㅓ,S002/22_ㅓ/S002_20260817_225500_22_005.mp4,122,30.0,12,12,1.0,ok,
S002_20260817_225500_22_006,ㅓ,S002/22_ㅓ/S002_20260817_225500_22_006.mp4,121,30.0,12,11,0.9167,ok,
S002_20260817_225500_22_007,ㅓ,S002/22_ㅓ/S002_20260817_225500_22_007.mp4,121,30.0,12,11,0.9167,ok,
S002_20260817_225500_22_008,ㅓ,S002/22_ㅓ/S002_20260817_225500_22_008.mp4,121,30.0,12,12,1.0,ok,
S002_20260817_225500_22_009,ㅓ,S002/22_ㅓ/S002_20260817_225500_22_009.mp4,121,30.0,12,12,1.0,ok,
S002_20260817_225500_22_010,ㅓ,S002/22_ㅓ/S002_20260817_225500_22_010.mp4,121,30.0,12,10,0.8333,ok,
S002_20260817_225500_23_001,ㅕ,S002/23_ㅕ/S002_20260817_225500_23_001.mp4,109,30.0,12,12,1.0,ok,
S002_20260817_225500_23_002,ㅕ,S002/23_ㅕ/S002_20260817_225500_23_002.mp4,120,30.0,12,12,1.0,ok,
S002_20260817_225500_23_003,ㅕ,S002/23_ㅕ/S002_20260817_225500_23_003.mp4,122,30.0,12,12,1.0,ok,
S002_20260817_225500_23_004,ㅕ,S002/23_ㅕ/S002_20260817_225500_23_004.mp4,121,30.0,12,11,0.9167,ok,
S002_20260817_225500_23_005,ㅕ,S002/23_ㅕ/S002_20260817_225500_23_005.mp4,121,30.0,12,11,0.9167,ok,
S002_20260817_225500_23_006,ㅕ,S002/23_ㅕ/S002_20260817_225500_23_006.mp4,121,30.0,12,10,0.8333,ok,
S002_20260817_225500_23_007,ㅕ,S002/23_ㅕ/S002_20260817_225500_23_007.mp4,120,30.0,12,12,1.0,ok,
S002_20260817_225500_23_008,ㅕ,S002/23_ㅕ/S002_20260817_225500_23_008.mp4,117,30.0,12,12,1.0,ok,
S002_20260817_225500_23_009,ㅕ,S002/23_ㅕ/S002_20260817_225500_23_009.mp4,121,30.0,12,10,0.8333,ok,
S002_20260817_225500_23_010,ㅕ,S002/23_ㅕ/S002_20260817_225500_23_010.mp4,121,30.0,12,11,0.9167,ok,
S002_20260817_225500_24_001,ㅗ,S002/24_ㅗ/S002_20260817_225500_24_001.mp4,122,30.0,12,12,1.0,ok,
S002_20260817_225500_24_002,ㅗ,S002/24_ㅗ/S002_20260817_225500_24_002.mp4,121,30.0,12,12,1.0,ok,
S002_20260817_225500_24_003,ㅗ,S002/24_ㅗ/S002_20260817_225500_24_003.mp4,120,30.0,12,12,1.0,ok,
S002_20260817_225500_24_004,ㅗ,S002/24_ㅗ/S002_20260817_225500_24_004.mp4,121,30.0,12,12,1.0,ok,
S002_20260817_225500_24_005,ㅗ,S002/24_ㅗ/S002_20260817_225500_24_005.mp4,121,30.0,12,12,1.0,ok,
S002_20260817_225500_24_006,ㅗ,S002/24_ㅗ/S002_20260817_225500_24_006.mp4,121,30.0,12,11,0.9167,ok,
S002_20260817_225500_24_007,ㅗ,S002/24_ㅗ/S002_20260817_225500_24_007.mp4,121,30.0,12,10,0.8333,ok,
S002_20260817_225500_24_008,ㅗ,S002/24_ㅗ/S002_20260817_225500_24_008.mp4,122,30.0,12,11,0.9167,ok,
S002_20260817_225500_24_009,ㅗ,S002/24_ㅗ/S002_20260817_225500_24_009.mp4,122,30.0,12,11,0.9167,ok,
S002_20260817_225500_24_010,ㅗ,S002/24_ㅗ/S002_20260817_225500_24_010.mp4,122,30.0,12,11,0.9167,ok,
S002_20260817_225500_25_001,ㅛ,S002/25_ㅛ/S002_20260817_225500_25_001.mp4,121,30.0,12,12,1.0,ok,
S002_20260817_225500_25_002,ㅛ,S002/25_ㅛ/S002_20260817_225500_25_002.mp4,122,30.0,12,12,1.0,ok,
S002_20260817_225500_25_003,ㅛ,S002/25_ㅛ/S002_20260817_225500_25_003.mp4,121,30.0,12,9,0.75,review,detection_rate_below_0.8
S002_20260817_225500_25_004,ㅛ,S002/25_ㅛ/S002_20260817_225500_25_004.mp4,121,30.0,12,12,1.0,ok,
S002_20260817_225500_25_005,ㅛ,S002/25_ㅛ/S002_20260817_225500_25_005.mp4,121,30.0,12,10,0.8333,ok,
S002_20260817_225500_25_006,ㅛ,S002/25_ㅛ/S002_20260817_225500_25_006.mp4,121,30.0,12,8,0.6667,review,detection_rate_below_0.8
S002_20260817_225500_25_007,ㅛ,S002/25_ㅛ/S002_20260817_225500_25_007.mp4,119,30.0,12,8,0.6667,review,detection_rate_below_0.8
S002_20260817_225500_25_008,ㅛ,S002/25_ㅛ/S002_20260817_225500_25_008.mp4,122,30.0,12,6,0.5,review,detection_rate_below_0.8
S002_20260817_225500_25_009,ㅛ,S002/25_ㅛ/S002_20260817_225500_25_009.mp4,122,30.0,12,11,0.9167,ok,
S002_20260817_225500_25_010,ㅛ,S002/25_ㅛ/S002_20260817_225500_25_010.mp4,121,30.0,12,9,0.75,review,detection_rate_below_0.8
S002_20260817_225500_26_001,ㅜ,S002/26_ㅜ/S002_20260817_225500_26_001.mp4,120,30.0,12,10,0.8333,ok,
S002_20260817_225500_26_002,ㅜ,S002/26_ㅜ/S002_20260817_225500_26_002.mp4,121,30.0,12,5,0.4167,review,detection_rate_below_0.8
S002_20260817_225500_26_003,ㅜ,S002/26_ㅜ/S002_20260817_225500_26_003.mp4,121,30.0,12,7,0.5833,review,detection_rate_below_0.8
S002_20260817_225500_26_004,ㅜ,S002/26_ㅜ/S002_20260817_225500_26_004.mp4,121,30.0,12,10,0.8333,ok,
S002_20260817_225500_26_005,ㅜ,S002/26_ㅜ/S002_20260817_225500_26_005.mp4,104,30.0,12,11,0.9167,ok,
S002_20260817_225500_26_006,ㅜ,S002/26_ㅜ/S002_20260817_225500_26_006.mp4,121,30.0,12,12,1.0,ok,
S002_20260817_225500_26_007,ㅜ,S002/26_ㅜ/S002_20260817_225500_26_007.mp4,121,30.0,12,10,0.8333,ok,
S002_20260817_225500_26_008,ㅜ,S002/26_ㅜ/S002_20260817_225500_26_008.mp4,122,30.0,12,12,1.0,ok,
S002_20260817_225500_26_009,ㅜ,S002/26_ㅜ/S002_20260817_225500_26_009.mp4,122,30.0,12,11,0.9167,ok,
S002_20260817_225500_26_010,ㅜ,S002/26_ㅜ/S002_20260817_225500_26_010.mp4,121,30.0,12,12,1.0,ok,
S002_20260817_225500_27_001,ㅠ,S002/27_ㅠ/S002_20260817_225500_27_001.mp4,122,30.0,12,9,0.75,review,detection_rate_below_0.8
S002_20260817_225500_27_002,ㅠ,S002/27_ㅠ/S002_20260817_225500_27_002.mp4,122,30.0,12,11,0.9167,ok,
S002_20260817_225500_27_003,ㅠ,S002/27_ㅠ/S002_20260817_225500_27_003.mp4,122,30.0,12,11,0.9167,ok,
S002_20260817_225500_27_004,ㅠ,S002/27_ㅠ/S002_20260817_225500_27_004.mp4,119,30.0,12,12,1.0,ok,
S002_20260817_225500_27_005,ㅠ,S002/27_ㅠ/S002_20260817_225500_27_005.mp4,121,30.0,12,8,0.6667,review,detection_rate_below_0.8
S002_20260817_225500_27_006,ㅠ,S002/27_ㅠ/S002_20260817_225500_27_006.mp4,121,30.0,12,9,0.75,review,detection_rate_below_0.8
S002_20260817_225500_27_007,ㅠ,S002/27_ㅠ/S002_20260817_225500_27_007.mp4,112,30.0,12,11,0.9167,ok,
S002_20260817_225500_27_008,ㅠ,S002/27_ㅠ/S002_20260817_225500_27_008.mp4,121,30.0,12,9,0.75,review,detection_rate_below_0.8
S002_20260817_225500_27_009,ㅠ,S002/27_ㅠ/S002_20260817_225500_27_009.mp4,122,30.0,12,9,0.75,review,detection_rate_below_0.8
S002_20260817_225500_27_010,ㅠ,S002/27_ㅠ/S002_20260817_225500_27_010.mp4,122,30.0,12,10,0.8333,ok,
S002_20260817_225500_28_001,ㅡ,S002/28_ㅡ/S002_20260817_225500_28_001.mp4,122,30.0,12,12,1.0,ok,
S002_20260817_225500_28_002,ㅡ,S002/28_ㅡ/S002_20260817_225500_28_002.mp4,121,30.0,12,12,1.0,ok,
S002_20260817_225500_28_003,ㅡ,S002/28_ㅡ/S002_20260817_225500_28_003.mp4,121,30.0,12,12,1.0,ok,
S002_20260817_225500_28_004,ㅡ,S002/28_ㅡ/S002_20260817_225500_28_004.mp4,122,30.0,12,12,1.0,ok,
S002_20260817_225500_28_005,ㅡ,S002/28_ㅡ/S002_20260817_225500_28_005.mp4,121,30.0,12,12,1.0,ok,
S002_20260817_225500_28_006,ㅡ,S002/28_ㅡ/S002_20260817_225500_28_006.mp4,122,30.0,12,12,1.0,ok,
S002_20260817_225500_28_007,ㅡ,S002/28_ㅡ/S002_20260817_225500_28_007.mp4,121,30.0,12,12,1.0,ok,
S002_20260817_225500_28_008,ㅡ,S002/28_ㅡ/S002_20260817_225500_28_008.mp4,121,30.0,12,12,1.0,ok,
S002_20260817_225500_28_009,ㅡ,S002/28_ㅡ/S002_20260817_225500_28_009.mp4,121,30.0,12,12,1.0,ok,
S002_20260817_225500_28_010,ㅡ,S002/28_ㅡ/S002_20260817_225500_28_010.mp4,120,30.0,12,12,1.0,ok,
S002_20260817_225500_29_001,ㅣ,S002/29_ㅣ/S002_20260817_225500_29_001.mp4,121,30.0,12,12,1.0,ok,
S002_20260817_225500_29_002,ㅣ,S002/29_ㅣ/S002_20260817_225500_29_002.mp4,122,30.0,12,12,1.0,ok,
S002_20260817_225500_29_003,ㅣ,S002/29_ㅣ/S002_20260817_225500_29_003.mp4,122,30.0,12,12,1.0,ok,
S002_20260817_225500_29_004,ㅣ,S002/29_ㅣ/S002_20260817_225500_29_004.mp4,121,30.0,12,12,1.0,ok,
S002_20260817_225500_29_005,ㅣ,S002/29_ㅣ/S002_20260817_225500_29_005.mp4,121,30.0,12,12,1.0,ok,
S002_20260817_225500_29_006,ㅣ,S002/29_ㅣ/S002_20260817_225500_29_006.mp4,117,30.0,12,12,1.0,ok,
S002_20260817_225500_29_007,ㅣ,S002/29_ㅣ/S002_20260817_225500_29_007.mp4,122,30.0,12,12,1.0,ok,
S002_20260817_225500_29_008,ㅣ,S002/29_ㅣ/S002_20260817_225500_29_008.mp4,121,30.0,12,12,1.0,ok,
S002_20260817_225500_29_009,ㅣ,S002/29_ㅣ/S002_20260817_225500_29_009.mp4,121,30.0,12,12,1.0,ok,
S002_20260817_225500_29_010,ㅣ,S002/29_ㅣ/S002_20260817_225500_29_010.mp4,122,30.0,12,12,1.0,ok,
S002_20260817_225500_30_001,ㅐ,S002/30_ㅐ/S002_20260817_225500_30_001.mp4,121,30.0,12,12,1.0,ok,
S002_20260817_225500_30_002,ㅐ,S002/30_ㅐ/S002_20260817_225500_30_002.mp4,121,30.0,12,12,1.0,ok,
S002_20260817_225500_30_003,ㅐ,S002/30_ㅐ/S002_20260817_225500_30_003.mp4,122,30.0,12,12,1.0,ok,
S002_20260817_225500_30_004,ㅐ,S002/30_ㅐ/S002_20260817_225500_30_004.mp4,119,30.0,12,12,1.0,ok,
S002_20260817_225500_30_005,ㅐ,S002/30_ㅐ/S002_20260817_225500_30_005.mp4,120,30.0,12,12,1.0,ok,
S002_20260817_225500_30_006,ㅐ,S002/30_ㅐ/S002_20260817_225500_30_006.mp4,122,30.0,12,12,1.0,ok,
S002_20260817_225500_30_007,ㅐ,S002/30_ㅐ/S002_20260817_225500_30_007.mp4,113,30.0,12,12,1.0,ok,
S002_20260817_225500_30_008,ㅐ,S002/30_ㅐ/S002_20260817_225500_30_008.mp4,122,30.0,12,12,1.0,ok,
S002_20260817_225500_30_009,ㅐ,S002/30_ㅐ/S002_20260817_225500_30_009.mp4,122,30.0,12,12,1.0,ok,
S002_20260817_225500_30_010,ㅐ,S002/30_ㅐ/S002_20260817_225500_30_010.mp4,122,30.0,12,12,1.0,ok,
S002_20260817_225500_31_001,ㅒ,S002/31_ㅒ/S002_20260817_225500_31_001.mp4,122,30.0,12,12,1.0,ok,
S002_20260817_225500_31_002,ㅒ,S002/31_ㅒ/S002_20260817_225500_31_002.mp4,121,30.0,12,12,1.0,ok,
S002_20260817_225500_31_003,ㅒ,S002/31_ㅒ/S002_20260817_225500_31_003.mp4,122,30.0,12,12,1.0,ok,
S002_20260817_225500_31_004,ㅒ,S002/31_ㅒ/S002_20260817_225500_31_004.mp4,122,30.0,12,11,0.9167,ok,
S002_20260817_225500_31_005,ㅒ,S002/31_ㅒ/S002_20260817_225500_31_005.mp4,121,30.0,12,12,1.0,ok,
S002_20260817_225500_31_006,ㅒ,S002/31_ㅒ/S002_20260817_225500_31_006.mp4,121,30.0,12,12,1.0,ok,
S002_20260817_225500_31_007,ㅒ,S002/31_ㅒ/S002_20260817_225500_31_007.mp4,121,30.0,12,12,1.0,ok,
S002_20260817_225500_31_008,ㅒ,S002/31_ㅒ/S002_20260817_225500_31_008.mp4,121,30.0,12,12,1.0,ok,
S002_20260817_225500_31_009,ㅒ,S002/31_ㅒ/S002_20260817_225500_31_009.mp4,122,30.0,12,12,1.0,ok,
S002_20260817_225500_31_010,ㅒ,S002/31_ㅒ/S002_20260817_225500_31_010.mp4,121,30.0,12,12,1.0,ok,
S002_20260817_225500_32_001,ㅔ,S002/32_ㅔ/S002_20260817_225500_32_001.mp4,122,30.0,12,12,1.0,ok,
S002_20260817_225500_32_002,ㅔ,S002/32_ㅔ/S002_20260817_225500_32_002.mp4,121,30.0,12,12,1.0,ok,
S002_20260817_225500_32_003,ㅔ,S002/32_ㅔ/S002_20260817_225500_32_003.mp4,122,30.0,12,12,1.0,ok,
S002_20260817_225500_32_004,ㅔ,S002/32_ㅔ/S002_20260817_225500_32_004.mp4,122,30.0,12,12,1.0,ok,
S002_20260817_225500_32_005,ㅔ,S002/32_ㅔ/S002_20260817_225500_32_005.mp4,121,30.0,12,12,1.0,ok,
S002_20260817_225500_32_006,ㅔ,S002/32_ㅔ/S002_20260817_225500_32_006.mp4,121,30.0,12,12,1.0,ok,
S002_20260817_225500_32_007,ㅔ,S002/32_ㅔ/S002_20260817_225500_32_007.mp4,119,30.0,12,12,1.0,ok,
S002_20260817_225500_32_008,ㅔ,S002/32_ㅔ/S002_20260817_225500_32_008.mp4,120,30.0,12,12,1.0,ok,
S002_20260817_225500_32_009,ㅔ,S002/32_ㅔ/S002_20260817_225500_32_009.mp4,122,30.0,12,12,1.0,ok,
S002_20260817_225500_32_010,ㅔ,S002/32_ㅔ/S002_20260817_225500_32_010.mp4,122,30.0,12,12,1.0,ok,
S002_20260817_225500_33_001,ㅖ,S002/33_ㅖ/S002_20260817_225500_33_001.mp4,103,30.0,12,10,0.8333,ok,
S002_20260817_225500_33_002,ㅖ,S002/33_ㅖ/S002_20260817_225500_33_002.mp4,122,30.0,12,10,0.8333,ok,
S002_20260817_225500_33_003,ㅖ,S002/33_ㅖ/S002_20260817_225500_33_003.mp4,121,30.0,12,11,0.9167,ok,
S002_20260817_225500_33_004,ㅖ,S002/33_ㅖ/S002_20260817_225500_33_004.mp4,121,30.0,12,11,0.9167,ok,
S002_20260817_225500_33_005,ㅖ,S002/33_ㅖ/S002_20260817_225500_33_005.mp4,120,30.0,12,12,1.0,ok,
S002_20260817_225500_33_006,ㅖ,S002/33_ㅖ/S002_20260817_225500_33_006.mp4,121,30.0,12,12,1.0,ok,
S002_20260817_225500_33_007,ㅖ,S002/33_ㅖ/S002_20260817_225500_33_007.mp4,120,30.0,12,12,1.0,ok,
S002_20260817_225500_33_008,ㅖ,S002/33_ㅖ/S002_20260817_225500_33_008.mp4,121,30.0,12,12,1.0,ok,
S002_20260817_225500_33_009,ㅖ,S002/33_ㅖ/S002_20260817_225500_33_009.mp4,122,30.0,12,11,0.9167,ok,
S002_20260817_225500_33_010,ㅖ,S002/33_ㅖ/S002_20260817_225500_33_010.mp4,122,30.0,12,11,0.9167,ok,
S002_20260817_225500_33_011,ㅖ,S002/33_ㅖ/S002_20260817_225500_33_011.mp4,122,30.0,12,12,1.0,ok,
S002_20260817_225500_34_001,ㅢ,S002/34_ㅢ/S002_20260817_225500_34_001.mp4,121,30.0,12,12,1.0,ok,
S002_20260817_225500_34_002,ㅢ,S002/34_ㅢ/S002_20260817_225500_34_002.mp4,122,30.0,12,12,1.0,ok,
S002_20260817_225500_34_003,ㅢ,S002/34_ㅢ/S002_20260817_225500_34_003.mp4,121,30.0,12,12,1.0,ok,
S002_20260817_225500_34_004,ㅢ,S002/34_ㅢ/S002_20260817_225500_34_004.mp4,121,30.0,12,12,1.0,ok,
S002_20260817_225500_34_005,ㅢ,S002/34_ㅢ/S002_20260817_225500_34_005.mp4,122,30.0,12,12,1.0,ok,
S002_20260817_225500_34_006,ㅢ,S002/34_ㅢ/S002_20260817_225500_34_006.mp4,122,30.0,12,12,1.0,ok,
S002_20260817_225500_34_007,ㅢ,S002/34_ㅢ/S002_20260817_225500_34_007.mp4,121,30.0,12,12,1.0,ok,
S002_20260817_225500_34_008,ㅢ,S002/34_ㅢ/S002_20260817_225500_34_008.mp4,121,30.0,12,12,1.0,ok,
S002_20260817_225500_34_009,ㅢ,S002/34_ㅢ/S002_20260817_225500_34_009.mp4,121,30.0,12,12,1.0,ok,
S002_20260817_225500_34_010,ㅢ,S002/34_ㅢ/S002_20260817_225500_34_010.mp4,119,30.0,12,12,1.0,ok,
S002_20260817_225500_35_001,ㅚ,S002/35_ㅚ/S002_20260817_225500_35_001.mp4,121,30.0,12,12,1.0,ok,
S002_20260817_225500_35_002,ㅚ,S002/35_ㅚ/S002_20260817_225500_35_002.mp4,122,30.0,12,10,0.8333,ok,
S002_20260817_225500_35_003,ㅚ,S002/35_ㅚ/S002_20260817_225500_35_003.mp4,121,30.0,12,11,0.9167,ok,
S002_20260817_225500_35_004,ㅚ,S002/35_ㅚ/S002_20260817_225500_35_004.mp4,121,30.0,12,12,1.0,ok,
S002_20260817_225500_35_005,ㅚ,S002/35_ㅚ/S002_20260817_225500_35_005.mp4,122,30.0,12,12,1.0,ok,
S002_20260817_225500_35_006,ㅚ,S002/35_ㅚ/S002_20260817_225500_35_006.mp4,121,30.0,12,12,1.0,ok,
S002_20260817_225500_35_007,ㅚ,S002/35_ㅚ/S002_20260817_225500_35_007.mp4,121,30.0,12,12,1.0,ok,
S002_20260817_225500_35_008,ㅚ,S002/35_ㅚ/S002_20260817_225500_35_008.mp4,121,30.0,12,12,1.0,ok,
S002_20260817_225500_35_009,ㅚ,S002/35_ㅚ/S002_20260817_225500_35_009.mp4,122,30.0,12,12,1.0,ok,
S002_20260817_225500_35_010,ㅚ,S002/35_ㅚ/S002_20260817_225500_35_010.mp4,122,30.0,12,12,1.0,ok,
S002_20260817_225500_36_001,ㅟ,S002/36_ㅟ/S002_20260817_225500_36_001.mp4,119,30.0,12,12,1.0,ok,
S002_20260817_225500_36_002,ㅟ,S002/36_ㅟ/S002_20260817_225500_36_002.mp4,121,30.0,12,11,0.9167,ok,
S002_20260817_225500_36_003,ㅟ,S002/36_ㅟ/S002_20260817_225500_36_003.mp4,121,30.0,12,12,1.0,ok,
S002_20260817_225500_36_004,ㅟ,S002/36_ㅟ/S002_20260817_225500_36_004.mp4,121,30.0,12,12,1.0,ok,
S002_20260817_225500_36_005,ㅟ,S002/36_ㅟ/S002_20260817_225500_36_005.mp4,122,30.0,12,12,1.0,ok,
S002_20260817_225500_36_006,ㅟ,S002/36_ㅟ/S002_20260817_225500_36_006.mp4,122,30.0,12,12,1.0,ok,
S002_20260817_225500_36_007,ㅟ,S002/36_ㅟ/S002_20260817_225500_36_007.mp4,121,30.0,12,10,0.8333,ok,
S002_20260817_225500_36_008,ㅟ,S002/36_ㅟ/S002_20260817_225500_36_008.mp4,121,30.0,12,12,1.0,ok,
S002_20260817_225500_36_009,ㅟ,S002/36_ㅟ/S002_20260817_225500_36_009.mp4,122,30.0,12,12,1.0,ok,
S002_20260817_225500_36_010,ㅟ,S002/36_ㅟ/S002_20260817_225500_36_010.mp4,122,30.0,12,12,1.0,ok,
S003_20260818_154538_01_001,ㄱ,S003/01_ㄱ/S003_20260818_154538_01_001.mp4,119,30.0,12,11,0.9167,ok,
S003_20260818_154538_01_002,ㄱ,S003/01_ㄱ/S003_20260818_154538_01_002.mp4,120,30.0,12,11,0.9167,ok,
S003_20260818_154538_01_003,ㄱ,S003/01_ㄱ/S003_20260818_154538_01_003.mp4,122,30.0,12,12,1.0,ok,
S003_20260818_154538_01_004,ㄱ,S003/01_ㄱ/S003_20260818_154538_01_004.mp4,122,30.0,12,11,0.9167,ok,
S003_20260818_154538_01_005,ㄱ,S003/01_ㄱ/S003_20260818_154538_01_005.mp4,122,30.0,12,11,0.9167,ok,
S003_20260818_154538_01_006,ㄱ,S003/01_ㄱ/S003_20260818_154538_01_006.mp4,122,30.0,12,9,0.75,review,detection_rate_below_0.8
S003_20260818_154538_01_007,ㄱ,S003/01_ㄱ/S003_20260818_154538_01_007.mp4,123,30.0,12,11,0.9167,ok,
S003_20260818_154538_01_008,ㄱ,S003/01_ㄱ/S003_20260818_154538_01_008.mp4,121,30.0,12,11,0.9167,ok,
S003_20260818_154538_01_009,ㄱ,S003/01_ㄱ/S003_20260818_154538_01_009.mp4,122,30.0,12,4,0.3333,review,detection_rate_below_0.8
S003_20260818_154538_01_010,ㄱ,S003/01_ㄱ/S003_20260818_154538_01_010.mp4,122,30.0,12,2,0.1667,review,detection_rate_below_0.8
S003_20260818_154538_01_011,ㄱ,S003/01_ㄱ/S003_20260818_154538_01_011.mp4,121,30.0,12,4,0.3333,review,detection_rate_below_0.8
S003_20260818_154538_02_001,ㄴ,S003/02_ㄴ/S003_20260818_154538_02_001.mp4,121,30.0,12,12,1.0,ok,
S003_20260818_154538_02_002,ㄴ,S003/02_ㄴ/S003_20260818_154538_02_002.mp4,121,30.0,12,11,0.9167,ok,
S003_20260818_154538_02_003,ㄴ,S003/02_ㄴ/S003_20260818_154538_02_003.mp4,122,30.0,12,12,1.0,ok,
S003_20260818_154538_02_004,ㄴ,S003/02_ㄴ/S003_20260818_154538_02_004.mp4,122,30.0,12,12,1.0,ok,
S003_20260818_154538_02_005,ㄴ,S003/02_ㄴ/S003_20260818_154538_02_005.mp4,121,30.0,12,12,1.0,ok,
S003_20260818_154538_02_006,ㄴ,S003/02_ㄴ/S003_20260818_154538_02_006.mp4,121,30.0,12,10,0.8333,ok,
S003_20260818_154538_02_007,ㄴ,S003/02_ㄴ/S003_20260818_154538_02_007.mp4,122,30.0,12,12,1.0,ok,
S003_20260818_154538_02_008,ㄴ,S003/02_ㄴ/S003_20260818_154538_02_008.mp4,121,30.0,12,11,0.9167,ok,
S003_20260818_154538_02_009,ㄴ,S003/02_ㄴ/S003_20260818_154538_02_009.mp4,122,30.0,12,12,1.0,ok,
S003_20260818_154538_02_010,ㄴ,S003/02_ㄴ/S003_20260818_154538_02_010.mp4,122,30.0,12,12,1.0,ok,
S003_20260818_154538_03_001,ㄷ,S003/03_ㄷ/S003_20260818_154538_03_001.mp4,121,30.0,12,12,1.0,ok,
S003_20260818_154538_03_002,ㄷ,S003/03_ㄷ/S003_20260818_154538_03_002.mp4,121,30.0,12,12,1.0,ok,
S003_20260818_154538_03_003,ㄷ,S003/03_ㄷ/S003_20260818_154538_03_003.mp4,121,30.0,12,12,1.0,ok,
S003_20260818_154538_03_004,ㄷ,S003/03_ㄷ/S003_20260818_154538_03_004.mp4,121,30.0,12,12,1.0,ok,
S003_20260818_154538_03_005,ㄷ,S003/03_ㄷ/S003_20260818_154538_03_005.mp4,121,30.0,12,12,1.0,ok,
S003_20260818_154538_03_006,ㄷ,S003/03_ㄷ/S003_20260818_154538_03_006.mp4,121,30.0,12,12,1.0,ok,
S003_20260818_154538_03_007,ㄷ,S003/03_ㄷ/S003_20260818_154538_03_007.mp4,121,30.0,12,12,1.0,ok,
S003_20260818_154538_03_008,ㄷ,S003/03_ㄷ/S003_20260818_154538_03_008.mp4,121,30.0,12,12,1.0,ok,
S003_20260818_154538_03_009,ㄷ,S003/03_ㄷ/S003_20260818_154538_03_009.mp4,121,30.0,12,12,1.0,ok,
S003_20260818_154538_03_010,ㄷ,S003/03_ㄷ/S003_20260818_154538_03_010.mp4,121,30.0,12,12,1.0,ok,
S003_20260818_154538_04_001,ㄹ,S003/04_ㄹ/S003_20260818_154538_04_001.mp4,121,30.0,12,12,1.0,ok,
S003_20260818_154538_04_002,ㄹ,S003/04_ㄹ/S003_20260818_154538_04_002.mp4,122,30.0,12,12,1.0,ok,
S003_20260818_154538_04_003,ㄹ,S003/04_ㄹ/S003_20260818_154538_04_003.mp4,121,30.0,12,12,1.0,ok,
S003_20260818_154538_04_004,ㄹ,S003/04_ㄹ/S003_20260818_154538_04_004.mp4,121,30.0,12,12,1.0,ok,
S003_20260818_154538_04_005,ㄹ,S003/04_ㄹ/S003_20260818_154538_04_005.mp4,121,30.0,12,9,0.75,review,detection_rate_below_0.8
S003_20260818_154538_04_006,ㄹ,S003/04_ㄹ/S003_20260818_154538_04_006.mp4,122,30.0,12,11,0.9167,ok,
S003_20260818_154538_04_007,ㄹ,S003/04_ㄹ/S003_20260818_154538_04_007.mp4,121,30.0,12,12,1.0,ok,
S003_20260818_154538_04_008,ㄹ,S003/04_ㄹ/S003_20260818_154538_04_008.mp4,121,30.0,12,12,1.0,ok,
S003_20260818_154538_04_009,ㄹ,S003/04_ㄹ/S003_20260818_154538_04_009.mp4,121,30.0,12,12,1.0,ok,
S003_20260818_154538_04_010,ㄹ,S003/04_ㄹ/S003_20260818_154538_04_010.mp4,121,30.0,12,12,1.0,ok,
S003_20260818_154538_05_001,ㅁ,S003/05_ㅁ/S003_20260818_154538_05_001.mp4,122,30.0,12,12,1.0,ok,
S003_20260818_154538_05_002,ㅁ,S003/05_ㅁ/S003_20260818_154538_05_002.mp4,121,30.0,12,11,0.9167,ok,
S003_20260818_154538_05_003,ㅁ,S003/05_ㅁ/S003_20260818_154538_05_003.mp4,121,30.0,12,5,0.4167,review,detection_rate_below_0.8
S003_20260818_154538_05_004,ㅁ,S003/05_ㅁ/S003_20260818_154538_05_004.mp4,122,30.0,12,11,0.9167,ok,
S003_20260818_154538_05_005,ㅁ,S003/05_ㅁ/S003_20260818_154538_05_005.mp4,121,30.0,12,8,0.6667,review,detection_rate_below_0.8
S003_20260818_154538_05_006,ㅁ,S003/05_ㅁ/S003_20260818_154538_05_006.mp4,121,30.0,12,7,0.5833,review,detection_rate_below_0.8
S003_20260818_154538_05_007,ㅁ,S003/05_ㅁ/S003_20260818_154538_05_007.mp4,121,30.0,12,6,0.5,review,detection_rate_below_0.8
S003_20260818_154538_05_008,ㅁ,S003/05_ㅁ/S003_20260818_154538_05_008.mp4,121,30.0,12,9,0.75,review,detection_rate_below_0.8
S003_20260818_154538_05_009,ㅁ,S003/05_ㅁ/S003_20260818_154538_05_009.mp4,121,30.0,12,12,1.0,ok,
S003_20260818_154538_05_010,ㅁ,S003/05_ㅁ/S003_20260818_154538_05_010.mp4,122,30.0,12,12,1.0,ok,
S003_20260818_154538_06_001,ㅂ,S003/06_ㅂ/S003_20260818_154538_06_001.mp4,121,30.0,12,10,0.8333,ok,
S003_20260818_154538_06_002,ㅂ,S003/06_ㅂ/S003_20260818_154538_06_002.mp4,121,30.0,12,12,1.0,ok,
S003_20260818_154538_06_003,ㅂ,S003/06_ㅂ/S003_20260818_154538_06_003.mp4,121,30.0,12,12,1.0,ok,
S003_20260818_154538_06_004,ㅂ,S003/06_ㅂ/S003_20260818_154538_06_004.mp4,121,30.0,12,8,0.6667,review,detection_rate_below_0.8
S003_20260818_154538_06_005,ㅂ,S003/06_ㅂ/S003_20260818_154538_06_005.mp4,121,30.0,12,12,1.0,ok,
S003_20260818_154538_06_006,ㅂ,S003/06_ㅂ/S003_20260818_154538_06_006.mp4,121,30.0,12,12,1.0,ok,
S003_20260818_154538_06_007,ㅂ,S003/06_ㅂ/S003_20260818_154538_06_007.mp4,122,30.0,12,12,1.0,ok,
S003_20260818_154538_06_008,ㅂ,S003/06_ㅂ/S003_20260818_154538_06_008.mp4,122,30.0,12,12,1.0,ok,
S003_20260818_154538_06_009,ㅂ,S003/06_ㅂ/S003_20260818_154538_06_009.mp4,121,30.0,12,12,1.0,ok,
S003_20260818_154538_06_010,ㅂ,S003/06_ㅂ/S003_20260818_154538_06_010.mp4,121,30.0,12,8,0.6667,review,detection_rate_below_0.8
S003_20260818_154538_07_001,ㅅ,S003/07_ㅅ/S003_20260818_154538_07_001.mp4,121,30.0,12,9,0.75,review,detection_rate_below_0.8
S003_20260818_154538_07_002,ㅅ,S003/07_ㅅ/S003_20260818_154538_07_002.mp4,121,30.0,12,1,0.0833,review,detection_rate_below_0.8
S003_20260818_154538_07_003,ㅅ,S003/07_ㅅ/S003_20260818_154538_07_003.mp4,122,30.0,12,8,0.6667,review,detection_rate_below_0.8
S003_20260818_154538_07_004,ㅅ,S003/07_ㅅ/S003_20260818_154538_07_004.mp4,122,30.0,12,3,0.25,review,detection_rate_below_0.8
S003_20260818_154538_07_005,ㅅ,S003/07_ㅅ/S003_20260818_154538_07_005.mp4,121,30.0,12,1,0.0833,review,detection_rate_below_0.8
S003_20260818_154538_07_006,ㅅ,S003/07_ㅅ/S003_20260818_154538_07_006.mp4,121,30.0,12,3,0.25,review,detection_rate_below_0.8
S003_20260818_154538_07_007,ㅅ,S003/07_ㅅ/S003_20260818_154538_07_007.mp4,121,30.0,12,3,0.25,review,detection_rate_below_0.8
S003_20260818_154538_07_008,ㅅ,S003/07_ㅅ/S003_20260818_154538_07_008.mp4,121,30.0,12,6,0.5,review,detection_rate_below_0.8
S003_20260818_154538_07_009,ㅅ,S003/07_ㅅ/S003_20260818_154538_07_009.mp4,121,30.0,12,1,0.0833,review,detection_rate_below_0.8
S003_20260818_154538_07_010,ㅅ,S003/07_ㅅ/S003_20260818_154538_07_010.mp4,121,30.0,12,2,0.1667,review,detection_rate_below_0.8
S003_20260818_154538_08_001,ㅇ,S003/08_ㅇ/S003_20260818_154538_08_001.mp4,122,30.0,12,9,0.75,review,detection_rate_below_0.8
S003_20260818_154538_08_002,ㅇ,S003/08_ㅇ/S003_20260818_154538_08_002.mp4,121,30.0,12,10,0.8333,ok,
S003_20260818_154538_08_003,ㅇ,S003/08_ㅇ/S003_20260818_154538_08_003.mp4,121,30.0,12,11,0.9167,ok,
S003_20260818_154538_08_004,ㅇ,S003/08_ㅇ/S003_20260818_154538_08_004.mp4,120,30.0,12,12,1.0,ok,
S003_20260818_154538_08_005,ㅇ,S003/08_ㅇ/S003_20260818_154538_08_005.mp4,121,30.0,12,12,1.0,ok,
S003_20260818_154538_08_006,ㅇ,S003/08_ㅇ/S003_20260818_154538_08_006.mp4,121,30.0,12,12,1.0,ok,
S003_20260818_154538_08_007,ㅇ,S003/08_ㅇ/S003_20260818_154538_08_007.mp4,121,30.0,12,10,0.8333,ok,
S003_20260818_154538_08_008,ㅇ,S003/08_ㅇ/S003_20260818_154538_08_008.mp4,121,30.0,12,12,1.0,ok,
S003_20260818_154538_08_009,ㅇ,S003/08_ㅇ/S003_20260818_154538_08_009.mp4,121,30.0,12,11,0.9167,ok,
S003_20260818_154538_08_010,ㅇ,S003/08_ㅇ/S003_20260818_154538_08_010.mp4,122,30.0,12,8,0.6667,review,detection_rate_below_0.8
S003_20260818_154538_09_001,ㅈ,S003/09_ㅈ/S003_20260818_154538_09_001.mp4,121,30.0,12,10,0.8333,ok,
S003_20260818_154538_09_002,ㅈ,S003/09_ㅈ/S003_20260818_154538_09_002.mp4,121,30.0,12,11,0.9167,ok,
S003_20260818_154538_09_003,ㅈ,S003/09_ㅈ/S003_20260818_154538_09_003.mp4,121,30.0,12,4,0.3333,review,detection_rate_below_0.8
S003_20260818_154538_09_004,ㅈ,S003/09_ㅈ/S003_20260818_154538_09_004.mp4,121,30.0,12,10,0.8333,ok,
S003_20260818_154538_09_005,ㅈ,S003/09_ㅈ/S003_20260818_154538_09_005.mp4,122,30.0,12,6,0.5,review,detection_rate_below_0.8
S003_20260818_154538_09_006,ㅈ,S003/09_ㅈ/S003_20260818_154538_09_006.mp4,121,30.0,12,4,0.3333,review,detection_rate_below_0.8
S003_20260818_154538_09_007,ㅈ,S003/09_ㅈ/S003_20260818_154538_09_007.mp4,121,30.0,12,5,0.4167,review,detection_rate_below_0.8
S003_20260818_154538_09_008,ㅈ,S003/09_ㅈ/S003_20260818_154538_09_008.mp4,121,30.0,12,10,0.8333,ok,
S003_20260818_154538_09_009,ㅈ,S003/09_ㅈ/S003_20260818_154538_09_009.mp4,121,30.0,12,10,0.8333,ok,
S003_20260818_154538_09_010,ㅈ,S003/09_ㅈ/S003_20260818_154538_09_010.mp4,121,30.0,12,8,0.6667,review,detection_rate_below_0.8
S003_20260818_154538_09_011,ㅈ,S003/09_ㅈ/S003_20260818_154538_09_011.mp4,121,30.0,12,11,0.9167,ok,
S003_20260818_154538_10_001,ㅊ,S003/10_ㅊ/S003_20260818_154538_10_001.mp4,121,30.0,12,10,0.8333,ok,
S003_20260818_154538_10_002,ㅊ,S003/10_ㅊ/S003_20260818_154538_10_002.mp4,121,30.0,12,10,0.8333,ok,
S003_20260818_154538_10_003,ㅊ,S003/10_ㅊ/S003_20260818_154538_10_003.mp4,121,30.0,12,11,0.9167,ok,
S003_20260818_154538_10_004,ㅊ,S003/10_ㅊ/S003_20260818_154538_10_004.mp4,121,30.0,12,9,0.75,review,detection_rate_below_0.8
S003_20260818_154538_10_005,ㅊ,S003/10_ㅊ/S003_20260818_154538_10_005.mp4,122,30.0,12,11,0.9167,ok,
S003_20260818_154538_10_006,ㅊ,S003/10_ㅊ/S003_20260818_154538_10_006.mp4,121,30.0,12,10,0.8333,ok,
S003_20260818_154538_10_007,ㅊ,S003/10_ㅊ/S003_20260818_154538_10_007.mp4,121,30.0,12,6,0.5,review,detection_rate_below_0.8
S003_20260818_154538_10_008,ㅊ,S003/10_ㅊ/S003_20260818_154538_10_008.mp4,121,30.0,12,8,0.6667,review,detection_rate_below_0.8
S003_20260818_154538_10_009,ㅊ,S003/10_ㅊ/S003_20260818_154538_10_009.mp4,122,30.0,12,1,0.0833,review,detection_rate_below_0.8
S003_20260818_154538_10_010,ㅊ,S003/10_ㅊ/S003_20260818_154538_10_010.mp4,121,30.0,12,11,0.9167,ok,
S003_20260818_154538_11_001,ㅋ,S003/11_ㅋ/S003_20260818_154538_11_001.mp4,121,30.0,12,6,0.5,review,detection_rate_below_0.8
S003_20260818_154538_11_002,ㅋ,S003/11_ㅋ/S003_20260818_154538_11_002.mp4,121,30.0,12,12,1.0,ok,
S003_20260818_154538_11_003,ㅋ,S003/11_ㅋ/S003_20260818_154538_11_003.mp4,122,30.0,12,10,0.8333,ok,
S003_20260818_154538_11_004,ㅋ,S003/11_ㅋ/S003_20260818_154538_11_004.mp4,121,30.0,12,12,1.0,ok,
S003_20260818_154538_11_005,ㅋ,S003/11_ㅋ/S003_20260818_154538_11_005.mp4,121,30.0,12,9,0.75,review,detection_rate_below_0.8
S003_20260818_154538_11_006,ㅋ,S003/11_ㅋ/S003_20260818_154538_11_006.mp4,121,30.0,12,7,0.5833,review,detection_rate_below_0.8
S003_20260818_154538_11_007,ㅋ,S003/11_ㅋ/S003_20260818_154538_11_007.mp4,121,30.0,12,10,0.8333,ok,
S003_20260818_154538_11_008,ㅋ,S003/11_ㅋ/S003_20260818_154538_11_008.mp4,121,30.0,12,10,0.8333,ok,
S003_20260818_154538_11_009,ㅋ,S003/11_ㅋ/S003_20260818_154538_11_009.mp4,121,30.0,12,6,0.5,review,detection_rate_below_0.8
S003_20260818_154538_11_010,ㅋ,S003/11_ㅋ/S003_20260818_154538_11_010.mp4,121,30.0,12,7,0.5833,review,detection_rate_below_0.8
S003_20260818_154538_12_001,ㅌ,S003/12_ㅌ/S003_20260818_154538_12_001.mp4,121,30.0,12,12,1.0,ok,
S003_20260818_154538_12_002,ㅌ,S003/12_ㅌ/S003_20260818_154538_12_002.mp4,121,30.0,12,12,1.0,ok,
S003_20260818_154538_12_003,ㅌ,S003/12_ㅌ/S003_20260818_154538_12_003.mp4,122,30.0,12,11,0.9167,ok,
S003_20260818_154538_12_004,ㅌ,S003/12_ㅌ/S003_20260818_154538_12_004.mp4,121,30.0,12,9,0.75,review,detection_rate_below_0.8
S003_20260818_154538_12_005,ㅌ,S003/12_ㅌ/S003_20260818_154538_12_005.mp4,121,30.0,12,11,0.9167,ok,
S003_20260818_154538_12_006,ㅌ,S003/12_ㅌ/S003_20260818_154538_12_006.mp4,120,30.0,12,11,0.9167,ok,
S003_20260818_154538_12_007,ㅌ,S003/12_ㅌ/S003_20260818_154538_12_007.mp4,121,30.0,12,10,0.8333,ok,
S003_20260818_154538_12_008,ㅌ,S003/12_ㅌ/S003_20260818_154538_12_008.mp4,120,30.0,12,7,0.5833,review,detection_rate_below_0.8
S003_20260818_154538_12_009,ㅌ,S003/12_ㅌ/S003_20260818_154538_12_009.mp4,121,30.0,12,12,1.0,ok,
S003_20260818_154538_12_010,ㅌ,S003/12_ㅌ/S003_20260818_154538_12_010.mp4,120,30.0,12,9,0.75,review,detection_rate_below_0.8
S003_20260818_154538_13_001,ㅍ,S003/13_ㅍ/S003_20260818_154538_13_001.mp4,121,30.0,12,12,1.0,ok,
S003_20260818_154538_13_002,ㅍ,S003/13_ㅍ/S003_20260818_154538_13_002.mp4,121,30.0,12,10,0.8333,ok,
S003_20260818_154538_13_003,ㅍ,S003/13_ㅍ/S003_20260818_154538_13_003.mp4,121,30.0,12,12,1.0,ok,
S003_20260818_154538_13_004,ㅍ,S003/13_ㅍ/S003_20260818_154538_13_004.mp4,122,30.0,12,11,0.9167,ok,
S003_20260818_154538_13_005,ㅍ,S003/13_ㅍ/S003_20260818_154538_13_005.mp4,120,30.0,12,8,0.6667,review,detection_rate_below_0.8
S003_20260818_154538_13_006,ㅍ,S003/13_ㅍ/S003_20260818_154538_13_006.mp4,121,30.0,12,5,0.4167,review,detection_rate_below_0.8
S003_20260818_154538_13_007,ㅍ,S003/13_ㅍ/S003_20260818_154538_13_007.mp4,121,30.0,12,10,0.8333,ok,
S003_20260818_154538_13_008,ㅍ,S003/13_ㅍ/S003_20260818_154538_13_008.mp4,121,30.0,12,12,1.0,ok,
S003_20260818_154538_13_009,ㅍ,S003/13_ㅍ/S003_20260818_154538_13_009.mp4,121,30.0,12,9,0.75,review,detection_rate_below_0.8
S003_20260818_154538_13_010,ㅍ,S003/13_ㅍ/S003_20260818_154538_13_010.mp4,122,30.0,12,6,0.5,review,detection_rate_below_0.8
S003_20260818_154538_14_001,ㅎ,S003/14_ㅎ/S003_20260818_154538_14_001.mp4,121,30.0,12,8,0.6667,review,detection_rate_below_0.8
S003_20260818_154538_14_002,ㅎ,S003/14_ㅎ/S003_20260818_154538_14_002.mp4,121,30.0,12,11,0.9167,ok,
S003_20260818_154538_14_003,ㅎ,S003/14_ㅎ/S003_20260818_154538_14_003.mp4,121,30.0,12,7,0.5833,review,detection_rate_below_0.8
S003_20260818_154538_14_004,ㅎ,S003/14_ㅎ/S003_20260818_154538_14_004.mp4,121,30.0,12,10,0.8333,ok,
S003_20260818_154538_14_005,ㅎ,S003/14_ㅎ/S003_20260818_154538_14_005.mp4,121,30.0,12,11,0.9167,ok,
S003_20260818_154538_14_006,ㅎ,S003/14_ㅎ/S003_20260818_154538_14_006.mp4,121,30.0,12,8,0.6667,review,detection_rate_below_0.8
S003_20260818_154538_14_007,ㅎ,S003/14_ㅎ/S003_20260818_154538_14_007.mp4,121,30.0,12,10,0.8333,ok,
S003_20260818_154538_14_008,ㅎ,S003/14_ㅎ/S003_20260818_154538_14_008.mp4,121,30.0,12,8,0.6667,review,detection_rate_below_0.8
S003_20260818_154538_14_009,ㅎ,S003/14_ㅎ/S003_20260818_154538_14_009.mp4,121,30.0,12,11,0.9167,ok,
S003_20260818_154538_14_010,ㅎ,S003/14_ㅎ/S003_20260818_154538_14_010.mp4,121,30.0,12,7,0.5833,review,detection_rate_below_0.8
S003_20260818_154538_20_001,ㅏ,S003/20_ㅏ/S003_20260818_154538_20_001.mp4,121,30.0,12,11,0.9167,ok,
S003_20260818_154538_20_002,ㅏ,S003/20_ㅏ/S003_20260818_154538_20_002.mp4,121,30.0,12,2,0.1667,review,detection_rate_below_0.8
S003_20260818_154538_20_003,ㅏ,S003/20_ㅏ/S003_20260818_154538_20_003.mp4,122,30.0,12,5,0.4167,review,detection_rate_below_0.8
S003_20260818_154538_20_004,ㅏ,S003/20_ㅏ/S003_20260818_154538_20_004.mp4,121,30.0,12,0,0.0,review,detection_rate_below_0.8
S003_20260818_154538_20_005,ㅏ,S003/20_ㅏ/S003_20260818_154538_20_005.mp4,121,30.0,12,3,0.25,review,detection_rate_below_0.8
S003_20260818_154538_20_006,ㅏ,S003/20_ㅏ/S003_20260818_154538_20_006.mp4,121,30.0,12,10,0.8333,ok,
S003_20260818_154538_20_007,ㅏ,S003/20_ㅏ/S003_20260818_154538_20_007.mp4,121,30.0,12,3,0.25,review,detection_rate_below_0.8
S003_20260818_154538_20_008,ㅏ,S003/20_ㅏ/S003_20260818_154538_20_008.mp4,121,30.0,12,1,0.0833,review,detection_rate_below_0.8
S003_20260818_154538_20_009,ㅏ,S003/20_ㅏ/S003_20260818_154538_20_009.mp4,121,30.0,12,0,0.0,review,detection_rate_below_0.8
S003_20260818_154538_20_010,ㅏ,S003/20_ㅏ/S003_20260818_154538_20_010.mp4,121,30.0,12,5,0.4167,review,detection_rate_below_0.8
S003_20260818_154538_20_011,ㅏ,S003/20_ㅏ/S003_20260818_154538_20_011.mp4,122,30.0,12,12,1.0,ok,
S003_20260818_154538_20_012,ㅏ,S003/20_ㅏ/S003_20260818_154538_20_012.mp4,122,30.0,12,12,1.0,ok,
S003_20260818_154538_20_013,ㅏ,S003/20_ㅏ/S003_20260818_154538_20_013.mp4,121,30.0,12,12,1.0,ok,
S003_20260818_154538_20_014,ㅏ,S003/20_ㅏ/S003_20260818_154538_20_014.mp4,121,30.0,12,12,1.0,ok,
S003_20260818_154538_20_015,ㅏ,S003/20_ㅏ/S003_20260818_154538_20_015.mp4,121,30.0,12,12,1.0,ok,
S003_20260818_154538_20_016,ㅏ,S003/20_ㅏ/S003_20260818_154538_20_016.mp4,121,30.0,12,12,1.0,ok,
S003_20260818_154538_20_017,ㅏ,S003/20_ㅏ/S003_20260818_154538_20_017.mp4,121,30.0,12,12,1.0,ok,
S003_20260818_154538_20_018,ㅏ,S003/20_ㅏ/S003_20260818_154538_20_018.mp4,121,30.0,12,12,1.0,ok,
S003_20260818_154538_20_019,ㅏ,S003/20_ㅏ/S003_20260818_154538_20_019.mp4,122,30.0,12,12,1.0,ok,
S003_20260818_154538_21_001,ㅑ,S003/21_ㅑ/S003_20260818_154538_21_001.mp4,121,30.0,12,12,1.0,ok,
S003_20260818_154538_21_002,ㅑ,S003/21_ㅑ/S003_20260818_154538_21_002.mp4,121,30.0,12,12,1.0,ok,
S003_20260818_154538_21_003,ㅑ,S003/21_ㅑ/S003_20260818_154538_21_003.mp4,121,30.0,12,12,1.0,ok,
S003_20260818_154538_21_004,ㅑ,S003/21_ㅑ/S003_20260818_154538_21_004.mp4,122,30.0,12,12,1.0,ok,
S003_20260818_154538_21_005,ㅑ,S003/21_ㅑ/S003_20260818_154538_21_005.mp4,121,30.0,12,12,1.0,ok,
S003_20260818_154538_21_006,ㅑ,S003/21_ㅑ/S003_20260818_154538_21_006.mp4,120,30.0,12,12,1.0,ok,
S003_20260818_154538_21_007,ㅑ,S003/21_ㅑ/S003_20260818_154538_21_007.mp4,121,30.0,12,12,1.0,ok,
S003_20260818_154538_21_008,ㅑ,S003/21_ㅑ/S003_20260818_154538_21_008.mp4,121,30.0,12,12,1.0,ok,
S003_20260818_154538_21_009,ㅑ,S003/21_ㅑ/S003_20260818_154538_21_009.mp4,121,30.0,12,12,1.0,ok,
S003_20260818_154538_21_010,ㅑ,S003/21_ㅑ/S003_20260818_154538_21_010.mp4,122,30.0,12,12,1.0,ok,
S003_20260818_154538_21_011,ㅑ,S003/21_ㅑ/S003_20260818_154538_21_011.mp4,120,30.0,12,12,1.0,ok,
S003_20260818_154538_22_001,ㅓ,S003/22_ㅓ/S003_20260818_154538_22_001.mp4,121,30.0,12,10,0.8333,ok,
S003_20260818_154538_22_002,ㅓ,S003/22_ㅓ/S003_20260818_154538_22_002.mp4,121,30.0,12,10,0.8333,ok,
S003_20260818_154538_22_003,ㅓ,S003/22_ㅓ/S003_20260818_154538_22_003.mp4,121,30.0,12,10,0.8333,ok,
S003_20260818_154538_22_004,ㅓ,S003/22_ㅓ/S003_20260818_154538_22_004.mp4,122,30.0,12,10,0.8333,ok,
S003_20260818_154538_22_005,ㅓ,S003/22_ㅓ/S003_20260818_154538_22_005.mp4,121,30.0,12,11,0.9167,ok,
S003_20260818_154538_22_006,ㅓ,S003/22_ㅓ/S003_20260818_154538_22_006.mp4,121,30.0,12,10,0.8333,ok,
S003_20260818_154538_22_007,ㅓ,S003/22_ㅓ/S003_20260818_154538_22_007.mp4,121,30.0,12,8,0.6667,review,detection_rate_below_0.8
S003_20260818_154538_22_008,ㅓ,S003/22_ㅓ/S003_20260818_154538_22_008.mp4,121,30.0,12,10,0.8333,ok,
S003_20260818_154538_22_009,ㅓ,S003/22_ㅓ/S003_20260818_154538_22_009.mp4,120,30.0,12,12,1.0,ok,
S003_20260818_154538_22_010,ㅓ,S003/22_ㅓ/S003_20260818_154538_22_010.mp4,121,30.0,12,7,0.5833,review,detection_rate_below_0.8
S003_20260818_154538_23_001,ㅕ,S003/23_ㅕ/S003_20260818_154538_23_001.mp4,121,30.0,12,8,0.6667,review,detection_rate_below_0.8
S003_20260818_154538_23_002,ㅕ,S003/23_ㅕ/S003_20260818_154538_23_002.mp4,121,30.0,12,8,0.6667,review,detection_rate_below_0.8
S003_20260818_154538_23_003,ㅕ,S003/23_ㅕ/S003_20260818_154538_23_003.mp4,122,30.0,12,10,0.8333,ok,
S003_20260818_154538_23_004,ㅕ,S003/23_ㅕ/S003_20260818_154538_23_004.mp4,121,30.0,12,6,0.5,review,detection_rate_below_0.8
S003_20260818_154538_23_005,ㅕ,S003/23_ㅕ/S003_20260818_154538_23_005.mp4,121,30.0,12,12,1.0,ok,
S003_20260818_154538_23_006,ㅕ,S003/23_ㅕ/S003_20260818_154538_23_006.mp4,121,30.0,12,9,0.75,review,detection_rate_below_0.8
S003_20260818_154538_23_007,ㅕ,S003/23_ㅕ/S003_20260818_154538_23_007.mp4,121,30.0,12,11,0.9167,ok,
S003_20260818_154538_23_008,ㅕ,S003/23_ㅕ/S003_20260818_154538_23_008.mp4,121,30.0,12,11,0.9167,ok,
S003_20260818_154538_23_009,ㅕ,S003/23_ㅕ/S003_20260818_154538_23_009.mp4,121,30.0,12,10,0.8333,ok,
S003_20260818_154538_23_010,ㅕ,S003/23_ㅕ/S003_20260818_154538_23_010.mp4,121,30.0,12,9,0.75,review,detection_rate_below_0.8
S003_20260818_154538_24_001,ㅗ,S003/24_ㅗ/S003_20260818_154538_24_001.mp4,121,30.0,12,11,0.9167,ok,
S003_20260818_154538_24_002,ㅗ,S003/24_ㅗ/S003_20260818_154538_24_002.mp4,121,30.0,12,9,0.75,review,detection_rate_below_0.8
S003_20260818_154538_24_003,ㅗ,S003/24_ㅗ/S003_20260818_154538_24_003.mp4,121,30.0,12,4,0.3333,review,detection_rate_below_0.8
S003_20260818_154538_24_004,ㅗ,S003/24_ㅗ/S003_20260818_154538_24_004.mp4,121,30.0,12,5,0.4167,review,detection_rate_below_0.8
S003_20260818_154538_24_005,ㅗ,S003/24_ㅗ/S003_20260818_154538_24_005.mp4,122,30.0,12,4,0.3333,review,detection_rate_below_0.8
S003_20260818_154538_24_006,ㅗ,S003/24_ㅗ/S003_20260818_154538_24_006.mp4,122,30.0,12,3,0.25,review,detection_rate_below_0.8
S003_20260818_154538_24_007,ㅗ,S003/24_ㅗ/S003_20260818_154538_24_007.mp4,121,30.0,12,8,0.6667,review,detection_rate_below_0.8
S003_20260818_154538_24_008,ㅗ,S003/24_ㅗ/S003_20260818_154538_24_008.mp4,121,30.0,12,7,0.5833,review,detection_rate_below_0.8
S003_20260818_154538_24_009,ㅗ,S003/24_ㅗ/S003_20260818_154538_24_009.mp4,121,30.0,12,7,0.5833,review,detection_rate_below_0.8
S003_20260818_154538_24_010,ㅗ,S003/24_ㅗ/S003_20260818_154538_24_010.mp4,121,30.0,12,10,0.8333,ok,
S003_20260818_154538_25_001,ㅛ,S003/25_ㅛ/S003_20260818_154538_25_001.mp4,122,30.0,12,11,0.9167,ok,
S003_20260818_154538_25_002,ㅛ,S003/25_ㅛ/S003_20260818_154538_25_002.mp4,122,30.0,12,12,1.0,ok,
S003_20260818_154538_25_003,ㅛ,S003/25_ㅛ/S003_20260818_154538_25_003.mp4,123,30.0,12,11,0.9167,ok,
S003_20260818_154538_25_004,ㅛ,S003/25_ㅛ/S003_20260818_154538_25_004.mp4,121,30.0,12,11,0.9167,ok,
S003_20260818_154538_25_005,ㅛ,S003/25_ㅛ/S003_20260818_154538_25_005.mp4,121,30.0,12,12,1.0,ok,
S003_20260818_154538_25_006,ㅛ,S003/25_ㅛ/S003_20260818_154538_25_006.mp4,122,30.0,12,12,1.0,ok,
S003_20260818_154538_25_007,ㅛ,S003/25_ㅛ/S003_20260818_154538_25_007.mp4,122,30.0,12,12,1.0,ok,
S003_20260818_154538_25_008,ㅛ,S003/25_ㅛ/S003_20260818_154538_25_008.mp4,121,30.0,12,12,1.0,ok,
S003_20260818_154538_25_009,ㅛ,S003/25_ㅛ/S003_20260818_154538_25_009.mp4,121,30.0,12,12,1.0,ok,
S003_20260818_154538_25_010,ㅛ,S003/25_ㅛ/S003_20260818_154538_25_010.mp4,122,30.0,12,8,0.6667,review,detection_rate_below_0.8
S003_20260818_154538_26_001,ㅜ,S003/26_ㅜ/S003_20260818_154538_26_001.mp4,122,30.0,12,6,0.5,review,detection_rate_below_0.8
S003_20260818_154538_26_002,ㅜ,S003/26_ㅜ/S003_20260818_154538_26_002.mp4,121,30.0,12,7,0.5833,review,detection_rate_below_0.8
S003_20260818_154538_26_003,ㅜ,S003/26_ㅜ/S003_20260818_154538_26_003.mp4,122,30.0,12,5,0.4167,review,detection_rate_below_0.8
S003_20260818_154538_26_004,ㅜ,S003/26_ㅜ/S003_20260818_154538_26_004.mp4,122,30.0,12,6,0.5,review,detection_rate_below_0.8
S003_20260818_154538_26_005,ㅜ,S003/26_ㅜ/S003_20260818_154538_26_005.mp4,120,30.0,12,5,0.4167,review,detection_rate_below_0.8
S003_20260818_154538_26_006,ㅜ,S003/26_ㅜ/S003_20260818_154538_26_006.mp4,120,30.0,12,3,0.25,review,detection_rate_below_0.8
S003_20260818_154538_26_007,ㅜ,S003/26_ㅜ/S003_20260818_154538_26_007.mp4,121,30.0,12,2,0.1667,review,detection_rate_below_0.8
S003_20260818_154538_26_008,ㅜ,S003/26_ㅜ/S003_20260818_154538_26_008.mp4,121,30.0,12,6,0.5,review,detection_rate_below_0.8
S003_20260818_154538_26_009,ㅜ,S003/26_ㅜ/S003_20260818_154538_26_009.mp4,122,30.0,12,7,0.5833,review,detection_rate_below_0.8
S003_20260818_154538_26_010,ㅜ,S003/26_ㅜ/S003_20260818_154538_26_010.mp4,122,30.0,12,5,0.4167,review,detection_rate_below_0.8
S003_20260818_154538_27_001,ㅠ,S003/27_ㅠ/S003_20260818_154538_27_001.mp4,121,30.0,12,10,0.8333,ok,
S003_20260818_154538_27_002,ㅠ,S003/27_ㅠ/S003_20260818_154538_27_002.mp4,121,30.0,12,10,0.8333,ok,
S003_20260818_154538_27_003,ㅠ,S003/27_ㅠ/S003_20260818_154538_27_003.mp4,120,30.0,12,10,0.8333,ok,
S003_20260818_154538_27_004,ㅠ,S003/27_ㅠ/S003_20260818_154538_27_004.mp4,122,30.0,12,9,0.75,review,detection_rate_below_0.8
S003_20260818_154538_27_005,ㅠ,S003/27_ㅠ/S003_20260818_154538_27_005.mp4,121,30.0,12,9,0.75,review,detection_rate_below_0.8
S003_20260818_154538_27_006,ㅠ,S003/27_ㅠ/S003_20260818_154538_27_006.mp4,122,30.0,12,9,0.75,review,detection_rate_below_0.8
S003_20260818_154538_27_007,ㅠ,S003/27_ㅠ/S003_20260818_154538_27_007.mp4,121,30.0,12,7,0.5833,review,detection_rate_below_0.8
S003_20260818_154538_27_008,ㅠ,S003/27_ㅠ/S003_20260818_154538_27_008.mp4,122,30.0,12,4,0.3333,review,detection_rate_below_0.8
S003_20260818_154538_27_009,ㅠ,S003/27_ㅠ/S003_20260818_154538_27_009.mp4,122,30.0,12,3,0.25,review,detection_rate_below_0.8
S003_20260818_154538_27_010,ㅠ,S003/27_ㅠ/S003_20260818_154538_27_010.mp4,121,30.0,12,6,0.5,review,detection_rate_below_0.8
S003_20260818_154538_28_001,ㅡ,S003/28_ㅡ/S003_20260818_154538_28_001.mp4,120,30.0,12,11,0.9167,ok,
S003_20260818_154538_28_002,ㅡ,S003/28_ㅡ/S003_20260818_154538_28_002.mp4,122,30.0,12,11,0.9167,ok,
S003_20260818_154538_28_003,ㅡ,S003/28_ㅡ/S003_20260818_154538_28_003.mp4,121,30.0,12,9,0.75,review,detection_rate_below_0.8
S003_20260818_154538_28_004,ㅡ,S003/28_ㅡ/S003_20260818_154538_28_004.mp4,122,30.0,12,11,0.9167,ok,
S003_20260818_154538_28_005,ㅡ,S003/28_ㅡ/S003_20260818_154538_28_005.mp4,121,30.0,12,10,0.8333,ok,
S003_20260818_154538_28_006,ㅡ,S003/28_ㅡ/S003_20260818_154538_28_006.mp4,121,30.0,12,10,0.8333,ok,
S003_20260818_154538_28_007,ㅡ,S003/28_ㅡ/S003_20260818_154538_28_007.mp4,120,30.0,12,11,0.9167,ok,
S003_20260818_154538_28_008,ㅡ,S003/28_ㅡ/S003_20260818_154538_28_008.mp4,121,30.0,12,11,0.9167,ok,
S003_20260818_154538_28_009,ㅡ,S003/28_ㅡ/S003_20260818_154538_28_009.mp4,122,30.0,12,10,0.8333,ok,
S003_20260818_154538_28_010,ㅡ,S003/28_ㅡ/S003_20260818_154538_28_010.mp4,121,30.0,12,9,0.75,review,detection_rate_below_0.8
S003_20260818_154538_29_001,ㅣ,S003/29_ㅣ/S003_20260818_154538_29_001.mp4,121,30.0,12,9,0.75,review,detection_rate_below_0.8
S003_20260818_154538_29_002,ㅣ,S003/29_ㅣ/S003_20260818_154538_29_002.mp4,121,30.0,12,9,0.75,review,detection_rate_below_0.8
S003_20260818_154538_29_003,ㅣ,S003/29_ㅣ/S003_20260818_154538_29_003.mp4,120,30.0,12,6,0.5,review,detection_rate_below_0.8
S003_20260818_154538_29_004,ㅣ,S003/29_ㅣ/S003_20260818_154538_29_004.mp4,120,30.0,12,11,0.9167,ok,
S003_20260818_154538_29_005,ㅣ,S003/29_ㅣ/S003_20260818_154538_29_005.mp4,121,30.0,12,10,0.8333,ok,
S003_20260818_154538_29_006,ㅣ,S003/29_ㅣ/S003_20260818_154538_29_006.mp4,121,30.0,12,5,0.4167,review,detection_rate_below_0.8
S003_20260818_154538_29_007,ㅣ,S003/29_ㅣ/S003_20260818_154538_29_007.mp4,122,30.0,12,5,0.4167,review,detection_rate_below_0.8
S003_20260818_154538_29_008,ㅣ,S003/29_ㅣ/S003_20260818_154538_29_008.mp4,121,30.0,12,8,0.6667,review,detection_rate_below_0.8
S003_20260818_154538_29_009,ㅣ,S003/29_ㅣ/S003_20260818_154538_29_009.mp4,121,30.0,12,5,0.4167,review,detection_rate_below_0.8
S003_20260818_154538_29_010,ㅣ,S003/29_ㅣ/S003_20260818_154538_29_010.mp4,122,30.0,12,5,0.4167,review,detection_rate_below_0.8
S003_20260818_154538_30_001,ㅐ,S003/30_ㅐ/S003_20260818_154538_30_001.mp4,121,30.0,12,9,0.75,review,detection_rate_below_0.8
S003_20260818_154538_30_002,ㅐ,S003/30_ㅐ/S003_20260818_154538_30_002.mp4,121,30.0,12,8,0.6667,review,detection_rate_below_0.8
S003_20260818_154538_30_003,ㅐ,S003/30_ㅐ/S003_20260818_154538_30_003.mp4,121,30.0,12,7,0.5833,review,detection_rate_below_0.8
S003_20260818_154538_30_004,ㅐ,S003/30_ㅐ/S003_20260818_154538_30_004.mp4,121,30.0,12,5,0.4167,review,detection_rate_below_0.8
S003_20260818_154538_30_005,ㅐ,S003/30_ㅐ/S003_20260818_154538_30_005.mp4,120,30.0,12,3,0.25,review,detection_rate_below_0.8
S003_20260818_154538_30_006,ㅐ,S003/30_ㅐ/S003_20260818_154538_30_006.mp4,121,30.0,12,4,0.3333,review,detection_rate_below_0.8
S003_20260818_154538_30_007,ㅐ,S003/30_ㅐ/S003_20260818_154538_30_007.mp4,122,30.0,12,8,0.6667,review,detection_rate_below_0.8
S003_20260818_154538_30_008,ㅐ,S003/30_ㅐ/S003_20260818_154538_30_008.mp4,121,30.0,12,7,0.5833,review,detection_rate_below_0.8
S003_20260818_154538_30_009,ㅐ,S003/30_ㅐ/S003_20260818_154538_30_009.mp4,121,30.0,12,6,0.5,review,detection_rate_below_0.8
S003_20260818_154538_30_010,ㅐ,S003/30_ㅐ/S003_20260818_154538_30_010.mp4,121,30.0,12,6,0.5,review,detection_rate_below_0.8
S003_20260818_154538_31_001,ㅒ,S003/31_ㅒ/S003_20260818_154538_31_001.mp4,121,30.0,12,6,0.5,review,detection_rate_below_0.8
S003_20260818_154538_31_002,ㅒ,S003/31_ㅒ/S003_20260818_154538_31_002.mp4,121,30.0,12,6,0.5,review,detection_rate_below_0.8
S003_20260818_154538_31_003,ㅒ,S003/31_ㅒ/S003_20260818_154538_31_003.mp4,121,30.0,12,8,0.6667,review,detection_rate_below_0.8
S003_20260818_154538_31_004,ㅒ,S003/31_ㅒ/S003_20260818_154538_31_004.mp4,122,30.0,12,5,0.4167,review,detection_rate_below_0.8
S003_20260818_154538_31_005,ㅒ,S003/31_ㅒ/S003_20260818_154538_31_005.mp4,122,30.0,12,9,0.75,review,detection_rate_below_0.8
S003_20260818_154538_31_006,ㅒ,S003/31_ㅒ/S003_20260818_154538_31_006.mp4,121,30.0,12,9,0.75,review,detection_rate_below_0.8
S003_20260818_154538_31_007,ㅒ,S003/31_ㅒ/S003_20260818_154538_31_007.mp4,121,30.0,12,4,0.3333,review,detection_rate_below_0.8
S003_20260818_154538_31_008,ㅒ,S003/31_ㅒ/S003_20260818_154538_31_008.mp4,120,30.0,12,5,0.4167,review,detection_rate_below_0.8
S003_20260818_154538_31_009,ㅒ,S003/31_ㅒ/S003_20260818_154538_31_009.mp4,121,30.0,12,6,0.5,review,detection_rate_below_0.8
S003_20260818_154538_31_010,ㅒ,S003/31_ㅒ/S003_20260818_154538_31_010.mp4,121,30.0,12,5,0.4167,review,detection_rate_below_0.8
S003_20260818_154538_32_001,ㅔ,S003/32_ㅔ/S003_20260818_154538_32_001.mp4,121,30.0,12,3,0.25,review,detection_rate_below_0.8
S003_20260818_154538_32_002,ㅔ,S003/32_ㅔ/S003_20260818_154538_32_002.mp4,121,30.0,12,4,0.3333,review,detection_rate_below_0.8
S003_20260818_154538_32_003,ㅔ,S003/32_ㅔ/S003_20260818_154538_32_003.mp4,121,30.0,12,2,0.1667,review,detection_rate_below_0.8
S003_20260818_154538_32_004,ㅔ,S003/32_ㅔ/S003_20260818_154538_32_004.mp4,122,30.0,12,3,0.25,review,detection_rate_below_0.8
S003_20260818_154538_32_005,ㅔ,S003/32_ㅔ/S003_20260818_154538_32_005.mp4,120,30.0,12,4,0.3333,review,detection_rate_below_0.8
S003_20260818_154538_32_006,ㅔ,S003/32_ㅔ/S003_20260818_154538_32_006.mp4,121,30.0,12,4,0.3333,review,detection_rate_below_0.8
S003_20260818_154538_32_007,ㅔ,S003/32_ㅔ/S003_20260818_154538_32_007.mp4,121,30.0,12,5,0.4167,review,detection_rate_below_0.8
S003_20260818_154538_32_008,ㅔ,S003/32_ㅔ/S003_20260818_154538_32_008.mp4,122,30.0,12,3,0.25,review,detection_rate_below_0.8
S003_20260818_154538_32_009,ㅔ,S003/32_ㅔ/S003_20260818_154538_32_009.mp4,122,30.0,12,6,0.5,review,detection_rate_below_0.8
S003_20260818_154538_32_010,ㅔ,S003/32_ㅔ/S003_20260818_154538_32_010.mp4,121,30.0,12,3,0.25,review,detection_rate_below_0.8
S003_20260818_154538_33_001,ㅖ,S003/33_ㅖ/S003_20260818_154538_33_001.mp4,122,30.0,12,4,0.3333,review,detection_rate_below_0.8
S003_20260818_154538_33_002,ㅖ,S003/33_ㅖ/S003_20260818_154538_33_002.mp4,121,30.0,12,9,0.75,review,detection_rate_below_0.8
S003_20260818_154538_33_003,ㅖ,S003/33_ㅖ/S003_20260818_154538_33_003.mp4,121,30.0,12,3,0.25,review,detection_rate_below_0.8
S003_20260818_154538_33_004,ㅖ,S003/33_ㅖ/S003_20260818_154538_33_004.mp4,121,30.0,12,4,0.3333,review,detection_rate_below_0.8
S003_20260818_154538_33_005,ㅖ,S003/33_ㅖ/S003_20260818_154538_33_005.mp4,121,30.0,12,6,0.5,review,detection_rate_below_0.8
S003_20260818_154538_33_006,ㅖ,S003/33_ㅖ/S003_20260818_154538_33_006.mp4,121,30.0,12,4,0.3333,review,detection_rate_below_0.8
S003_20260818_154538_33_007,ㅖ,S003/33_ㅖ/S003_20260818_154538_33_007.mp4,120,30.0,12,3,0.25,review,detection_rate_below_0.8
S003_20260818_154538_33_008,ㅖ,S003/33_ㅖ/S003_20260818_154538_33_008.mp4,121,30.0,12,2,0.1667,review,detection_rate_below_0.8
S003_20260818_154538_33_009,ㅖ,S003/33_ㅖ/S003_20260818_154538_33_009.mp4,121,30.0,12,3,0.25,review,detection_rate_below_0.8
S003_20260818_154538_33_010,ㅖ,S003/33_ㅖ/S003_20260818_154538_33_010.mp4,121,30.0,12,7,0.5833,review,detection_rate_below_0.8
S003_20260818_154538_34_001,ㅢ,S003/34_ㅢ/S003_20260818_154538_34_001.mp4,122,30.0,12,6,0.5,review,detection_rate_below_0.8
S003_20260818_154538_34_002,ㅢ,S003/34_ㅢ/S003_20260818_154538_34_002.mp4,121,30.0,12,11,0.9167,ok,
S003_20260818_154538_34_003,ㅢ,S003/34_ㅢ/S003_20260818_154538_34_003.mp4,122,30.0,12,9,0.75,review,detection_rate_below_0.8
S003_20260818_154538_34_004,ㅢ,S003/34_ㅢ/S003_20260818_154538_34_004.mp4,121,30.0,12,7,0.5833,review,detection_rate_below_0.8
S003_20260818_154538_34_005,ㅢ,S003/34_ㅢ/S003_20260818_154538_34_005.mp4,121,30.0,12,6,0.5,review,detection_rate_below_0.8
S003_20260818_154538_34_006,ㅢ,S003/34_ㅢ/S003_20260818_154538_34_006.mp4,121,30.0,12,7,0.5833,review,detection_rate_below_0.8
S003_20260818_154538_34_007,ㅢ,S003/34_ㅢ/S003_20260818_154538_34_007.mp4,121,30.0,12,7,0.5833,review,detection_rate_below_0.8
S003_20260818_154538_34_008,ㅢ,S003/34_ㅢ/S003_20260818_154538_34_008.mp4,121,30.0,12,7,0.5833,review,detection_rate_below_0.8
S003_20260818_154538_34_009,ㅢ,S003/34_ㅢ/S003_20260818_154538_34_009.mp4,122,30.0,12,6,0.5,review,detection_rate_below_0.8
S003_20260818_154538_34_010,ㅢ,S003/34_ㅢ/S003_20260818_154538_34_010.mp4,122,30.0,12,7,0.5833,review,detection_rate_below_0.8
S003_20260818_154538_35_001,ㅚ,S003/35_ㅚ/S003_20260818_154538_35_001.mp4,121,30.0,12,7,0.5833,review,detection_rate_below_0.8
S003_20260818_154538_35_002,ㅚ,S003/35_ㅚ/S003_20260818_154538_35_002.mp4,121,30.0,12,10,0.8333,ok,
S003_20260818_154538_35_003,ㅚ,S003/35_ㅚ/S003_20260818_154538_35_003.mp4,120,30.0,12,7,0.5833,review,detection_rate_below_0.8
S003_20260818_154538_35_004,ㅚ,S003/35_ㅚ/S003_20260818_154538_35_004.mp4,121,30.0,12,5,0.4167,review,detection_rate_below_0.8
S003_20260818_154538_35_005,ㅚ,S003/35_ㅚ/S003_20260818_154538_35_005.mp4,121,30.0,12,4,0.3333,review,detection_rate_below_0.8
S003_20260818_154538_35_006,ㅚ,S003/35_ㅚ/S003_20260818_154538_35_006.mp4,121,30.0,12,7,0.5833,review,detection_rate_below_0.8
S003_20260818_154538_35_007,ㅚ,S003/35_ㅚ/S003_20260818_154538_35_007.mp4,121,30.0,12,9,0.75,review,detection_rate_below_0.8
S003_20260818_154538_35_008,ㅚ,S003/35_ㅚ/S003_20260818_154538_35_008.mp4,121,30.0,12,8,0.6667,review,detection_rate_below_0.8
S003_20260818_154538_35_009,ㅚ,S003/35_ㅚ/S003_20260818_154538_35_009.mp4,121,30.0,12,7,0.5833,review,detection_rate_below_0.8
S003_20260818_154538_35_010,ㅚ,S003/35_ㅚ/S003_20260818_154538_35_010.mp4,121,30.0,12,5,0.4167,review,detection_rate_below_0.8
S003_20260818_154538_36_001,ㅟ,S003/36_ㅟ/S003_20260818_154538_36_001.mp4,121,30.0,12,7,0.5833,review,detection_rate_below_0.8
S003_20260818_154538_36_002,ㅟ,S003/36_ㅟ/S003_20260818_154538_36_002.mp4,121,30.0,12,8,0.6667,review,detection_rate_below_0.8
S003_20260818_154538_36_003,ㅟ,S003/36_ㅟ/S003_20260818_154538_36_003.mp4,121,30.0,12,8,0.6667,review,detection_rate_below_0.8
S003_20260818_154538_36_004,ㅟ,S003/36_ㅟ/S003_20260818_154538_36_004.mp4,121,30.0,12,11,0.9167,ok,
S003_20260818_154538_36_005,ㅟ,S003/36_ㅟ/S003_20260818_154538_36_005.mp4,121,30.0,12,9,0.75,review,detection_rate_below_0.8
S003_20260818_154538_36_006,ㅟ,S003/36_ㅟ/S003_20260818_154538_36_006.mp4,122,30.0,12,8,0.6667,review,detection_rate_below_0.8
S003_20260818_154538_36_007,ㅟ,S003/36_ㅟ/S003_20260818_154538_36_007.mp4,121,30.0,12,9,0.75,review,detection_rate_below_0.8
S003_20260818_154538_36_008,ㅟ,S003/36_ㅟ/S003_20260818_154538_36_008.mp4,121,30.0,12,8,0.6667,review,detection_rate_below_0.8
S003_20260818_154538_36_009,ㅟ,S003/36_ㅟ/S003_20260818_154538_36_009.mp4,122,30.0,12,9,0.75,review,detection_rate_below_0.8
S003_20260818_154538_36_010,ㅟ,S003/36_ㅟ/S003_20260818_154538_36_010.mp4,121,30.0,12,8,0.6667,review,detection_rate_below_0.8
S004_20260820_184432_01_001,ㄱ,S004/01_ㄱ/S004_20260820_184432_01_001.mp4,122,30.0,12,12,1.0,ok,
S004_20260820_184432_01_002,ㄱ,S004/01_ㄱ/S004_20260820_184432_01_002.mp4,121,30.0,12,12,1.0,ok,
S004_20260820_184432_01_003,ㄱ,S004/01_ㄱ/S004_20260820_184432_01_003.mp4,121,30.0,12,12,1.0,ok,
S004_20260820_184432_01_004,ㄱ,S004/01_ㄱ/S004_20260820_184432_01_004.mp4,121,30.0,12,12,1.0,ok,
S004_20260820_184432_01_005,ㄱ,S004/01_ㄱ/S004_20260820_184432_01_005.mp4,122,30.0,12,12,1.0,ok,
S004_20260820_184432_01_006,ㄱ,S004/01_ㄱ/S004_20260820_184432_01_006.mp4,121,30.0,12,12,1.0,ok,
S004_20260820_184432_01_007,ㄱ,S004/01_ㄱ/S004_20260820_184432_01_007.mp4,121,30.0,12,12,1.0,ok,
S004_20260820_184432_01_008,ㄱ,S004/01_ㄱ/S004_20260820_184432_01_008.mp4,121,30.0,12,12,1.0,ok,
S004_20260820_184432_01_009,ㄱ,S004/01_ㄱ/S004_20260820_184432_01_009.mp4,121,30.0,12,12,1.0,ok,
S004_20260820_184432_01_010,ㄱ,S004/01_ㄱ/S004_20260820_184432_01_010.mp4,121,30.0,12,12,1.0,ok,
S004_20260820_184432_02_001,ㄴ,S004/02_ㄴ/S004_20260820_184432_02_001.mp4,121,30.0,12,12,1.0,ok,
S004_20260820_184432_02_002,ㄴ,S004/02_ㄴ/S004_20260820_184432_02_002.mp4,121,30.0,12,12,1.0,ok,
S004_20260820_184432_02_003,ㄴ,S004/02_ㄴ/S004_20260820_184432_02_003.mp4,122,30.0,12,12,1.0,ok,
S004_20260820_184432_02_004,ㄴ,S004/02_ㄴ/S004_20260820_184432_02_004.mp4,121,30.0,12,12,1.0,ok,
S004_20260820_184432_02_005,ㄴ,S004/02_ㄴ/S004_20260820_184432_02_005.mp4,121,30.0,12,12,1.0,ok,
S004_20260820_184432_02_006,ㄴ,S004/02_ㄴ/S004_20260820_184432_02_006.mp4,121,30.0,12,12,1.0,ok,
S004_20260820_184432_02_007,ㄴ,S004/02_ㄴ/S004_20260820_184432_02_007.mp4,122,30.0,12,12,1.0,ok,
S004_20260820_184432_02_008,ㄴ,S004/02_ㄴ/S004_20260820_184432_02_008.mp4,120,30.0,12,12,1.0,ok,
S004_20260820_184432_02_009,ㄴ,S004/02_ㄴ/S004_20260820_184432_02_009.mp4,122,30.0,12,12,1.0,ok,
S004_20260820_184432_02_010,ㄴ,S004/02_ㄴ/S004_20260820_184432_02_010.mp4,122,30.0,12,12,1.0,ok,
S004_20260820_184432_03_001,ㄷ,S004/03_ㄷ/S004_20260820_184432_03_001.mp4,121,30.0,12,12,1.0,ok,
S004_20260820_184432_03_002,ㄷ,S004/03_ㄷ/S004_20260820_184432_03_002.mp4,122,30.0,12,12,1.0,ok,
S004_20260820_184432_03_003,ㄷ,S004/03_ㄷ/S004_20260820_184432_03_003.mp4,121,30.0,12,12,1.0,ok,
S004_20260820_184432_03_004,ㄷ,S004/03_ㄷ/S004_20260820_184432_03_004.mp4,121,30.0,12,12,1.0,ok,
S004_20260820_184432_03_005,ㄷ,S004/03_ㄷ/S004_20260820_184432_03_005.mp4,121,30.0,12,12,1.0,ok,
S004_20260820_184432_03_006,ㄷ,S004/03_ㄷ/S004_20260820_184432_03_006.mp4,121,30.0,12,12,1.0,ok,
S004_20260820_184432_03_007,ㄷ,S004/03_ㄷ/S004_20260820_184432_03_007.mp4,122,30.0,12,12,1.0,ok,
S004_20260820_184432_03_008,ㄷ,S004/03_ㄷ/S004_20260820_184432_03_008.mp4,122,30.0,12,12,1.0,ok,
S004_20260820_184432_03_009,ㄷ,S004/03_ㄷ/S004_20260820_184432_03_009.mp4,121,30.0,12,12,1.0,ok,
S004_20260820_184432_03_010,ㄷ,S004/03_ㄷ/S004_20260820_184432_03_010.mp4,121,30.0,12,12,1.0,ok,
S004_20260820_184432_04_001,ㄹ,S004/04_ㄹ/S004_20260820_184432_04_001.mp4,121,30.0,12,12,1.0,ok,
S004_20260820_184432_04_002,ㄹ,S004/04_ㄹ/S004_20260820_184432_04_002.mp4,121,30.0,12,12,1.0,ok,
S004_20260820_184432_04_003,ㄹ,S004/04_ㄹ/S004_20260820_184432_04_003.mp4,121,30.0,12,12,1.0,ok,
S004_20260820_184432_04_004,ㄹ,S004/04_ㄹ/S004_20260820_184432_04_004.mp4,121,30.0,12,12,1.0,ok,
S004_20260820_184432_04_005,ㄹ,S004/04_ㄹ/S004_20260820_184432_04_005.mp4,121,30.0,12,12,1.0,ok,
S004_20260820_184432_04_006,ㄹ,S004/04_ㄹ/S004_20260820_184432_04_006.mp4,121,30.0,12,12,1.0,ok,
S004_20260820_184432_04_007,ㄹ,S004/04_ㄹ/S004_20260820_184432_04_007.mp4,122,30.0,12,12,1.0,ok,
S004_20260820_184432_04_008,ㄹ,S004/04_ㄹ/S004_20260820_184432_04_008.mp4,121,30.0,12,12,1.0,ok,
S004_20260820_184432_04_009,ㄹ,S004/04_ㄹ/S004_20260820_184432_04_009.mp4,121,30.0,12,12,1.0,ok,
S004_20260820_184432_04_010,ㄹ,S004/04_ㄹ/S004_20260820_184432_04_010.mp4,122,30.0,12,12,1.0,ok,
S004_20260820_184432_05_001,ㅁ,S004/05_ㅁ/S004_20260820_184432_05_001.mp4,121,30.0,12,12,1.0,ok,
S004_20260820_184432_05_002,ㅁ,S004/05_ㅁ/S004_20260820_184432_05_002.mp4,121,30.0,12,12,1.0,ok,
S004_20260820_184432_05_003,ㅁ,S004/05_ㅁ/S004_20260820_184432_05_003.mp4,121,30.0,12,12,1.0,ok,
S004_20260820_184432_05_004,ㅁ,S004/05_ㅁ/S004_20260820_184432_05_004.mp4,121,30.0,12,12,1.0,ok,
S004_20260820_184432_05_005,ㅁ,S004/05_ㅁ/S004_20260820_184432_05_005.mp4,121,30.0,12,12,1.0,ok,
S004_20260820_184432_05_006,ㅁ,S004/05_ㅁ/S004_20260820_184432_05_006.mp4,121,30.0,12,12,1.0,ok,
S004_20260820_184432_05_007,ㅁ,S004/05_ㅁ/S004_20260820_184432_05_007.mp4,122,30.0,12,12,1.0,ok,
S004_20260820_184432_05_008,ㅁ,S004/05_ㅁ/S004_20260820_184432_05_008.mp4,121,30.0,12,12,1.0,ok,
S004_20260820_184432_05_009,ㅁ,S004/05_ㅁ/S004_20260820_184432_05_009.mp4,121,30.0,12,12,1.0,ok,
S004_20260820_184432_05_010,ㅁ,S004/05_ㅁ/S004_20260820_184432_05_010.mp4,122,30.0,12,12,1.0,ok,
S004_20260820_184432_06_001,ㅂ,S004/06_ㅂ/S004_20260820_184432_06_001.mp4,121,30.0,12,12,1.0,ok,
S004_20260820_184432_06_002,ㅂ,S004/06_ㅂ/S004_20260820_184432_06_002.mp4,121,30.0,12,12,1.0,ok,
S004_20260820_184432_06_003,ㅂ,S004/06_ㅂ/S004_20260820_184432_06_003.mp4,122,30.0,12,12,1.0,ok,
S004_20260820_184432_06_004,ㅂ,S004/06_ㅂ/S004_20260820_184432_06_004.mp4,121,30.0,12,12,1.0,ok,
S004_20260820_184432_06_005,ㅂ,S004/06_ㅂ/S004_20260820_184432_06_005.mp4,122,30.0,12,12,1.0,ok,
S004_20260820_184432_06_006,ㅂ,S004/06_ㅂ/S004_20260820_184432_06_006.mp4,122,30.0,12,12,1.0,ok,
S004_20260820_184432_06_007,ㅂ,S004/06_ㅂ/S004_20260820_184432_06_007.mp4,121,30.0,12,12,1.0,ok,
S004_20260820_184432_06_008,ㅂ,S004/06_ㅂ/S004_20260820_184432_06_008.mp4,122,30.0,12,12,1.0,ok,
S004_20260820_184432_06_009,ㅂ,S004/06_ㅂ/S004_20260820_184432_06_009.mp4,121,30.0,12,12,1.0,ok,
S004_20260820_184432_06_010,ㅂ,S004/06_ㅂ/S004_20260820_184432_06_010.mp4,122,30.0,12,12,1.0,ok,
S004_20260820_184432_07_001,ㅅ,S004/07_ㅅ/S004_20260820_184432_07_001.mp4,121,30.0,12,12,1.0,ok,
S004_20260820_184432_07_002,ㅅ,S004/07_ㅅ/S004_20260820_184432_07_002.mp4,121,30.0,12,12,1.0,ok,
S004_20260820_184432_07_003,ㅅ,S004/07_ㅅ/S004_20260820_184432_07_003.mp4,121,30.0,12,12,1.0,ok,
S004_20260820_184432_07_004,ㅅ,S004/07_ㅅ/S004_20260820_184432_07_004.mp4,122,30.0,12,12,1.0,ok,
S004_20260820_184432_07_005,ㅅ,S004/07_ㅅ/S004_20260820_184432_07_005.mp4,121,30.0,12,12,1.0,ok,
S004_20260820_184432_07_006,ㅅ,S004/07_ㅅ/S004_20260820_184432_07_006.mp4,121,30.0,12,12,1.0,ok,
S004_20260820_184432_07_007,ㅅ,S004/07_ㅅ/S004_20260820_184432_07_007.mp4,121,30.0,12,12,1.0,ok,
S004_20260820_184432_07_008,ㅅ,S004/07_ㅅ/S004_20260820_184432_07_008.mp4,121,30.0,12,12,1.0,ok,
S004_20260820_184432_07_009,ㅅ,S004/07_ㅅ/S004_20260820_184432_07_009.mp4,121,30.0,12,12,1.0,ok,
S004_20260820_184432_07_010,ㅅ,S004/07_ㅅ/S004_20260820_184432_07_010.mp4,121,30.0,12,12,1.0,ok,
S004_20260820_184432_08_001,ㅇ,S004/08_ㅇ/S004_20260820_184432_08_001.mp4,121,30.0,12,12,1.0,ok,
S004_20260820_184432_08_002,ㅇ,S004/08_ㅇ/S004_20260820_184432_08_002.mp4,121,30.0,12,12,1.0,ok,
S004_20260820_184432_08_003,ㅇ,S004/08_ㅇ/S004_20260820_184432_08_003.mp4,122,30.0,12,12,1.0,ok,
S004_20260820_184432_08_004,ㅇ,S004/08_ㅇ/S004_20260820_184432_08_004.mp4,121,30.0,12,12,1.0,ok,
S004_20260820_184432_08_005,ㅇ,S004/08_ㅇ/S004_20260820_184432_08_005.mp4,121,30.0,12,12,1.0,ok,
S004_20260820_184432_08_006,ㅇ,S004/08_ㅇ/S004_20260820_184432_08_006.mp4,121,30.0,12,12,1.0,ok,
S004_20260820_184432_08_007,ㅇ,S004/08_ㅇ/S004_20260820_184432_08_007.mp4,122,30.0,12,12,1.0,ok,
S004_20260820_184432_08_008,ㅇ,S004/08_ㅇ/S004_20260820_184432_08_008.mp4,121,30.0,12,12,1.0,ok,
S004_20260820_184432_08_009,ㅇ,S004/08_ㅇ/S004_20260820_184432_08_009.mp4,122,30.0,12,12,1.0,ok,
S004_20260820_184432_08_010,ㅇ,S004/08_ㅇ/S004_20260820_184432_08_010.mp4,121,30.0,12,12,1.0,ok,
S004_20260820_190636_09_001,ㅈ,S004/09_ㅈ/S004_20260820_190636_09_001.mp4,121,30.0,12,12,1.0,ok,
S004_20260820_190636_09_002,ㅈ,S004/09_ㅈ/S004_20260820_190636_09_002.mp4,122,30.0,12,12,1.0,ok,
S004_20260820_190636_09_003,ㅈ,S004/09_ㅈ/S004_20260820_190636_09_003.mp4,122,30.0,12,12,1.0,ok,
S004_20260820_190636_09_004,ㅈ,S004/09_ㅈ/S004_20260820_190636_09_004.mp4,121,30.0,12,12,1.0,ok,
S004_20260820_190636_09_005,ㅈ,S004/09_ㅈ/S004_20260820_190636_09_005.mp4,121,30.0,12,12,1.0,ok,
S004_20260820_190636_09_006,ㅈ,S004/09_ㅈ/S004_20260820_190636_09_006.mp4,122,30.0,12,12,1.0,ok,
S004_20260820_190636_09_007,ㅈ,S004/09_ㅈ/S004_20260820_190636_09_007.mp4,121,30.0,12,12,1.0,ok,
S004_20260820_190636_09_008,ㅈ,S004/09_ㅈ/S004_20260820_190636_09_008.mp4,121,30.0,12,12,1.0,ok,
S004_20260820_190636_09_009,ㅈ,S004/09_ㅈ/S004_20260820_190636_09_009.mp4,121,30.0,12,12,1.0,ok,
S004_20260820_190636_09_010,ㅈ,S004/09_ㅈ/S004_20260820_190636_09_010.mp4,121,30.0,12,12,1.0,ok,
S004_20260820_190636_10_001,ㅊ,S004/10_ㅊ/S004_20260820_190636_10_001.mp4,121,30.0,12,12,1.0,ok,
S004_20260820_190636_10_002,ㅊ,S004/10_ㅊ/S004_20260820_190636_10_002.mp4,121,30.0,12,12,1.0,ok,
S004_20260820_190636_10_003,ㅊ,S004/10_ㅊ/S004_20260820_190636_10_003.mp4,122,30.0,12,12,1.0,ok,
S004_20260820_190636_10_004,ㅊ,S004/10_ㅊ/S004_20260820_190636_10_004.mp4,121,30.0,12,12,1.0,ok,
S004_20260820_190636_10_005,ㅊ,S004/10_ㅊ/S004_20260820_190636_10_005.mp4,121,30.0,12,12,1.0,ok,
S004_20260820_190636_10_006,ㅊ,S004/10_ㅊ/S004_20260820_190636_10_006.mp4,121,30.0,12,12,1.0,ok,
S004_20260820_190636_10_007,ㅊ,S004/10_ㅊ/S004_20260820_190636_10_007.mp4,121,30.0,12,12,1.0,ok,
S004_20260820_190636_10_008,ㅊ,S004/10_ㅊ/S004_20260820_190636_10_008.mp4,121,30.0,12,12,1.0,ok,
S004_20260820_190636_10_009,ㅊ,S004/10_ㅊ/S004_20260820_190636_10_009.mp4,121,30.0,12,12,1.0,ok,
S004_20260820_190636_10_010,ㅊ,S004/10_ㅊ/S004_20260820_190636_10_010.mp4,121,30.0,12,12,1.0,ok,
S004_20260820_190636_11_001,ㅋ,S004/11_ㅋ/S004_20260820_190636_11_001.mp4,121,30.0,12,12,1.0,ok,
S004_20260820_190636_11_002,ㅋ,S004/11_ㅋ/S004_20260820_190636_11_002.mp4,121,30.0,12,12,1.0,ok,
S004_20260820_190636_11_003,ㅋ,S004/11_ㅋ/S004_20260820_190636_11_003.mp4,121,30.0,12,12,1.0,ok,
S004_20260820_190636_11_004,ㅋ,S004/11_ㅋ/S004_20260820_190636_11_004.mp4,121,30.0,12,12,1.0,ok,
S004_20260820_190636_11_005,ㅋ,S004/11_ㅋ/S004_20260820_190636_11_005.mp4,122,30.0,12,12,1.0,ok,
S004_20260820_190636_11_006,ㅋ,S004/11_ㅋ/S004_20260820_190636_11_006.mp4,122,30.0,12,12,1.0,ok,
S004_20260820_190636_11_007,ㅋ,S004/11_ㅋ/S004_20260820_190636_11_007.mp4,122,30.0,12,12,1.0,ok,
S004_20260820_190636_11_008,ㅋ,S004/11_ㅋ/S004_20260820_190636_11_008.mp4,121,30.0,12,12,1.0,ok,
S004_20260820_190636_11_009,ㅋ,S004/11_ㅋ/S004_20260820_190636_11_009.mp4,122,30.0,12,12,1.0,ok,
S004_20260820_190636_11_010,ㅋ,S004/11_ㅋ/S004_20260820_190636_11_010.mp4,121,30.0,12,12,1.0,ok,
S004_20260820_190636_12_001,ㅌ,S004/12_ㅌ/S004_20260820_190636_12_001.mp4,121,30.0,12,12,1.0,ok,
S004_20260820_190636_12_002,ㅌ,S004/12_ㅌ/S004_20260820_190636_12_002.mp4,121,30.0,12,12,1.0,ok,
S004_20260820_190636_12_003,ㅌ,S004/12_ㅌ/S004_20260820_190636_12_003.mp4,122,30.0,12,12,1.0,ok,
S004_20260820_190636_12_004,ㅌ,S004/12_ㅌ/S004_20260820_190636_12_004.mp4,121,30.0,12,12,1.0,ok,
S004_20260820_190636_12_005,ㅌ,S004/12_ㅌ/S004_20260820_190636_12_005.mp4,121,30.0,12,12,1.0,ok,
S004_20260820_190636_12_006,ㅌ,S004/12_ㅌ/S004_20260820_190636_12_006.mp4,121,30.0,12,12,1.0,ok,
S004_20260820_190636_12_007,ㅌ,S004/12_ㅌ/S004_20260820_190636_12_007.mp4,121,30.0,12,12,1.0,ok,
S004_20260820_190636_12_008,ㅌ,S004/12_ㅌ/S004_20260820_190636_12_008.mp4,121,30.0,12,12,1.0,ok,
S004_20260820_190636_12_009,ㅌ,S004/12_ㅌ/S004_20260820_190636_12_009.mp4,122,30.0,12,12,1.0,ok,
S004_20260820_190636_12_010,ㅌ,S004/12_ㅌ/S004_20260820_190636_12_010.mp4,121,30.0,12,12,1.0,ok,
S004_20260820_190636_13_001,ㅍ,S004/13_ㅍ/S004_20260820_190636_13_001.mp4,121,30.0,12,12,1.0,ok,
S004_20260820_190636_13_002,ㅍ,S004/13_ㅍ/S004_20260820_190636_13_002.mp4,121,30.0,12,12,1.0,ok,
S004_20260820_190636_13_003,ㅍ,S004/13_ㅍ/S004_20260820_190636_13_003.mp4,121,30.0,12,12,1.0,ok,
S004_20260820_190636_13_004,ㅍ,S004/13_ㅍ/S004_20260820_190636_13_004.mp4,121,30.0,12,12,1.0,ok,
S004_20260820_190636_13_005,ㅍ,S004/13_ㅍ/S004_20260820_190636_13_005.mp4,121,30.0,12,12,1.0,ok,
S004_20260820_190636_13_006,ㅍ,S004/13_ㅍ/S004_20260820_190636_13_006.mp4,121,30.0,12,12,1.0,ok,
S004_20260820_190636_13_007,ㅍ,S004/13_ㅍ/S004_20260820_190636_13_007.mp4,122,30.0,12,12,1.0,ok,
S004_20260820_190636_13_008,ㅍ,S004/13_ㅍ/S004_20260820_190636_13_008.mp4,121,30.0,12,12,1.0,ok,
S004_20260820_190636_13_009,ㅍ,S004/13_ㅍ/S004_20260820_190636_13_009.mp4,122,30.0,12,12,1.0,ok,
S004_20260820_190636_13_010,ㅍ,S004/13_ㅍ/S004_20260820_190636_13_010.mp4,121,30.0,12,12,1.0,ok,
S004_20260820_190636_14_001,ㅎ,S004/14_ㅎ/S004_20260820_190636_14_001.mp4,121,30.0,12,12,1.0,ok,
S004_20260820_190636_14_002,ㅎ,S004/14_ㅎ/S004_20260820_190636_14_002.mp4,121,30.0,12,12,1.0,ok,
S004_20260820_190636_14_003,ㅎ,S004/14_ㅎ/S004_20260820_190636_14_003.mp4,121,30.0,12,12,1.0,ok,
S004_20260820_190636_14_004,ㅎ,S004/14_ㅎ/S004_20260820_190636_14_004.mp4,121,30.0,12,12,1.0,ok,
S004_20260820_190636_14_005,ㅎ,S004/14_ㅎ/S004_20260820_190636_14_005.mp4,122,30.0,12,12,1.0,ok,
S004_20260820_190636_14_006,ㅎ,S004/14_ㅎ/S004_20260820_190636_14_006.mp4,122,30.0,12,12,1.0,ok,
S004_20260820_190636_14_007,ㅎ,S004/14_ㅎ/S004_20260820_190636_14_007.mp4,121,30.0,12,12,1.0,ok,
S004_20260820_190636_14_008,ㅎ,S004/14_ㅎ/S004_20260820_190636_14_008.mp4,121,30.0,12,12,1.0,ok,
S004_20260820_190636_14_009,ㅎ,S004/14_ㅎ/S004_20260820_190636_14_009.mp4,121,30.0,12,12,1.0,ok,
S004_20260820_190636_14_010,ㅎ,S004/14_ㅎ/S004_20260820_190636_14_010.mp4,121,30.0,12,12,1.0,ok,
S004_20260820_190636_20_001,ㅏ,S004/20_ㅏ/S004_20260820_190636_20_001.mp4,121,30.0,12,12,1.0,ok,
S004_20260820_190636_20_002,ㅏ,S004/20_ㅏ/S004_20260820_190636_20_002.mp4,122,30.0,12,12,1.0,ok,
S004_20260820_190636_20_003,ㅏ,S004/20_ㅏ/S004_20260820_190636_20_003.mp4,121,30.0,12,12,1.0,ok,
S004_20260820_190636_20_004,ㅏ,S004/20_ㅏ/S004_20260820_190636_20_004.mp4,122,30.0,12,12,1.0,ok,
S004_20260820_190636_20_005,ㅏ,S004/20_ㅏ/S004_20260820_190636_20_005.mp4,122,30.0,12,12,1.0,ok,
S004_20260820_190636_20_006,ㅏ,S004/20_ㅏ/S004_20260820_190636_20_006.mp4,121,30.0,12,12,1.0,ok,
S004_20260820_190636_20_007,ㅏ,S004/20_ㅏ/S004_20260820_190636_20_007.mp4,121,30.0,12,12,1.0,ok,
S004_20260820_190636_20_008,ㅏ,S004/20_ㅏ/S004_20260820_190636_20_008.mp4,121,30.0,12,12,1.0,ok,
S004_20260820_190636_20_009,ㅏ,S004/20_ㅏ/S004_20260820_190636_20_009.mp4,121,30.0,12,12,1.0,ok,
S004_20260820_190636_20_010,ㅏ,S004/20_ㅏ/S004_20260820_190636_20_010.mp4,122,30.0,12,12,1.0,ok,
S004_20260820_190636_21_001,ㅑ,S004/21_ㅑ/S004_20260820_190636_21_001.mp4,122,30.0,12,12,1.0,ok,
S004_20260820_190636_21_002,ㅑ,S004/21_ㅑ/S004_20260820_190636_21_002.mp4,121,30.0,12,12,1.0,ok,
S004_20260820_190636_21_003,ㅑ,S004/21_ㅑ/S004_20260820_190636_21_003.mp4,121,30.0,12,12,1.0,ok,
S004_20260820_190636_21_004,ㅑ,S004/21_ㅑ/S004_20260820_190636_21_004.mp4,122,30.0,12,12,1.0,ok,
S004_20260820_190636_21_005,ㅑ,S004/21_ㅑ/S004_20260820_190636_21_005.mp4,121,30.0,12,12,1.0,ok,
S004_20260820_190636_21_006,ㅑ,S004/21_ㅑ/S004_20260820_190636_21_006.mp4,121,30.0,12,12,1.0,ok,
S004_20260820_190636_21_007,ㅑ,S004/21_ㅑ/S004_20260820_190636_21_007.mp4,121,30.0,12,12,1.0,ok,
S004_20260820_190636_21_008,ㅑ,S004/21_ㅑ/S004_20260820_190636_21_008.mp4,121,30.0,12,12,1.0,ok,
S004_20260820_190636_21_009,ㅑ,S004/21_ㅑ/S004_20260820_190636_21_009.mp4,121,30.0,12,12,1.0,ok,
S004_20260820_190636_21_010,ㅑ,S004/21_ㅑ/S004_20260820_190636_21_010.mp4,121,30.0,12,12,1.0,ok,
S004_20260820_190636_22_001,ㅓ,S004/22_ㅓ/S004_20260820_190636_22_001.mp4,122,30.0,12,12,1.0,ok,
S004_20260820_190636_22_002,ㅓ,S004/22_ㅓ/S004_20260820_190636_22_002.mp4,121,30.0,12,12,1.0,ok,
S004_20260820_190636_22_003,ㅓ,S004/22_ㅓ/S004_20260820_190636_22_003.mp4,121,30.0,12,12,1.0,ok,
S004_20260820_190636_22_004,ㅓ,S004/22_ㅓ/S004_20260820_190636_22_004.mp4,121,30.0,12,12,1.0,ok,
S004_20260820_190636_22_005,ㅓ,S004/22_ㅓ/S004_20260820_190636_22_005.mp4,121,30.0,12,12,1.0,ok,
S004_20260820_190636_22_006,ㅓ,S004/22_ㅓ/S004_20260820_190636_22_006.mp4,121,30.0,12,12,1.0,ok,
S004_20260820_190636_22_007,ㅓ,S004/22_ㅓ/S004_20260820_190636_22_007.mp4,121,30.0,12,10,0.8333,ok,
S004_20260820_190636_22_008,ㅓ,S004/22_ㅓ/S004_20260820_190636_22_008.mp4,121,30.0,12,12,1.0,ok,
S004_20260820_190636_22_009,ㅓ,S004/22_ㅓ/S004_20260820_190636_22_009.mp4,121,30.0,12,12,1.0,ok,
S004_20260820_190636_22_010,ㅓ,S004/22_ㅓ/S004_20260820_190636_22_010.mp4,122,30.0,12,12,1.0,ok,
S004_20260820_190636_23_001,ㅕ,S004/23_ㅕ/S004_20260820_190636_23_001.mp4,121,30.0,12,12,1.0,ok,
S004_20260820_190636_23_002,ㅕ,S004/23_ㅕ/S004_20260820_190636_23_002.mp4,122,30.0,12,12,1.0,ok,
S004_20260820_190636_23_003,ㅕ,S004/23_ㅕ/S004_20260820_190636_23_003.mp4,122,30.0,12,12,1.0,ok,
S004_20260820_190636_23_004,ㅕ,S004/23_ㅕ/S004_20260820_190636_23_004.mp4,122,30.0,12,12,1.0,ok,
S004_20260820_190636_23_005,ㅕ,S004/23_ㅕ/S004_20260820_190636_23_005.mp4,121,30.0,12,11,0.9167,ok,
S004_20260820_190636_23_006,ㅕ,S004/23_ㅕ/S004_20260820_190636_23_006.mp4,121,30.0,12,12,1.0,ok,
S004_20260820_190636_23_007,ㅕ,S004/23_ㅕ/S004_20260820_190636_23_007.mp4,122,30.0,12,12,1.0,ok,
S004_20260820_190636_23_008,ㅕ,S004/23_ㅕ/S004_20260820_190636_23_008.mp4,121,30.0,12,12,1.0,ok,
S004_20260820_190636_23_009,ㅕ,S004/23_ㅕ/S004_20260820_190636_23_009.mp4,121,30.0,12,12,1.0,ok,
S004_20260820_190636_23_010,ㅕ,S004/23_ㅕ/S004_20260820_190636_23_010.mp4,121,30.0,12,12,1.0,ok,
S004_20260820_190636_24_001,ㅗ,S004/24_ㅗ/S004_20260820_190636_24_001.mp4,109,30.0,12,12,1.0,ok,
S004_20260820_190636_24_002,ㅗ,S004/24_ㅗ/S004_20260820_190636_24_002.mp4,121,30.0,12,12,1.0,ok,
S004_20260820_190636_24_003,ㅗ,S004/24_ㅗ/S004_20260820_190636_24_003.mp4,121,30.0,12,12,1.0,ok,
S004_20260820_190636_24_004,ㅗ,S004/24_ㅗ/S004_20260820_190636_24_004.mp4,122,30.0,12,12,1.0,ok,
S004_20260820_190636_24_005,ㅗ,S004/24_ㅗ/S004_20260820_190636_24_005.mp4,121,30.0,12,12,1.0,ok,
S004_20260820_190636_24_006,ㅗ,S004/24_ㅗ/S004_20260820_190636_24_006.mp4,122,30.0,12,11,0.9167,ok,
S004_20260820_190636_24_007,ㅗ,S004/24_ㅗ/S004_20260820_190636_24_007.mp4,122,30.0,12,12,1.0,ok,
S004_20260820_190636_24_008,ㅗ,S004/24_ㅗ/S004_20260820_190636_24_008.mp4,120,30.0,12,12,1.0,ok,
S004_20260820_190636_24_009,ㅗ,S004/24_ㅗ/S004_20260820_190636_24_009.mp4,122,30.0,12,12,1.0,ok,
S004_20260820_190636_24_010,ㅗ,S004/24_ㅗ/S004_20260820_190636_24_010.mp4,121,30.0,12,11,0.9167,ok,
S004_20260820_190636_25_001,ㅛ,S004/25_ㅛ/S004_20260820_190636_25_001.mp4,122,30.0,12,12,1.0,ok,
S004_20260820_190636_25_002,ㅛ,S004/25_ㅛ/S004_20260820_190636_25_002.mp4,121,30.0,12,12,1.0,ok,
S004_20260820_190636_25_003,ㅛ,S004/25_ㅛ/S004_20260820_190636_25_003.mp4,121,30.0,12,12,1.0,ok,
S004_20260820_190636_25_004,ㅛ,S004/25_ㅛ/S004_20260820_190636_25_004.mp4,122,30.0,12,12,1.0,ok,
S004_20260820_190636_25_005,ㅛ,S004/25_ㅛ/S004_20260820_190636_25_005.mp4,121,30.0,12,12,1.0,ok,
S004_20260820_190636_25_006,ㅛ,S004/25_ㅛ/S004_20260820_190636_25_006.mp4,122,30.0,12,12,1.0,ok,
S004_20260820_190636_25_007,ㅛ,S004/25_ㅛ/S004_20260820_190636_25_007.mp4,122,30.0,12,12,1.0,ok,
S004_20260820_190636_25_008,ㅛ,S004/25_ㅛ/S004_20260820_190636_25_008.mp4,121,30.0,12,12,1.0,ok,
S004_20260820_190636_25_009,ㅛ,S004/25_ㅛ/S004_20260820_190636_25_009.mp4,122,30.0,12,12,1.0,ok,
S004_20260820_190636_25_010,ㅛ,S004/25_ㅛ/S004_20260820_190636_25_010.mp4,121,30.0,12,12,1.0,ok,
S004_20260820_190636_26_001,ㅜ,S004/26_ㅜ/S004_20260820_190636_26_001.mp4,121,30.0,12,8,0.6667,review,detection_rate_below_0.8
S004_20260820_190636_26_002,ㅜ,S004/26_ㅜ/S004_20260820_190636_26_002.mp4,122,30.0,12,12,1.0,ok,
S004_20260820_190636_26_003,ㅜ,S004/26_ㅜ/S004_20260820_190636_26_003.mp4,121,30.0,12,11,0.9167,ok,
S004_20260820_190636_26_004,ㅜ,S004/26_ㅜ/S004_20260820_190636_26_004.mp4,122,30.0,12,11,0.9167,ok,
S004_20260820_190636_26_005,ㅜ,S004/26_ㅜ/S004_20260820_190636_26_005.mp4,121,30.0,12,11,0.9167,ok,
S004_20260820_190636_26_006,ㅜ,S004/26_ㅜ/S004_20260820_190636_26_006.mp4,121,30.0,12,12,1.0,ok,
S004_20260820_190636_26_007,ㅜ,S004/26_ㅜ/S004_20260820_190636_26_007.mp4,121,30.0,12,12,1.0,ok,
S004_20260820_190636_26_008,ㅜ,S004/26_ㅜ/S004_20260820_190636_26_008.mp4,122,30.0,12,12,1.0,ok,
S004_20260820_190636_26_009,ㅜ,S004/26_ㅜ/S004_20260820_190636_26_009.mp4,122,30.0,12,12,1.0,ok,
S004_20260820_190636_26_010,ㅜ,S004/26_ㅜ/S004_20260820_190636_26_010.mp4,121,30.0,12,12,1.0,ok,
S004_20260820_190636_27_001,ㅠ,S004/27_ㅠ/S004_20260820_190636_27_001.mp4,121,30.0,12,11,0.9167,ok,
S004_20260820_190636_27_002,ㅠ,S004/27_ㅠ/S004_20260820_190636_27_002.mp4,122,30.0,12,12,1.0,ok,
S004_20260820_190636_27_003,ㅠ,S004/27_ㅠ/S004_20260820_190636_27_003.mp4,121,30.0,12,10,0.8333,ok,
S004_20260820_190636_27_004,ㅠ,S004/27_ㅠ/S004_20260820_190636_27_004.mp4,122,30.0,12,10,0.8333,ok,
S004_20260820_190636_27_005,ㅠ,S004/27_ㅠ/S004_20260820_190636_27_005.mp4,121,30.0,12,8,0.6667,review,detection_rate_below_0.8
S004_20260820_190636_27_006,ㅠ,S004/27_ㅠ/S004_20260820_190636_27_006.mp4,121,30.0,12,10,0.8333,ok,
S004_20260820_190636_27_007,ㅠ,S004/27_ㅠ/S004_20260820_190636_27_007.mp4,122,30.0,12,11,0.9167,ok,
S004_20260820_190636_27_008,ㅠ,S004/27_ㅠ/S004_20260820_190636_27_008.mp4,121,30.0,12,11,0.9167,ok,
S004_20260820_190636_27_009,ㅠ,S004/27_ㅠ/S004_20260820_190636_27_009.mp4,121,30.0,12,12,1.0,ok,
S004_20260820_190636_27_010,ㅠ,S004/27_ㅠ/S004_20260820_190636_27_010.mp4,121,30.0,12,12,1.0,ok,
S004_20260820_190636_28_001,ㅡ,S004/28_ㅡ/S004_20260820_190636_28_001.mp4,122,30.0,12,12,1.0,ok,
S004_20260820_190636_28_002,ㅡ,S004/28_ㅡ/S004_20260820_190636_28_002.mp4,121,30.0,12,12,1.0,ok,
S004_20260820_190636_28_003,ㅡ,S004/28_ㅡ/S004_20260820_190636_28_003.mp4,121,30.0,12,12,1.0,ok,
S004_20260820_190636_28_004,ㅡ,S004/28_ㅡ/S004_20260820_190636_28_004.mp4,121,30.0,12,12,1.0,ok,
S004_20260820_190636_28_005,ㅡ,S004/28_ㅡ/S004_20260820_190636_28_005.mp4,122,30.0,12,12,1.0,ok,
S004_20260820_190636_28_006,ㅡ,S004/28_ㅡ/S004_20260820_190636_28_006.mp4,121,30.0,12,12,1.0,ok,
S004_20260820_190636_28_007,ㅡ,S004/28_ㅡ/S004_20260820_190636_28_007.mp4,122,30.0,12,12,1.0,ok,
S004_20260820_190636_28_008,ㅡ,S004/28_ㅡ/S004_20260820_190636_28_008.mp4,121,30.0,12,12,1.0,ok,
S004_20260820_190636_28_009,ㅡ,S004/28_ㅡ/S004_20260820_190636_28_009.mp4,122,30.0,12,12,1.0,ok,
S004_20260820_190636_28_010,ㅡ,S004/28_ㅡ/S004_20260820_190636_28_010.mp4,121,30.0,12,12,1.0,ok,
S004_20260820_190636_29_001,ㅣ,S004/29_ㅣ/S004_20260820_190636_29_001.mp4,122,30.0,12,12,1.0,ok,
S004_20260820_190636_29_002,ㅣ,S004/29_ㅣ/S004_20260820_190636_29_002.mp4,121,30.0,12,12,1.0,ok,
S004_20260820_190636_29_003,ㅣ,S004/29_ㅣ/S004_20260820_190636_29_003.mp4,121,30.0,12,12,1.0,ok,
S004_20260820_190636_29_004,ㅣ,S004/29_ㅣ/S004_20260820_190636_29_004.mp4,121,30.0,12,12,1.0,ok,
S004_20260820_190636_29_005,ㅣ,S004/29_ㅣ/S004_20260820_190636_29_005.mp4,122,30.0,12,12,1.0,ok,
S004_20260820_190636_29_006,ㅣ,S004/29_ㅣ/S004_20260820_190636_29_006.mp4,121,30.0,12,12,1.0,ok,
S004_20260820_190636_29_007,ㅣ,S004/29_ㅣ/S004_20260820_190636_29_007.mp4,122,30.0,12,12,1.0,ok,
S004_20260820_190636_29_008,ㅣ,S004/29_ㅣ/S004_20260820_190636_29_008.mp4,121,30.0,12,12,1.0,ok,
S004_20260820_190636_29_009,ㅣ,S004/29_ㅣ/S004_20260820_190636_29_009.mp4,122,30.0,12,12,1.0,ok,
S004_20260820_190636_29_010,ㅣ,S004/29_ㅣ/S004_20260820_190636_29_010.mp4,121,30.0,12,12,1.0,ok,
S004_20260820_190636_30_001,ㅐ,S004/30_ㅐ/S004_20260820_190636_30_001.mp4,121,30.0,12,12,1.0,ok,
S004_20260820_190636_30_002,ㅐ,S004/30_ㅐ/S004_20260820_190636_30_002.mp4,121,30.0,12,12,1.0,ok,
S004_20260820_190636_30_003,ㅐ,S004/30_ㅐ/S004_20260820_190636_30_003.mp4,122,30.0,12,12,1.0,ok,
S004_20260820_190636_30_004,ㅐ,S004/30_ㅐ/S004_20260820_190636_30_004.mp4,121,30.0,12,12,1.0,ok,
S004_20260820_190636_30_005,ㅐ,S004/30_ㅐ/S004_20260820_190636_30_005.mp4,122,30.0,12,12,1.0,ok,
S004_20260820_190636_30_006,ㅐ,S004/30_ㅐ/S004_20260820_190636_30_006.mp4,120,30.0,12,12,1.0,ok,
S004_20260820_190636_30_007,ㅐ,S004/30_ㅐ/S004_20260820_190636_30_007.mp4,121,30.0,12,12,1.0,ok,
S004_20260820_190636_30_008,ㅐ,S004/30_ㅐ/S004_20260820_190636_30_008.mp4,121,30.0,12,12,1.0,ok,
S004_20260820_190636_30_009,ㅐ,S004/30_ㅐ/S004_20260820_190636_30_009.mp4,121,30.0,12,12,1.0,ok,
S004_20260820_190636_30_010,ㅐ,S004/30_ㅐ/S004_20260820_190636_30_010.mp4,121,30.0,12,12,1.0,ok,
S004_20260820_190636_31_001,ㅒ,S004/31_ㅒ/S004_20260820_190636_31_001.mp4,121,30.0,12,12,1.0,ok,
S004_20260820_190636_31_002,ㅒ,S004/31_ㅒ/S004_20260820_190636_31_002.mp4,122,30.0,12,12,1.0,ok,
S004_20260820_190636_31_003,ㅒ,S004/31_ㅒ/S004_20260820_190636_31_003.mp4,121,30.0,12,12,1.0,ok,
S004_20260820_190636_31_004,ㅒ,S004/31_ㅒ/S004_20260820_190636_31_004.mp4,121,30.0,12,12,1.0,ok,
S004_20260820_190636_31_005,ㅒ,S004/31_ㅒ/S004_20260820_190636_31_005.mp4,122,30.0,12,12,1.0,ok,
S004_20260820_190636_31_006,ㅒ,S004/31_ㅒ/S004_20260820_190636_31_006.mp4,121,30.0,12,12,1.0,ok,
S004_20260820_190636_31_007,ㅒ,S004/31_ㅒ/S004_20260820_190636_31_007.mp4,122,30.0,12,12,1.0,ok,
S004_20260820_190636_31_008,ㅒ,S004/31_ㅒ/S004_20260820_190636_31_008.mp4,121,30.0,12,12,1.0,ok,
S004_20260820_190636_31_009,ㅒ,S004/31_ㅒ/S004_20260820_190636_31_009.mp4,122,30.0,12,12,1.0,ok,
S004_20260820_190636_31_010,ㅒ,S004/31_ㅒ/S004_20260820_190636_31_010.mp4,122,30.0,12,12,1.0,ok,
S004_20260820_190636_32_001,ㅔ,S004/32_ㅔ/S004_20260820_190636_32_001.mp4,121,30.0,12,10,0.8333,ok,
S004_20260820_190636_32_002,ㅔ,S004/32_ㅔ/S004_20260820_190636_32_002.mp4,121,30.0,12,12,1.0,ok,
S004_20260820_190636_32_003,ㅔ,S004/32_ㅔ/S004_20260820_190636_32_003.mp4,121,30.0,12,12,1.0,ok,
S004_20260820_190636_32_004,ㅔ,S004/32_ㅔ/S004_20260820_190636_32_004.mp4,121,30.0,12,12,1.0,ok,
S004_20260820_190636_32_005,ㅔ,S004/32_ㅔ/S004_20260820_190636_32_005.mp4,122,30.0,12,12,1.0,ok,
S004_20260820_190636_32_006,ㅔ,S004/32_ㅔ/S004_20260820_190636_32_006.mp4,122,30.0,12,12,1.0,ok,
S004_20260820_190636_32_007,ㅔ,S004/32_ㅔ/S004_20260820_190636_32_007.mp4,121,30.0,12,12,1.0,ok,
S004_20260820_190636_32_008,ㅔ,S004/32_ㅔ/S004_20260820_190636_32_008.mp4,121,30.0,12,12,1.0,ok,
S004_20260820_190636_32_009,ㅔ,S004/32_ㅔ/S004_20260820_190636_32_009.mp4,121,30.0,12,12,1.0,ok,
S004_20260820_190636_32_010,ㅔ,S004/32_ㅔ/S004_20260820_190636_32_010.mp4,121,30.0,12,12,1.0,ok,
S004_20260820_190636_33_001,ㅖ,S004/33_ㅖ/S004_20260820_190636_33_001.mp4,121,30.0,12,12,1.0,ok,
S004_20260820_190636_33_002,ㅖ,S004/33_ㅖ/S004_20260820_190636_33_002.mp4,121,30.0,12,12,1.0,ok,
S004_20260820_190636_33_003,ㅖ,S004/33_ㅖ/S004_20260820_190636_33_003.mp4,121,30.0,12,12,1.0,ok,
S004_20260820_190636_33_004,ㅖ,S004/33_ㅖ/S004_20260820_190636_33_004.mp4,121,30.0,12,12,1.0,ok,
S004_20260820_190636_33_005,ㅖ,S004/33_ㅖ/S004_20260820_190636_33_005.mp4,122,30.0,12,12,1.0,ok,
S004_20260820_190636_33_006,ㅖ,S004/33_ㅖ/S004_20260820_190636_33_006.mp4,121,30.0,12,12,1.0,ok,
S004_20260820_190636_33_007,ㅖ,S004/33_ㅖ/S004_20260820_190636_33_007.mp4,121,30.0,12,12,1.0,ok,
S004_20260820_190636_33_008,ㅖ,S004/33_ㅖ/S004_20260820_190636_33_008.mp4,121,30.0,12,12,1.0,ok,
S004_20260820_190636_33_009,ㅖ,S004/33_ㅖ/S004_20260820_190636_33_009.mp4,121,30.0,12,12,1.0,ok,
S004_20260820_190636_33_010,ㅖ,S004/33_ㅖ/S004_20260820_190636_33_010.mp4,122,30.0,12,12,1.0,ok,
S004_20260820_190636_34_001,ㅢ,S004/34_ㅢ/S004_20260820_190636_34_001.mp4,122,30.0,12,12,1.0,ok,
S004_20260820_190636_34_002,ㅢ,S004/34_ㅢ/S004_20260820_190636_34_002.mp4,121,30.0,12,12,1.0,ok,
S004_20260820_190636_34_003,ㅢ,S004/34_ㅢ/S004_20260820_190636_34_003.mp4,121,30.0,12,12,1.0,ok,
S004_20260820_190636_34_004,ㅢ,S004/34_ㅢ/S004_20260820_190636_34_004.mp4,121,30.0,12,12,1.0,ok,
S004_20260820_190636_34_005,ㅢ,S004/34_ㅢ/S004_20260820_190636_34_005.mp4,121,30.0,12,12,1.0,ok,
S004_20260820_190636_34_006,ㅢ,S004/34_ㅢ/S004_20260820_190636_34_006.mp4,121,30.0,12,12,1.0,ok,
S004_20260820_190636_34_007,ㅢ,S004/34_ㅢ/S004_20260820_190636_34_007.mp4,122,30.0,12,12,1.0,ok,
S004_20260820_190636_34_008,ㅢ,S004/34_ㅢ/S004_20260820_190636_34_008.mp4,121,30.0,12,12,1.0,ok,
S004_20260820_190636_34_009,ㅢ,S004/34_ㅢ/S004_20260820_190636_34_009.mp4,122,30.0,12,12,1.0,ok,
S004_20260820_190636_34_010,ㅢ,S004/34_ㅢ/S004_20260820_190636_34_010.mp4,121,30.0,12,12,1.0,ok,
S004_20260820_190636_35_001,ㅚ,S004/35_ㅚ/S004_20260820_190636_35_001.mp4,122,30.0,12,12,1.0,ok,
S004_20260820_190636_35_002,ㅚ,S004/35_ㅚ/S004_20260820_190636_35_002.mp4,121,30.0,12,12,1.0,ok,
S004_20260820_190636_35_003,ㅚ,S004/35_ㅚ/S004_20260820_190636_35_003.mp4,121,30.0,12,12,1.0,ok,
S004_20260820_190636_35_004,ㅚ,S004/35_ㅚ/S004_20260820_190636_35_004.mp4,122,30.0,12,12,1.0,ok,
S004_20260820_190636_35_005,ㅚ,S004/35_ㅚ/S004_20260820_190636_35_005.mp4,120,30.0,12,12,1.0,ok,
S004_20260820_190636_35_006,ㅚ,S004/35_ㅚ/S004_20260820_190636_35_006.mp4,121,30.0,12,12,1.0,ok,
S004_20260820_190636_35_007,ㅚ,S004/35_ㅚ/S004_20260820_190636_35_007.mp4,121,30.0,12,12,1.0,ok,
S004_20260820_190636_35_008,ㅚ,S004/35_ㅚ/S004_20260820_190636_35_008.mp4,122,30.0,12,12,1.0,ok,
S004_20260820_190636_35_009,ㅚ,S004/35_ㅚ/S004_20260820_190636_35_009.mp4,121,30.0,12,12,1.0,ok,
S004_20260820_190636_35_010,ㅚ,S004/35_ㅚ/S004_20260820_190636_35_010.mp4,121,30.0,12,12,1.0,ok,
S004_20260820_190636_36_001,ㅟ,S004/36_ㅟ/S004_20260820_190636_36_001.mp4,121,30.0,12,9,0.75,review,detection_rate_below_0.8
S004_20260820_190636_36_002,ㅟ,S004/36_ㅟ/S004_20260820_190636_36_002.mp4,121,30.0,12,11,0.9167,ok,
S004_20260820_190636_36_003,ㅟ,S004/36_ㅟ/S004_20260820_190636_36_003.mp4,121,30.0,12,12,1.0,ok,
S004_20260820_190636_36_004,ㅟ,S004/36_ㅟ/S004_20260820_190636_36_004.mp4,121,30.0,12,10,0.8333,ok,
S004_20260820_190636_36_005,ㅟ,S004/36_ㅟ/S004_20260820_190636_36_005.mp4,121,30.0,12,9,0.75,review,detection_rate_below_0.8
S004_20260820_190636_36_006,ㅟ,S004/36_ㅟ/S004_20260820_190636_36_006.mp4,121,30.0,12,11,0.9167,ok,
S004_20260820_190636_36_007,ㅟ,S004/36_ㅟ/S004_20260820_190636_36_007.mp4,121,30.0,12,12,1.0,ok,
S004_20260820_190636_36_008,ㅟ,S004/36_ㅟ/S004_20260820_190636_36_008.mp4,121,30.0,12,10,0.8333,ok,
S004_20260820_190636_36_009,ㅟ,S004/36_ㅟ/S004_20260820_190636_36_009.mp4,121,30.0,12,10,0.8333,ok,
S004_20260820_190636_36_010,ㅟ,S004/36_ㅟ/S004_20260820_190636_36_010.mp4,121,30.0,12,11,0.9167,ok,
